id,capability,category,first_seen,last_seen,domain,stated_status_in_source,backlog_row,prompt_ids
INV1-0001,"P195 — merging the byte-identical owner groups, and the two traps in doing it (2026-08-27)",identity,docs/architecture/entity-identity-and-dedup.md:79 (2026-08-27),docs/architecture/entity-identity-and-dedup.md:79 (2026-08-27),lcc,stated: unspecified (finding/round note),,P195
INV1-0002,"N15c — `entities.canonical_name` has ONE writer, and the census was wrong twice (2026-08-27)",identity,docs/architecture/entity-identity-and-dedup.md:143 (2026-08-27),docs/architecture/entity-identity-and-dedup.md:143 (2026-08-27),lcc,stated: unspecified (finding/round note),,N15c
INV1-0003,"N15d + N15e — the producer proof, and the 537 recomputed (2026-08-27)",ingestion,docs/architecture/entity-identity-and-dedup.md:253 (2026-08-27),docs/architecture/entity-identity-and-dedup.md:253 (2026-08-27),lcc,stated: unspecified (finding/round note),,N15d;N15e
INV1-0004,PR5c-entities-b-dupes — `domain` was scoping the IDENTITY key (2026-09-02),identity,docs/architecture/entity-identity-and-dedup.md:315 (2026-09-02),docs/architecture/entity-identity-and-dedup.md:315 (2026-09-02),lcc,stated: unspecified (finding/round note),,
INV1-0005,"PR5c-entities-c — the fix landed on ONE of two tiers, and the sibling must NOT be ""fixed"" (2026-09-03)",identity,docs/architecture/entity-identity-and-dedup.md:376 (2026-09-03),docs/architecture/entity-identity-and-dedup.md:376 (2026-09-03),lcc,stated: unspecified (finding/round note),,
INV1-0006,"PR5c-entities-c-review + -oldest — the plan, and the reversal path that reported success (2026-09-03)",identity,docs/architecture/entity-identity-and-dedup.md:437 (2026-09-03),docs/architecture/entity-identity-and-dedup.md:437 (2026-09-03),lcc,stated: unspecified (finding/round note),,
INV1-0007,"Research Workbench (UX-T1b, 2026-09-08)",surfaces,docs/architecture/research-workbench.md:1 (2026-09-08),docs/architecture/research-workbench.md:1 (2026-09-08),lcc,stated: unspecified (finding/round note),,UX-T1b
INV1-0008,AI next-step engine — Phase 1 BUILT (delta on ai-next-step-engine-scope.md),docs & process,docs/architecture/ai-next-step-engine-PHASE1-BUILT.md:1,docs/architecture/ai-next-step-engine-PHASE1-BUILT.md:1,lcc,stated: shipped/live,,
INV1-0009,What Phase 1 delivers,docs & process,docs/architecture/ai-next-step-engine-PHASE1-BUILT.md:7,docs/architecture/ai-next-step-engine-PHASE1-BUILT.md:7,lcc,stated: shipped/live,,
INV1-0010,Provider seam (Phase 1.5 — enables the local model with no code change),docs & process,docs/architecture/ai-next-step-engine-PHASE1-BUILT.md:60,docs/architecture/ai-next-step-engine-PHASE1-BUILT.md:60,lcc,stated: unspecified (finding/round note),,
INV1-0011,Phase 1 — Foundation (shipped 2026-04-25),docs & process,docs/architecture/data_quality_self_learning_loop.md:38 (2026-04-25),docs/architecture/data_quality_self_learning_loop.md:38 (2026-04-25),lcc,stated: shipped/live,,
INV1-0012,Phase 2 — Wire write paths to record (in progress),docs & process,docs/architecture/data_quality_self_learning_loop.md:66,docs/architecture/data_quality_self_learning_loop.md:66,lcc,stated: partial/in progress,,
INV1-0013,Phase 2.1 — OM intake promoter ✅ SHIPPED 2026-04-25,ingestion,docs/architecture/data_quality_self_learning_loop.md:70 (2026-04-25),docs/architecture/data_quality_self_learning_loop.md:70 (2026-04-25),lcc,stated: shipped/live,,
INV1-0014,Phase 2.2 — CoStar sidebar pipeline (in progress),ingestion,docs/architecture/data_quality_self_learning_loop.md:81,docs/architecture/data_quality_self_learning_loop.md:81,lcc,stated: partial/in progress,,
INV1-0015,Phase 2.3 — CMS chain-org sync ⏳ NOT STARTED,ingestion,docs/architecture/data_quality_self_learning_loop.md:106,docs/architecture/data_quality_self_learning_loop.md:106,dia,stated: not started/planned,,
INV1-0016,Phase 2.4 — County records sync ⏳ NOT STARTED,ingestion,docs/architecture/data_quality_self_learning_loop.md:110,docs/architecture/data_quality_self_learning_loop.md:110,lcc,stated: not started/planned,,
INV1-0017,Phase 2.5 — Manual edits ⏳ NOT STARTED,docs & process,docs/architecture/data_quality_self_learning_loop.md:114,docs/architecture/data_quality_self_learning_loop.md:114,lcc,stated: not started/planned,,
INV1-0018,Phase 2.6 — Salesforce two-way sync ⏳ NOT STARTED,ingestion,docs/architecture/data_quality_self_learning_loop.md:118,docs/architecture/data_quality_self_learning_loop.md:118,lcc,stated: not started/planned,,
INV1-0019,Phase 3 — Flip enforcement (after Phase 2 + tuning),docs & process,docs/architecture/data_quality_self_learning_loop.md:124,docs/architecture/data_quality_self_learning_loop.md:124,lcc,stated: unspecified (finding/round note),,
INV1-0020,Phase 4 — Self-learning loop,docs & process,docs/architecture/data_quality_self_learning_loop.md:133,docs/architecture/data_quality_self_learning_loop.md:133,lcc,stated: unspecified (finding/round note),,
INV1-0021,A1. Station count (you saw 171 vs 29 → truth is 13),BOV / OM / dossier,docs/architecture/dossier-v2-audit-and-triage.md:30,docs/architecture/dossier-v2-audit-and-triage.md:30,lcc,stated: unspecified (finding/round note),,
INV1-0022,"A2. Patient count (2,475 vs 33 → truth is 33)",BOV / OM / dossier,docs/architecture/dossier-v2-audit-and-triage.md:37,docs/architecture/dossier-v2-audit-and-triage.md:37,lcc,stated: unspecified (finding/round note),,
INV1-0023,A3. Treatments / revenue / EBITDA (property revenue = $104.6M is impossible),BOV / OM / dossier,docs/architecture/dossier-v2-audit-and-triage.md:43,docs/architecture/dossier-v2-audit-and-triage.md:43,lcc,stated: unspecified (finding/round note),,
INV1-0024,"A4. Relocation / certification history (certified 2003, moved here 2017/2018)",BOV / OM / dossier,docs/architecture/dossier-v2-audit-and-triage.md:53,docs/architecture/dossier-v2-audit-and-triage.md:53,lcc,stated: unspecified (finding/round note),,
INV1-0025,B1. Rent/SF not calculating (you have rent + building size),BOV / OM / dossier,docs/architecture/dossier-v2-audit-and-triage.md:66,docs/architecture/dossier-v2-audit-and-triage.md:66,lcc,stated: unspecified (finding/round note),,B1
INV1-0026,B2. Current (escalated) rent not calculating from the schedule,BOV / OM / dossier,docs/architecture/dossier-v2-audit-and-triage.md:72,docs/architecture/dossier-v2-audit-and-triage.md:72,lcc,stated: unspecified (finding/round note),,B2
INV1-0027,B3. Guarantor + tenant as distinct rows; guaranty limited to Initial Term,BOV / OM / dossier,docs/architecture/dossier-v2-audit-and-triage.md:82,docs/architecture/dossier-v2-audit-and-triage.md:82,lcc,stated: unspecified (finding/round note),B3,B3
INV1-0028,B4. Term remaining,BOV / OM / dossier,docs/architecture/dossier-v2-audit-and-triage.md:92,docs/architecture/dossier-v2-audit-and-triage.md:92,lcc,stated: unspecified (finding/round note),,B4
INV1-0029,"C1. Full sale history (we show 1; there are 3, reconciled to 1 live)",BOV / OM / dossier,docs/architecture/dossier-v2-audit-and-triage.md:100,docs/architecture/dossier-v2-audit-and-triage.md:100,lcc,stated: shipped/live,,
INV1-0030,C2. Currently on market — nothing shown,BOV / OM / dossier,docs/architecture/dossier-v2-audit-and-triage.md:109,docs/architecture/dossier-v2-audit-and-triage.md:109,lcc,stated: unspecified (finding/round note),,
INV1-0031,C3. Prior listings (asking-price history + brokers each time),BOV / OM / dossier,docs/architecture/dossier-v2-audit-and-triage.md:117,docs/architecture/dossier-v2-audit-and-triage.md:117,lcc,stated: unspecified (finding/round note),,
INV1-0032,C4. Historical transaction ordering,BOV / OM / dossier,docs/architecture/dossier-v2-audit-and-triage.md:124,docs/architecture/dossier-v2-audit-and-triage.md:124,lcc,stated: unspecified (finding/round note),,
INV1-0033,C5. LCC value estimate — needs a basis + $/SF,BOV / OM / dossier,docs/architecture/dossier-v2-audit-and-triage.md:128,docs/architecture/dossier-v2-audit-and-triage.md:128,lcc,stated: unspecified (finding/round note),,
INV1-0034,"BREAK-3 — owner resolution coverage (severity: MEDIUM, **35.9% → 49.2%**, Prompt 113)",ownership,docs/architecture/connectivity-and-open-threads.md:570,docs/architecture/connectivity-and-open-threads.md:570,lcc,stated: unspecified (finding/round note),,
INV1-0035,"4d. BREAK-2 follow-on — A2 enrolment + the sweeps nobody scheduled (2026-08-15, SHIPPED)",docs & process,docs/architecture/connectivity-and-open-threads.md:700 (2026-08-15),docs/architecture/connectivity-and-open-threads.md:700 (2026-08-15),lcc,stated: shipped/live,,
INV1-0036,"Classified + dry-run 2026-08-16 → **prompt 116**, and the design changed",docs & process,docs/architecture/connectivity-and-open-threads.md:751 (2026-08-16),docs/architecture/connectivity-and-open-threads.md:751 (2026-08-16),lcc,stated: unspecified (finding/round note),,
INV1-0037,4e. Chain re-measured 2026-08-28 (C2) — the gate is ASSET IDENTITY,identity,docs/architecture/connectivity-and-open-threads.md:832 (2026-08-28),docs/architecture/connectivity-and-open-threads.md:832 (2026-08-28),lcc,stated: unspecified (finding/round note),,
INV1-0038,"4e-i. C2a measured the floor curve (2026-08-28) — the rate holds, the OWNERS do not",ownership,docs/architecture/connectivity-and-open-threads.md:862 (2026-08-28),docs/architecture/connectivity-and-open-threads.md:862 (2026-08-28),lcc,stated: unspecified (finding/round note),,
INV1-0039,"4f. C2a — the rent-floor curve, and Scott's decision (2026-08-28)",docs & process,docs/architecture/connectivity-and-open-threads.md:907 (2026-08-28),docs/architecture/connectivity-and-open-threads.md:907 (2026-08-28),lcc,stated: unspecified (finding/round note),,
INV1-0040,"4i. C2e — tranche one MINTED; the noise cost measured, and mostly not real (2026-08-28)",docs & process,docs/architecture/connectivity-and-open-threads.md:1028 (2026-08-28),docs/architecture/connectivity-and-open-threads.md:1028 (2026-08-28),lcc,stated: unspecified (finding/round note),,
INV1-0041,4k. C2e-T2a — tranche two step one MINTED; the prediction missed by 2 and the 2 were the finding (2026-08-28),docs & process,docs/architecture/connectivity-and-open-threads.md:1120 (2026-08-28),docs/architecture/connectivity-and-open-threads.md:1120 (2026-08-28),lcc,stated: unspecified (finding/round note),,
INV1-0042,"4j. ⚠️ THE UNCONNECTED-SOURCE CLASS — gov never consumed its own sales table (B4→B5→B6, 2026-08-28)",docs & process,docs/architecture/connectivity-and-open-threads.md:1209 (2026-08-28),docs/architecture/connectivity-and-open-threads.md:1209 (2026-08-28),gov,stated: flagged issue/footgun,,B4;B5;B6
INV1-0043,4i.5 — C2e cross-window state notes (verified 2026-08-28),docs & process,docs/architecture/connectivity-and-open-threads.md:1260 (2026-08-28),docs/architecture/connectivity-and-open-threads.md:1260 (2026-08-28),lcc,stated: unspecified (finding/round note),,
INV1-0044,"Still not measured (C2e §8) — ⚠️ re-read against §4k, which closed part of this list",docs & process,docs/architecture/connectivity-and-open-threads.md:1327,docs/architecture/connectivity-and-open-threads.md:1327,lcc,stated: refuted/retired,,
INV1-0045,§4j — B6: the owner/lessee change-signal matrix (2026-08-28),ownership,docs/architecture/connectivity-and-open-threads.md:1337 (2026-08-28),docs/architecture/connectivity-and-open-threads.md:1337 (2026-08-28),lcc,stated: unspecified (finding/round note),,B6
INV1-0046,"4j. B6b — the GSA landlord-change layer, restarted (2026-08-28)",docs & process,docs/architecture/connectivity-and-open-threads.md:1410 (2026-08-28),docs/architecture/connectivity-and-open-threads.md:1410 (2026-08-28),gov,stated: unspecified (finding/round note),,B6b
INV1-0047,4k. C2e-T2a — tranche two step one MINTED. gov asset coverage 39.2% → 57.8%.,docs & process,docs/architecture/connectivity-and-open-threads.md:1482,docs/architecture/connectivity-and-open-threads.md:1482,gov,stated: unspecified (finding/round note),,
INV1-0048,"4l. C2b — the Salesforce bridge SELF-HEALED, and the residue is not an owner problem",ownership,docs/architecture/connectivity-and-open-threads.md:1548,docs/architecture/connectivity-and-open-threads.md:1548,lcc,stated: unspecified (finding/round note),,
INV1-0049,4m. C2g — why 489 anchored owner-orgs are unresolved. Both leading hypotheses were WRONG.,ownership,docs/architecture/connectivity-and-open-threads.md:1585,docs/architecture/connectivity-and-open-threads.md:1585,lcc,stated: unspecified (finding/round note),,
INV1-0050,"4n. C2h — the ""silent feeder"" resolved every one of them. It is the sponsor↔SPE gap.",ingestion,docs/architecture/connectivity-and-open-threads.md:1655,docs/architecture/connectivity-and-open-threads.md:1655,lcc,stated: unspecified (finding/round note),,
INV1-0051,"§4l — B6c: `property_sale_events` — the table has a future, the two link columns do not (2026-08-28)",docs & process,docs/architecture/connectivity-and-open-threads.md:1697 (2026-08-28),docs/architecture/connectivity-and-open-threads.md:1697 (2026-08-28),lcc,stated: unspecified (finding/round note),,B6c
INV1-0052,4o. C4 — the ranking layer: the whole BD queue is gated on one unset column,BD engine,docs/architecture/connectivity-and-open-threads.md:1799,docs/architecture/connectivity-and-open-threads.md:1799,lcc,stated: unspecified (finding/round note),,
INV1-0053,"4p. C5 — the callable list, and the `buyer` exclusion is the larger half",docs & process,docs/architecture/connectivity-and-open-threads.md:1932,docs/architecture/connectivity-and-open-threads.md:1932,lcc,stated: unspecified (finding/round note),,
INV1-0054,"⚠️ C4e answered — the `buyer` exclusion is a category error, not a bad label",docs & process,docs/architecture/connectivity-and-open-threads.md:1945,docs/architecture/connectivity-and-open-threads.md:1945,lcc,stated: flagged issue/footgun,,
INV1-0055,"⚠️ C5b answered — and it corrects the ""narrower"" framing above",BOV / OM / dossier,docs/architecture/connectivity-and-open-threads.md:1987,docs/architecture/connectivity-and-open-threads.md:1987,lcc,stated: flagged issue/footgun,,
INV1-0056,"4r. C6 — the band now fires on a CURRENT HOLDING, gated on reachability (SHIPPED 2026-08-29)",BD engine,docs/architecture/connectivity-and-open-threads.md:2018 (2026-08-29),docs/architecture/connectivity-and-open-threads.md:2018 (2026-08-29),lcc,stated: shipped/live,,
INV1-0057,§4p — B6c-dup: the two sale stores disagreed about which is canonical (2026-08-29),identity,docs/architecture/connectivity-and-open-threads.md:2087 (2026-08-29),docs/architecture/connectivity-and-open-threads.md:2087 (2026-08-29),lcc,stated: unspecified (finding/round note),,B6c-dup
INV1-0058,4q. B6b-lead — the lead lane that looked alive because another producer wore its name (2026-08-29),ingestion,docs/architecture/connectivity-and-open-threads.md:2157 (2026-08-29),docs/architecture/connectivity-and-open-threads.md:2157 (2026-08-29),lcc,stated: shipped/live,,B6b-lead
INV1-0059,Actor Attribution (B2 Phase 1) — foundation done + code change spec,docs & process,docs/architecture/actor-attribution-phase1.md:1,docs/architecture/actor-attribution-phase1.md:1,lcc,stated: unspecified (finding/round note),,B2
INV1-0060,Part 1 — The deal DATA PACKET (`buildDealPacket`),surfaces,docs/architecture/deal-surface-packet-and-layout.md:11,docs/architecture/deal-surface-packet-and-layout.md:11,lcc,stated: unspecified (finding/round note),,
INV1-0061,Part 2 — The deal-surface app layout,surfaces,docs/architecture/deal-surface-packet-and-layout.md:90,docs/architecture/deal-surface-packet-and-layout.md:90,lcc,stated: unspecified (finding/round note),,
INV1-0062,Rent Intelligence Engine — Phase 5 Report: The Self-Improving Loop,docs & process,docs/architecture/rent-intelligence-engine-phase5-report.md:1,docs/architecture/rent-intelligence-engine-phase5-report.md:1,lcc,stated: unspecified (finding/round note),,
INV1-0063,"5a. Sale-cap derivation (SHIPPED, applied live — batch `phase5a_20260808`)",docs & process,docs/architecture/rent-intelligence-engine-phase5-report.md:77,docs/architecture/rent-intelligence-engine-phase5-report.md:77,lcc,stated: shipped/live,,
INV1-0064,"5f. Inverse evidence (cap → rent) — SHIPPED, applied live — batch `phase5f_20260808`",docs & process,docs/architecture/rent-intelligence-engine-phase5-report.md:113,docs/architecture/rent-intelligence-engine-phase5-report.md:113,lcc,stated: shipped/live,,
INV1-0065,"5b. Listing validation + capless fills — SHIPPED, applied live — batch `phase5b_20260808`",docs & process,docs/architecture/rent-intelligence-engine-phase5-report.md:160,docs/architecture/rent-intelligence-engine-phase5-report.md:160,lcc,stated: shipped/live,,
INV1-0066,"5h. Convention auto-refit — SHIPPED, applied live — batch `phase5h_20260808`",docs & process,docs/architecture/rent-intelligence-engine-phase5-report.md:255,docs/architecture/rent-intelligence-engine-phase5-report.md:255,lcc,stated: shipped/live,,
INV1-0067,"4.2e PROMPT 115 — the bd_worklist view rewrite, and what priority-queue actually is (2026-08-16)",BD engine,docs/architecture/panel-redesign-verification.md:440 (2026-08-16),docs/architecture/panel-redesign-verification.md:440 (2026-08-16),lcc,stated: unspecified (finding/round note),,
INV1-0068,4.2f BROWSER VERIFICATION of Prompt 115 — the DB win DID translate (2026-08-15),surfaces,docs/architecture/panel-redesign-verification.md:539 (2026-08-15),docs/architecture/panel-redesign-verification.md:539 (2026-08-15),lcc,stated: unspecified (finding/round note),,
INV1-0069,"4.2l P117 — the ""0 Properties"" defect from §4.2j, root-caused and closed",surfaces,docs/architecture/panel-redesign-verification.md:764,docs/architecture/panel-redesign-verification.md:764,lcc,stated: refuted/retired,,P117
INV1-0070,"4.2o P118 — the decision backlog, and a number I nearly reported wrong",surfaces,docs/architecture/panel-redesign-verification.md:904,docs/architecture/panel-redesign-verification.md:904,lcc,stated: unspecified (finding/round note),,P118
INV1-0071,"4.2p P119 — the junk lane, and two hypotheses I had to abandon",surfaces,docs/architecture/panel-redesign-verification.md:955,docs/architecture/panel-redesign-verification.md:955,lcc,stated: unspecified (finding/round note),,P119
INV1-0072,"4.2q P120 + P117a — the value rank, and the bug it immediately exposed in my own work",surfaces,docs/architecture/panel-redesign-verification.md:1011,docs/architecture/panel-redesign-verification.md:1011,lcc,stated: unspecified (finding/round note),,P117a;P120
INV1-0073,"4.2r P121 — one canonical decision value, and the ordering footgun behind it",identity,docs/architecture/panel-redesign-verification.md:1072,docs/architecture/panel-redesign-verification.md:1072,lcc,stated: unspecified (finding/round note),,P121
INV1-0074,"4.2s P122 — two decisions NOT to build, and one invisible gap made visible",surfaces,docs/architecture/panel-redesign-verification.md:1121,docs/architecture/panel-redesign-verification.md:1121,lcc,stated: unspecified (finding/round note),,P122
INV1-0075,"7a. Phase 0 lessons (Geller MSA ranking, 2026-09-11)",docs & process,docs/architecture/BUYER-ENGAGEMENT-MODULE-SPEC-v0.1.md:201 (2026-09-11),docs/architecture/BUYER-ENGAGEMENT-MODULE-SPEC-v0.1.md:201 (2026-09-11),lcc,stated: unspecified (finding/round note),,
INV1-0076,9. Phase 0 outcome & build handoff (2026-09-11) — START HERE for the build,docs & process,docs/architecture/BUYER-ENGAGEMENT-MODULE-SPEC-v0.1.md:212 (2026-09-11),docs/architecture/BUYER-ENGAGEMENT-MODULE-SPEC-v0.1.md:212 (2026-09-11),lcc,stated: unspecified (finding/round note),,
INV1-0077,5. Phased bridge plan,flows / automation,docs/architecture/lcc-microsoft-copilot-outlook-audit-2026-05-22.md:123,docs/architecture/lcc-microsoft-copilot-outlook-audit-2026-05-22.md:123,lcc,stated: unspecified (finding/round note),,
INV1-0078,"⚠️ THE FLUSH USED TO RELABEL ANY UNBLESSED SOURCE, AND THE REGISTRY IS THE ALLOWLIST NOW (PR8, 2026-09-02)",docs & process,docs/architecture/field-provenance-ladder.md:261 (2026-09-02),docs/architecture/field-provenance-ladder.md:261 (2026-09-02),lcc,stated: flagged issue/footgun,,
INV1-0079,"⚠️ A RUNG WITH NO WRITES IS SEVEN DIFFERENT FACTS, AND ""UNREGISTERED"" IS NOT A LOW RUNG (PR5, 2026-09-02)",docs & process,docs/architecture/field-provenance-ladder.md:299 (2026-09-02),docs/architecture/field-provenance-ladder.md:299 (2026-09-02),lcc,stated: flagged issue/footgun,,
INV1-0080,"⚠️ A DERIVED COLUMN CAN REFUSE A VALUE THE TABLE IS SUPPOSED TO HOLD — AND THE WRITER FAILS OPEN (PR12, 2026-09-02)",docs & process,docs/architecture/field-provenance-ladder.md:359 (2026-09-02),docs/architecture/field-provenance-ladder.md:359 (2026-09-02),lcc,stated: flagged issue/footgun,,
INV1-0081,"⚠️ `target_database` IS A CLOSED VOCABULARY, AND FIVE CALLERS DID NOT KNOW (PR5c, 2026-09-02)",docs & process,docs/architecture/field-provenance-ladder.md:444 (2026-09-02),docs/architecture/field-provenance-ladder.md:444 (2026-09-02),lcc,stated: refuted/retired,,
INV1-0082,Rent Intelligence Engine — Phase 2 Report (Spine + Builder),docs & process,docs/architecture/rent-intelligence-engine-phase2-report.md:1,docs/architecture/rent-intelligence-engine-phase2-report.md:1,lcc,stated: unspecified (finding/round note),,
INV1-0083,NM attribution audit (added to Phase 2 scope) — **AUDIT FAILS; value-prop NOT published**,docs & process,docs/architecture/rent-intelligence-engine-phase2-report.md:88,docs/architecture/rent-intelligence-engine-phase2-report.md:88,lcc,stated: unspecified (finding/round note),,
INV1-0084,Phase 2 review resolution (2026-08-08) — all three gate items closed,docs & process,docs/architecture/rent-intelligence-engine-phase2-report.md:136 (2026-08-08),docs/architecture/rent-intelligence-engine-phase2-report.md:136 (2026-08-08),lcc,stated: refuted/retired,,
INV1-0085,A1. Detect + branch — `api/intake.js :: handleOutlookMessage`,ingestion,docs/architecture/sf_deal_closing_email_ingest_PLAN.md:99,docs/architecture/sf_deal_closing_email_ingest_PLAN.md:99,lcc,stated: unspecified (finding/round note),,
INV1-0086,"A2. Parser (pure, unit-tested) — new `api/_shared/sf-closing-email-parse.js`",ingestion,docs/architecture/sf_deal_closing_email_ingest_PLAN.md:109,docs/architecture/sf_deal_closing_email_ingest_PLAN.md:109,lcc,stated: unspecified (finding/round note),,
INV1-0087,A3. Handler — new `api/_handlers/sf-deal-closing.js`,ingestion,docs/architecture/sf_deal_closing_email_ingest_PLAN.md:118,docs/architecture/sf_deal_closing_email_ingest_PLAN.md:118,lcc,stated: unspecified (finding/round note),,
INV1-0088,A4. Record the sale — trigger the existing promote,ingestion,docs/architecture/sf_deal_closing_email_ingest_PLAN.md:154,docs/architecture/sf_deal_closing_email_ingest_PLAN.md:154,lcc,stated: unspecified (finding/round note),,
INV1-0089,A5. Link back,ingestion,docs/architecture/sf_deal_closing_email_ingest_PLAN.md:163,docs/architecture/sf_deal_closing_email_ingest_PLAN.md:163,lcc,stated: unspecified (finding/round note),,
INV1-0090,"A6. Optional enrichment (nice, not required for v1)",ingestion,docs/architecture/sf_deal_closing_email_ingest_PLAN.md:168,docs/architecture/sf_deal_closing_email_ingest_PLAN.md:168,lcc,stated: unspecified (finding/round note),,
INV1-0091,"A7. Tests (headless, deps-injected — codebase pattern)",ingestion,docs/architecture/sf_deal_closing_email_ingest_PLAN.md:174,docs/architecture/sf_deal_closing_email_ingest_PLAN.md:174,lcc,stated: unspecified (finding/round note),,
INV1-0092,8. The tenant-class matcher (P130) — and the wrong turn that produced it,ownership,docs/architecture/sf-note-records-ownership-bridge-2026-08.md:170,docs/architecture/sf-note-records-ownership-bridge-2026-08.md:170,lcc,stated: unspecified (finding/round note),,P130
INV1-0093,Remaining gap after P130,ownership,docs/architecture/sf-note-records-ownership-bridge-2026-08.md:206,docs/architecture/sf-note-records-ownership-bridge-2026-08.md:206,lcc,stated: unspecified (finding/round note),,P130
INV1-0094,9. P131 — the payoff: named leads for owners we could not reach,ownership,docs/architecture/sf-note-records-ownership-bridge-2026-08.md:216,docs/architecture/sf-note-records-ownership-bridge-2026-08.md:216,lcc,stated: unspecified (finding/round note),,P131
INV1-0095,10. P132 — 294 owners we can call today (review lane),ownership,docs/architecture/sf-note-records-ownership-bridge-2026-08.md:253,docs/architecture/sf-note-records-ownership-bridge-2026-08.md:253,lcc,stated: unspecified (finding/round note),,P132
INV1-0096,"12. P134 — two corrections to §11, both against my own work (2026-08-18)",ownership,docs/architecture/sf-note-records-ownership-bridge-2026-08.md:374 (2026-08-18),docs/architecture/sf-note-records-ownership-bridge-2026-08.md:374 (2026-08-18),lcc,stated: unspecified (finding/round note),,P134
INV1-0097,Recommended phased build,docs & process,docs/architecture/deal-address-resolution-design.md:58,docs/architecture/deal-address-resolution-design.md:58,lcc,stated: unspecified (finding/round note),,
INV1-0098,NBT Phase 2 — SF-Activity sync (the progress + response signal),ingestion,docs/architecture/NBT_PHASE2_sf_activity_sync.md:1,docs/architecture/NBT_PHASE2_sf_activity_sync.md:1,lcc,stated: unspecified (finding/round note),,
INV1-0099,A1. Add object `Task` (calls / emails / to-dos),ingestion,docs/architecture/NBT_PHASE2_sf_activity_sync.md:35,docs/architecture/NBT_PHASE2_sf_activity_sync.md:35,lcc,stated: unspecified (finding/round note),,
INV1-0100,A2. Add object `Event` (meetings),ingestion,docs/architecture/NBT_PHASE2_sf_activity_sync.md:53,docs/architecture/NBT_PHASE2_sf_activity_sync.md:53,lcc,stated: unspecified (finding/round note),,
INV1-0101,A3. Envelope,ingestion,docs/architecture/NBT_PHASE2_sf_activity_sync.md:65,docs/architecture/NBT_PHASE2_sf_activity_sync.md:65,lcc,stated: unspecified (finding/round note),,
INV1-0102,B1. object_intake → activity_events,ingestion,docs/architecture/NBT_PHASE2_sf_activity_sync.md:81,docs/architecture/NBT_PHASE2_sf_activity_sync.md:81,lcc,stated: unspecified (finding/round note),,B1
INV1-0103,B2. The cadence advance is already wired,ingestion,docs/architecture/NBT_PHASE2_sf_activity_sync.md:96,docs/architecture/NBT_PHASE2_sf_activity_sync.md:96,lcc,stated: unspecified (finding/round note),,B2
INV1-0104,B3. The whose-book signal,ingestion,docs/architecture/NBT_PHASE2_sf_activity_sync.md:105,docs/architecture/NBT_PHASE2_sf_activity_sync.md:105,lcc,stated: unspecified (finding/round note),B3,B3
INV1-0105,B4. Feature-flag / rollout,ingestion,docs/architecture/NBT_PHASE2_sf_activity_sync.md:110,docs/architecture/NBT_PHASE2_sf_activity_sync.md:110,lcc,stated: unspecified (finding/round note),,B4
INV1-0106,Phases,docs & process,docs/architecture/deal-correspondence-attribution.md:49,docs/architecture/deal-correspondence-attribution.md:49,lcc,stated: unspecified (finding/round note),,
INV1-0107,Oncology / Infusion Phase A Build Plan v0.1,docs & process,docs/architecture/ONCOLOGY-INFUSION-PHASE-A-BUILD-PLAN-v0.1.md:1,docs/architecture/ONCOLOGY-INFUSION-PHASE-A-BUILD-PLAN-v0.1.md:1,lcc,stated: unspecified (finding/round note),,
INV1-0108,A0 — Freeze the executable contracts,docs & process,docs/architecture/ONCOLOGY-INFUSION-PHASE-A-BUILD-PLAN-v0.1.md:59,docs/architecture/ONCOLOGY-INFUSION-PHASE-A-BUILD-PLAN-v0.1.md:59,lcc,stated: unspecified (finding/round note),,
INV1-0109,A1 — Manifest and source-integrity validator,docs & process,docs/architecture/ONCOLOGY-INFUSION-PHASE-A-BUILD-PLAN-v0.1.md:70,docs/architecture/ONCOLOGY-INFUSION-PHASE-A-BUILD-PLAN-v0.1.md:70,lcc,stated: unspecified (finding/round note),,
INV1-0110,A2 — NUCC taxonomy gate,docs & process,docs/architecture/ONCOLOGY-INFUSION-PHASE-A-BUILD-PLAN-v0.1.md:82,docs/architecture/ONCOLOGY-INFUSION-PHASE-A-BUILD-PLAN-v0.1.md:82,lcc,stated: unspecified (finding/round note),,
INV1-0111,A3 — Streaming NPPES parser and candidate reducer,docs & process,docs/architecture/ONCOLOGY-INFUSION-PHASE-A-BUILD-PLAN-v0.1.md:93,docs/architecture/ONCOLOGY-INFUSION-PHASE-A-BUILD-PLAN-v0.1.md:93,lcc,stated: unspecified (finding/round note),,
INV1-0112,"A4 — Reproducibility, privacy and resource tests",infra / CI / security,docs/architecture/ONCOLOGY-INFUSION-PHASE-A-BUILD-PLAN-v0.1.md:110,docs/architecture/ONCOLOGY-INFUSION-PHASE-A-BUILD-PLAN-v0.1.md:110,lcc,stated: unspecified (finding/round note),,
INV1-0113,5. Phase A acceptance gate,docs & process,docs/architecture/ONCOLOGY-INFUSION-PHASE-A-BUILD-PLAN-v0.1.md:157,docs/architecture/ONCOLOGY-INFUSION-PHASE-A-BUILD-PLAN-v0.1.md:157,lcc,stated: unspecified (finding/round note),,
INV1-0114,7. Expansion roadmap after Phase A,docs & process,docs/architecture/ONCOLOGY-INFUSION-PHASE-A-BUILD-PLAN-v0.1.md:185,docs/architecture/ONCOLOGY-INFUSION-PHASE-A-BUILD-PLAN-v0.1.md:185,lcc,stated: unspecified (finding/round note),,
INV1-0115,6. The SPE→principal pairs P135 said were missing,ownership,docs/architecture/dia-ownership-master-bridge-2026-08.md:120,docs/architecture/dia-ownership-master-bridge-2026-08.md:120,dia,stated: unspecified (finding/round note),,P135
INV1-0116,Filing & logging (Phase 4),docs & process,docs/architecture/offer-submission-process-design.md:86,docs/architecture/offer-submission-process-design.md:86,lcc,stated: unspecified (finding/round note),,
INV1-0117,"Seller Response Form (Phase 5, post-call) — on request only",docs & process,docs/architecture/offer-submission-process-design.md:91,docs/architecture/offer-submission-process-design.md:91,lcc,stated: unspecified (finding/round note),,
INV1-0118,LCC automation mapping (how each phase becomes automatic),flows / automation,docs/architecture/offer-submission-process-design.md:97,docs/architecture/offer-submission-process-design.md:97,lcc,stated: unspecified (finding/round note),,
INV1-0119,"⚠️ P120 (2026-08-20) — Flow 1 was never wired, so NOTHING moved for a month",flows / automation,docs/architecture/flows/closing-the-loop-overview.md:20 (2026-08-20),docs/architecture/flows/closing-the-loop-overview.md:20 (2026-08-20),lcc,stated: flagged issue/footgun,,P120
INV1-0120,P125 — why the first real save produced an UNTHREADED draft,flows / automation,docs/architecture/flows/outlook-draft-reply-executor.md:33,docs/architecture/flows/outlook-draft-reply-executor.md:33,lcc,stated: unspecified (finding/round note),,P125
INV1-0121,Payload contract (what prompt 2 sends),comps / capital markets,docs/architecture/flows/processing-complete-move-message.md:89,docs/architecture/flows/processing-complete-move-message.md:89,lcc,stated: unspecified (finding/round note),,
INV1-0122,"PART 0 — Read-only validation pass (build these, run once, DELETE nothing)",flows / automation,docs/architecture/flows/flagged-email-cleanup-sweep-build-sheet.md:37,docs/architecture/flows/flagged-email-cleanup-sweep-build-sheet.md:37,lcc,stated: unspecified (finding/round note),,
INV1-0123,PART 1 — Add the capped-25 delete,flows / automation,docs/architecture/flows/flagged-email-cleanup-sweep-build-sheet.md:152,docs/architecture/flows/flagged-email-cleanup-sweep-build-sheet.md:152,lcc,stated: unspecified (finding/round note),,
INV1-0124,"PART 2 — Run the capped-25, then SPOT-CHECK",flows / automation,docs/architecture/flows/flagged-email-cleanup-sweep-build-sheet.md:209,docs/architecture/flows/flagged-email-cleanup-sweep-build-sheet.md:209,lcc,stated: unspecified (finding/round note),,
INV1-0125,PART 3 — Broaden (after the capped run is confirmed safe),flows / automation,docs/architecture/flows/flagged-email-cleanup-sweep-build-sheet.md:224,docs/architecture/flows/flagged-email-cleanup-sweep-build-sheet.md:224,lcc,stated: unspecified (finding/round note),,
INV1-0126,`ai-copilot` sync callers — the four Power Automate flows (COPILOT-OPEN Unit 3),ingestion,docs/architecture/flows/ai-copilot-sync-callers.md:1,docs/architecture/flows/ai-copilot-sync-callers.md:1,lcc,stated: unspecified (finding/round note),,
INV1-0127,"Ownership — one owner per folder transition (P119's rule, made concrete)",ownership,docs/architecture/flows/move-queue-executor.md:39,docs/architecture/flows/move-queue-executor.md:39,lcc,stated: unspecified (finding/round note),,P119
INV1-0128,"Error semantics — reused from P119, never reinvented",flows / automation,docs/architecture/flows/move-queue-executor.md:106,docs/architecture/flows/move-queue-executor.md:106,lcc,stated: unspecified (finding/round note),,P119
INV1-0129,✅ Known ordering hazard downstream — RESOLVED by P121 (2026-08-20),flows / automation,docs/architecture/flows/move-queue-executor.md:202 (2026-08-20),docs/architecture/flows/move-queue-executor.md:202 (2026-08-20),lcc,stated: shipped/live,,P121
INV1-0130,⚠️ P121 (2026-08-20) — Flow 6 owns NO folder transition,comps / capital markets,docs/architecture/flows/todo-completion-poll.md:97 (2026-08-20),docs/architecture/flows/todo-completion-poll.md:97 (2026-08-20),lcc,stated: flagged issue/footgun,,P121
INV1-0131,PART 1 — Research findings (the three questions),flows / automation,docs/architecture/flows/flagged-email-cleanup-sweep.md:39,docs/architecture/flows/flagged-email-cleanup-sweep.md:39,lcc,stated: unspecified (finding/round note),,
INV1-0132,PART 2 — Design (two paths; pick per Q2 availability),flows / automation,docs/architecture/flows/flagged-email-cleanup-sweep.md:125,docs/architecture/flows/flagged-email-cleanup-sweep.md:125,lcc,stated: unspecified (finding/round note),,
INV1-0133,"F1 — SELECTION is region-bounded, not national (the big one)  → Prompt 39",ingestion,docs/architecture/comps-pipeline-gap-audit-2026-08.md:29,docs/architecture/comps-pipeline-gap-audit-2026-08.md:29,lcc,stated: unspecified (finding/round note),,
INV1-0134,F2 — ON-MARKET rows aren't enriched to the full record  → Prompt 40,ingestion,docs/architecture/comps-pipeline-gap-audit-2026-08.md:39,docs/architecture/comps-pipeline-gap-audit-2026-08.md:39,lcc,stated: unspecified (finding/round note),,
INV1-0135,F3 — Multiple renderers / hand-rolling  → Prompt 36 (existing),ingestion,docs/architecture/comps-pipeline-gap-audit-2026-08.md:46,docs/architecture/comps-pipeline-gap-audit-2026-08.md:46,lcc,stated: unspecified (finding/round note),,
INV1-0136,F4 — Template drift + no conformance gate  → Prompt 37 (existing),ingestion,docs/architecture/comps-pipeline-gap-audit-2026-08.md:51,docs/architecture/comps-pipeline-gap-audit-2026-08.md:51,lcc,stated: unspecified (finding/round note),,
INV1-0137,F5 — Connector still errors after MCP_BASE_URL set  → Prompt 38 (existing),ingestion,docs/architecture/comps-pipeline-gap-audit-2026-08.md:56,docs/architecture/comps-pipeline-gap-audit-2026-08.md:56,lcc,stated: unspecified (finding/round note),,
INV1-0138,"Phase 1 — IMPLEMENTED (2026-07-24): one URL via a thin proxy (low-risk, testable)",infra / CI / security,docs/architecture/unification-changeset.md:9 (2026-07-24),docs/architecture/unification-changeset.md:9 (2026-07-24),lcc,stated: unspecified (finding/round note),,
INV1-0139,"Phase 2 (optional, later) — in-process single service",docs & process,docs/architecture/unification-changeset.md:37,docs/architecture/unification-changeset.md:37,lcc,stated: unspecified (finding/round note),,
INV1-0140,Team Mailbox Intake (B2) — design spec,ingestion,docs/architecture/team-mailbox-intake-design.md:1,docs/architecture/team-mailbox-intake-design.md:1,lcc,stated: unspecified (finding/round note),,B2
INV1-0141,Phased build,ingestion,docs/architecture/team-mailbox-intake-design.md:64,docs/architecture/team-mailbox-intake-design.md:64,lcc,stated: unspecified (finding/round note),,
INV1-0142,Unit 1 — Census (as of 2026-09-07),infra / CI / security,docs/architecture/edge-function-deploy-drift.md:52 (2026-09-07),docs/architecture/edge-function-deploy-drift.md:52 (2026-09-07),lcc,stated: unspecified (finding/round note),,
INV1-0143,Unit 2 — Incident writeup: `intake-salesforce`,ingestion,docs/architecture/edge-function-deploy-drift.md:102,docs/architecture/edge-function-deploy-drift.md:102,lcc,stated: unspecified (finding/round note),,
INV1-0144,Unit 3 — Operator runbook: how to check for edge function drift,infra / CI / security,docs/architecture/edge-function-deploy-drift.md:226,docs/architecture/edge-function-deploy-drift.md:226,lcc,stated: unspecified (finding/round note),,
INV1-0145,"✅ 2026-09-02 — PR2 SHIPPED: the sidebar writer now carries the stats, and the parser was the load-bearing half",docs & process,docs/architecture/public-records-source-lane.md:106 (2026-09-02),docs/architecture/public-records-source-lane.md:106 (2026-09-02),lcc,stated: shipped/live,,
INV1-0146,PR11 — the APN-less residue: the marker already exists; the consumer and the producer gate do not,ingestion,docs/architecture/public-records-source-lane.md:231,docs/architecture/public-records-source-lane.md:231,lcc,stated: unspecified (finding/round note),,
INV1-0147,2a. 🚨 PR1 — the producer generates its values. The consumer was refused. (2026-09-01),ingestion,docs/architecture/public-records-source-lane.md:264 (2026-09-01),docs/architecture/public-records-source-lane.md:264 (2026-09-01),lcc,stated: flagged issue/footgun,,
INV1-0148,⚠️ The trap that would have hidden a wiring either way — CLOSED by PR8 (2026-09-02),docs & process,docs/architecture/public-records-source-lane.md:423 (2026-09-02),docs/architecture/public-records-source-lane.md:423 (2026-09-02),lcc,stated: refuted/retired,,
INV1-0149,"✅ 2026-09-02 — PR5 SHIPPED: the 39 are triaged, and 25 of them are not defects",docs & process,docs/architecture/public-records-source-lane.md:514 (2026-09-02),docs/architecture/public-records-source-lane.md:514 (2026-09-02),lcc,stated: shipped/live,,
INV1-0150,"5. Read models to add (the build, prompt 13)",BD engine,docs/architecture/property-contact-deal-connectivity.md:50,docs/architecture/property-contact-deal-connectivity.md:50,lcc,stated: unspecified (finding/round note),,
INV1-0151,Phase 1: Smart Template Selection Engine (1-2 days),docs & process,docs/architecture/touchpoint_execution_agent_roadmap.md:26,docs/architecture/touchpoint_execution_agent_roadmap.md:26,lcc,stated: unspecified (finding/round note),,
INV1-0152,Phase 2: Personalization Engine (1-2 days),docs & process,docs/architecture/touchpoint_execution_agent_roadmap.md:43,docs/architecture/touchpoint_execution_agent_roadmap.md:43,lcc,stated: unspecified (finding/round note),,
INV1-0153,Phase 3: Touchpoint Execution Layer (2-3 days),docs & process,docs/architecture/touchpoint_execution_agent_roadmap.md:59,docs/architecture/touchpoint_execution_agent_roadmap.md:59,lcc,stated: unspecified (finding/round note),,
INV1-0154,Phase 4: Batch Segment Execution (1-2 days),docs & process,docs/architecture/touchpoint_execution_agent_roadmap.md:80,docs/architecture/touchpoint_execution_agent_roadmap.md:80,lcc,stated: unspecified (finding/round note),,
INV1-0155,Phase 5: Outreach Effectiveness Engine (Ongoing),BD engine,docs/architecture/touchpoint_execution_agent_roadmap.md:96,docs/architecture/touchpoint_execution_agent_roadmap.md:96,lcc,stated: unspecified (finding/round note),,
INV1-0156,Phase 6: BD Command Center Metrics,BD engine,docs/architecture/touchpoint_execution_agent_roadmap.md:110,docs/architecture/touchpoint_execution_agent_roadmap.md:110,lcc,stated: unspecified (finding/round note),,
INV1-0157,MS Graph Token Setup (Required for Phase 3),docs & process,docs/architecture/touchpoint_execution_agent_roadmap.md:134,docs/architecture/touchpoint_execution_agent_roadmap.md:134,lcc,stated: unspecified (finding/round note),,
INV1-0158,Phase 1: Command Queue Homepage (Next Sprint),docs & process,docs/architecture/lcc_intelligent_operating_system_v2.md:441,docs/architecture/lcc_intelligent_operating_system_v2.md:441,lcc,stated: unspecified (finding/round note),,
INV1-0159,Phase 2: Automatic Ingestion & Routing (Following Sprint),ingestion,docs/architecture/lcc_intelligent_operating_system_v2.md:447,docs/architecture/lcc_intelligent_operating_system_v2.md:447,lcc,stated: unspecified (finding/round note),,
INV1-0160,Phase 3: Domain Intelligence Surfaces (2 Sprints Out),surfaces,docs/architecture/lcc_intelligent_operating_system_v2.md:453,docs/architecture/lcc_intelligent_operating_system_v2.md:453,lcc,stated: unspecified (finding/round note),,
INV1-0161,Phase 4: Continuous Learning (Ongoing),docs & process,docs/architecture/lcc_intelligent_operating_system_v2.md:459,docs/architecture/lcc_intelligent_operating_system_v2.md:459,lcc,stated: unspecified (finding/round note),,
INV1-0162,Phase 5: External Source Expansion (Future),docs & process,docs/architecture/lcc_intelligent_operating_system_v2.md:465,docs/architecture/lcc_intelligent_operating_system_v2.md:465,lcc,stated: unspecified (finding/round note),,
INV1-0163,2026-08-01 Prompt 07 Backlog Index Reconciliation,BOV / OM / dossier,docs/architecture/dossier-reconciliation-23654-worklog.md:43 (2026-08-01),docs/architecture/dossier-reconciliation-23654-worklog.md:43 (2026-08-01),lcc,stated: unspecified (finding/round note),,
INV1-0164,2026-08-03 Prompt 07 Response File,BOV / OM / dossier,docs/architecture/dossier-reconciliation-23654-worklog.md:49 (2026-08-03),docs/architecture/dossier-reconciliation-23654-worklog.md:49 (2026-08-03),lcc,stated: unspecified (finding/round note),,
INV1-0165,"Build plan (phased — understand first, per the standing directive)",docs & process,docs/architecture/request-understanding-and-consistency-layer.md:54,docs/architecture/request-understanding-and-consistency-layer.md:54,lcc,stated: unspecified (finding/round note),,
INV1-0166,Phase 0 - Baseline And Controls,docs & process,docs/architecture/ai-chat-routing/LCC_AI_COST_AND_CHATBOT_REVIEW.md:211,docs/architecture/ai-chat-routing/LCC_AI_COST_AND_CHATBOT_REVIEW.md:211,lcc,stated: unspecified (finding/round note),,
INV1-0167,Phase 1 - Centralize AI Orchestration,docs & process,docs/architecture/ai-chat-routing/LCC_AI_COST_AND_CHATBOT_REVIEW.md:243,docs/architecture/ai-chat-routing/LCC_AI_COST_AND_CHATBOT_REVIEW.md:243,lcc,stated: unspecified (finding/round note),,
INV1-0168,Phase 2 - Tiered Model Routing,docs & process,docs/architecture/ai-chat-routing/LCC_AI_COST_AND_CHATBOT_REVIEW.md:262,docs/architecture/ai-chat-routing/LCC_AI_COST_AND_CHATBOT_REVIEW.md:262,lcc,stated: unspecified (finding/round note),,
INV1-0169,Phase 3 - OpenAI Cost Optimization,docs & process,docs/architecture/ai-chat-routing/LCC_AI_COST_AND_CHATBOT_REVIEW.md:292,docs/architecture/ai-chat-routing/LCC_AI_COST_AND_CHATBOT_REVIEW.md:292,lcc,stated: unspecified (finding/round note),,
INV1-0170,Phase 4 - Human-In-The-Loop Subscription Workflows,flows / automation,docs/architecture/ai-chat-routing/LCC_AI_COST_AND_CHATBOT_REVIEW.md:310,docs/architecture/ai-chat-routing/LCC_AI_COST_AND_CHATBOT_REVIEW.md:310,lcc,stated: unspecified (finding/round note),,
INV1-0171,Phase 5 - Embedded Copilot UX,flows / automation,docs/architecture/ai-chat-routing/LCC_AI_COST_AND_CHATBOT_REVIEW.md:332,docs/architecture/ai-chat-routing/LCC_AI_COST_AND_CHATBOT_REVIEW.md:332,lcc,stated: unspecified (finding/round note),,
INV1-0172,"Phase 6 - Document, Screenshot, And Research Intake",ingestion,docs/architecture/ai-chat-routing/LCC_AI_COST_AND_CHATBOT_REVIEW.md:360,docs/architecture/ai-chat-routing/LCC_AI_COST_AND_CHATBOT_REVIEW.md:360,lcc,stated: unspecified (finding/round note),,
INV1-0173,Phase 7 - Open-Source / Low-Cost Model Adoption,docs & process,docs/architecture/ai-chat-routing/LCC_AI_COST_AND_CHATBOT_REVIEW.md:386,docs/architecture/ai-chat-routing/LCC_AI_COST_AND_CHATBOT_REVIEW.md:386,lcc,stated: unspecified (finding/round note),,
INV1-0174,Phase 8 - Data Propagation And Closed-Loop Automation,flows / automation,docs/architecture/ai-chat-routing/LCC_AI_COST_AND_CHATBOT_REVIEW.md:406,docs/architecture/ai-chat-routing/LCC_AI_COST_AND_CHATBOT_REVIEW.md:406,lcc,stated: refuted/retired,,
INV1-0175,Phase 9 - Deliverables And User Query Assistance,docs & process,docs/architecture/ai-chat-routing/LCC_AI_COST_AND_CHATBOT_REVIEW.md:422,docs/architecture/ai-chat-routing/LCC_AI_COST_AND_CHATBOT_REVIEW.md:422,lcc,stated: shipped/live,,
INV1-0176,"Phase 10 - Verification, Rollout, And Governance",docs & process,docs/architecture/ai-chat-routing/LCC_AI_COST_AND_CHATBOT_REVIEW.md:443,docs/architecture/ai-chat-routing/LCC_AI_COST_AND_CHATBOT_REVIEW.md:443,lcc,stated: unspecified (finding/round note),,
INV1-0177,Correspondence privacy (Phase 2 — design only; not implemented),docs & process,docs/architecture/access-scoping-and-my-work.md:110,docs/architecture/access-scoping-and-my-work.md:110,lcc,stated: unspecified (finding/round note),,
INV1-0178,"Track 1 — Comps pull/export polish (prompt 29) — near-term, uses existing data",identity,docs/architecture/comps-data-integrity-and-canonical-record.md:26,docs/architecture/comps-data-integrity-and-canonical-record.md:26,lcc,stated: unspecified (finding/round note),,
INV1-0179,"P138 / R8 Stage 1 — the daily brief's ""Analyst's Take"", generated on-box",docs & process,docs/architecture/briefing-analyst-take-onprem.md:1,docs/architecture/briefing-analyst-take-onprem.md:1,lcc,stated: unspecified (finding/round note),,P138
INV1-0180,Wave 3 — Call notes + Microsoft-side capture (W7.3),flows / automation,docs/architecture/copilot_action_registry.md:368,docs/architecture/copilot_action_registry.md:368,lcc,stated: unspecified (finding/round note),,W7.3
INV1-0181,Phase 1: Minimal integration (single briefing path),docs & process,docs/architecture/daily_briefing_integration_plan.md:221,docs/architecture/daily_briefing_integration_plan.md:221,lcc,stated: unspecified (finding/round note),,
INV1-0182,Phase 2: Personalized daily briefing,docs & process,docs/architecture/daily_briefing_integration_plan.md:235,docs/architecture/daily_briefing_integration_plan.md:235,lcc,stated: unspecified (finding/round note),,
INV1-0183,Phase 3: Expanded intelligence and agent behavior,docs & process,docs/architecture/daily_briefing_integration_plan.md:241,docs/architecture/daily_briefing_integration_plan.md:241,lcc,stated: unspecified (finding/round note),,
INV1-0184,"The bands, as of 2026-08-29 (post-C6)",BD engine,docs/architecture/bd-ranking-and-priority-queue.md:144 (2026-08-29),docs/architecture/bd-ranking-and-priority-queue.md:144 (2026-08-29),lcc,stated: unspecified (finding/round note),,
INV1-0185,3. ⚠️ The gate — RETIRED BY C6 on 2026-08-29. Read this before quoting anything below it.,BD engine,docs/architecture/bd-ranking-and-priority-queue.md:178 (2026-08-29),docs/architecture/bd-ranking-and-priority-queue.md:178 (2026-08-29),lcc,stated: refuted/retired,,
INV1-0186,"The role column — still true, and still the reason C4a is open",BD engine,docs/architecture/bd-ranking-and-priority-queue.md:210,docs/architecture/bd-ranking-and-priority-queue.md:210,lcc,stated: unspecified (finding/round note),,
INV1-0187,"✅ C8 (2026-08-29 diagnosed, SHIPPED 2026-08-31) — the role gate was on a SECOND surface",BD engine,docs/architecture/bd-ranking-and-priority-queue.md:240 (2026-08-29),docs/architecture/bd-ranking-and-priority-queue.md:240 (2026-08-29),lcc,stated: shipped/live,,
INV1-0188,"✅ C8 SHIPPED 2026-08-31 — 80 → 126, and two defects found on the way",BD engine,docs/architecture/bd-ranking-and-priority-queue.md:293 (2026-08-31),docs/architecture/bd-ranking-and-priority-queue.md:293 (2026-08-31),lcc,stated: shipped/live,,
INV1-0189,"✅ C8c — the brief rendered ""Unknown … rent unknown"" on EVERY row — FIXED as C10 (2026-08-31)",BD engine,docs/architecture/bd-ranking-and-priority-queue.md:314 (2026-08-31),docs/architecture/bd-ranking-and-priority-queue.md:314 (2026-08-31),lcc,stated: shipped/live,,
INV1-0190,⚠️ C9 (2026-08-29) — the merge backlog now lands on these surfaces,identity,docs/architecture/bd-ranking-and-priority-queue.md:380 (2026-08-29),docs/architecture/bd-ranking-and-priority-queue.md:380 (2026-08-29),lcc,stated: flagged issue/footgun,,
INV1-0191,⚠️ C4b RESOLVED — and my earlier sizing of it was wrong,BD engine,docs/architecture/bd-ranking-and-priority-queue.md:413,docs/architecture/bd-ranking-and-priority-queue.md:413,lcc,stated: flagged issue/footgun,,
INV1-0192,The invisible population — ✅ the reachable half is CLOSED by C6,BD engine,docs/architecture/bd-ranking-and-priority-queue.md:448,docs/architecture/bd-ranking-and-priority-queue.md:448,lcc,stated: shipped/live,,
INV1-0193,C6 — SHIPPED 2026-08-29,BD engine,docs/architecture/bd-ranking-and-priority-queue.md:489 (2026-08-29),docs/architecture/bd-ranking-and-priority-queue.md:489 (2026-08-29),lcc,stated: shipped/live,,
INV1-0194,⚠️ C9's 45 true splits touch exactly ONE sheet row,BD engine,docs/architecture/bd-ranking-and-priority-queue.md:549,docs/architecture/bd-ranking-and-priority-queue.md:549,lcc,stated: flagged issue/footgun,,
INV1-0195,Intent / Resolution Audit — Phase 1,docs & process,docs/architecture/intent-resolution-audit-2026-08-03.md:1,docs/architecture/intent-resolution-audit-2026-08-03.md:1,lcc,stated: unspecified (finding/round note),,
INV1-0196,Phase 2 Recommendation,docs & process,docs/architecture/intent-resolution-audit-2026-08-03.md:136,docs/architecture/intent-resolution-audit-2026-08-03.md:136,lcc,stated: unspecified (finding/round note),,
INV1-0197,Learning loop (Phase 4 seed),docs & process,docs/architecture/provenance_resolution_ui_scope.md:221,docs/architecture/provenance_resolution_ui_scope.md:221,lcc,stated: unspecified (finding/round note),,
INV1-0198,After Phase 1 (Context Broker moves),docs & process,docs/architecture/infrastructure_migration_plan.md:950,docs/architecture/infrastructure_migration_plan.md:950,lcc,stated: unspecified (finding/round note),,
INV1-0199,After Phase 2 (Ingestion moves),ingestion,docs/architecture/infrastructure_migration_plan.md:959,docs/architecture/infrastructure_migration_plan.md:959,lcc,stated: unspecified (finding/round note),,
INV1-0200,After Phase 3 (Chat + templates move),docs & process,docs/architecture/infrastructure_migration_plan.md:976,docs/architecture/infrastructure_migration_plan.md:976,lcc,stated: unspecified (finding/round note),,
INV1-0201,After Phase 4 (Data layer moves),docs & process,docs/architecture/infrastructure_migration_plan.md:988,docs/architecture/infrastructure_migration_plan.md:988,lcc,stated: unspecified (finding/round note),,
INV1-0202,Phase 0: Foundation (Week 1),docs & process,docs/architecture/infrastructure_migration_plan.md:1006,docs/architecture/infrastructure_migration_plan.md:1006,lcc,stated: unspecified (finding/round note),,
INV1-0203,Phase 1: Context Broker (Weeks 2–3),docs & process,docs/architecture/infrastructure_migration_plan.md:1020,docs/architecture/infrastructure_migration_plan.md:1020,lcc,stated: unspecified (finding/round note),,
INV1-0204,Phase 2: Ingestion Layer (Weeks 3–4),ingestion,docs/architecture/infrastructure_migration_plan.md:1036,docs/architecture/infrastructure_migration_plan.md:1036,lcc,stated: unspecified (finding/round note),,
INV1-0205,Phase 3: Intelligence Services (Weeks 4–5),docs & process,docs/architecture/infrastructure_migration_plan.md:1051,docs/architecture/infrastructure_migration_plan.md:1051,lcc,stated: unspecified (finding/round note),,
INV1-0206,Phase 4: Data Layer Cleanup (Weeks 5–6),docs & process,docs/architecture/infrastructure_migration_plan.md:1066,docs/architecture/infrastructure_migration_plan.md:1066,lcc,stated: unspecified (finding/round note),,
INV1-0207,Phase 5: Scheduled Jobs (Weeks 6–7),docs & process,docs/architecture/infrastructure_migration_plan.md:1083,docs/architecture/infrastructure_migration_plan.md:1083,lcc,stated: unspecified (finding/round note),,
INV1-0208,"Phase 1: Initial Prospecting (Weeks 1–24, Months 1–6)",BD engine,docs/architecture/touchpoint_cadence_spec.md:33,docs/architecture/touchpoint_cadence_spec.md:33,lcc,stated: unspecified (finding/round note),,
INV1-0209,Phase 2: Quarterly Maintenance Cadence,BD engine,docs/architecture/touchpoint_cadence_spec.md:214,docs/architecture/touchpoint_cadence_spec.md:214,lcc,stated: unspecified (finding/round note),,
INV1-0210,Prompt 0 — Design-intent vs. production reconciliation (RUN FIRST),BOV / OM / dossier,docs/architecture/dossier-followup-prompts-for-claude-code.md:30,docs/architecture/dossier-followup-prompts-for-claude-code.md:30,lcc,stated: unspecified (finding/round note),,
INV1-0211,Prompt 1 — P0: CMS reconciliation + the $104.6M revenue-model bug,BOV / OM / dossier,docs/architecture/dossier-followup-prompts-for-claude-code.md:56,docs/architecture/dossier-followup-prompts-for-claude-code.md:56,dia,stated: unspecified (finding/round note),,
INV1-0212,Prompt 2 — P0: rent/SF and current-escalated-rent computation,comps / capital markets,docs/architecture/dossier-followup-prompts-for-claude-code.md:78,docs/architecture/dossier-followup-prompts-for-claude-code.md:78,lcc,stated: unspecified (finding/round note),,
INV1-0213,Prompt 3 — P1: transactions & listings wiring (one chronological timeline),BOV / OM / dossier,docs/architecture/dossier-followup-prompts-for-claude-code.md:99,docs/architecture/dossier-followup-prompts-for-claude-code.md:99,lcc,stated: unspecified (finding/round note),,
INV1-0214,Prompt 4 — P1: lease abstract extraction (guarantor + responsibilities),ingestion,docs/architecture/dossier-followup-prompts-for-claude-code.md:119,docs/architecture/dossier-followup-prompts-for-claude-code.md:119,lcc,stated: unspecified (finding/round note),,
INV1-0215,Prompt 5 — P2: loan feeder + finances-edge broker suppression + quarantine bad 2026 edges,ingestion,docs/architecture/dossier-followup-prompts-for-claude-code.md:134,docs/architecture/dossier-followup-prompts-for-claude-code.md:134,lcc,stated: unspecified (finding/round note),,
INV1-0216,Prompt 6 — P2: documents reconciliation (SharePoint + Salesforce onto one record),BOV / OM / dossier,docs/architecture/dossier-followup-prompts-for-claude-code.md:152,docs/architecture/dossier-followup-prompts-for-claude-code.md:152,lcc,stated: unspecified (finding/round note),,
INV1-0217,Prompt 7 — P3: clinic relocation lineage + market-competition rents,comps / capital markets,docs/architecture/dossier-followup-prompts-for-claude-code.md:168,docs/architecture/dossier-followup-prompts-for-claude-code.md:168,lcc,stated: unspecified (finding/round note),,
INV1-0218,Prompt 8 — Location & Trade Area: map thumbnail + demographics backfill + nearby tenants,BOV / OM / dossier,docs/architecture/dossier-followup-prompts-for-claude-code.md:185,docs/architecture/dossier-followup-prompts-for-claude-code.md:185,lcc,stated: unspecified (finding/round note),,
INV1-0219,Part 1 — Catalog of Scott's notes (by tab / theme),docs & process,docs/architecture/property-tab-ux-review.md:15,docs/architecture/property-tab-ux-review.md:15,lcc,stated: unspecified (finding/round note),,
INV1-0220,Part 2 — Audit / triage / diagnosis (root causes from the screenshots),docs & process,docs/architecture/property-tab-ux-review.md:102,docs/architecture/property-tab-ux-review.md:102,lcc,stated: unspecified (finding/round note),,
INV1-0221,Part 3 — Design elements planned,docs & process,docs/architecture/property-tab-ux-review.md:180,docs/architecture/property-tab-ux-review.md:180,lcc,stated: not started/planned,,
INV1-0222,Part 4 — Rollout plan (phased),docs & process,docs/architecture/property-tab-ux-review.md:205,docs/architecture/property-tab-ux-review.md:205,lcc,stated: unspecified (finding/round note),,
INV1-0223,Part 4b — Progress log (2026-07-31),docs & process,docs/architecture/property-tab-ux-review.md:339 (2026-07-31),docs/architecture/property-tab-ux-review.md:339 (2026-07-31),lcc,stated: unspecified (finding/round note),,
INV1-0224,Part 5 — Connections to existing architecture,docs & process,docs/architecture/property-tab-ux-review.md:369,docs/architecture/property-tab-ux-review.md:369,lcc,stated: unspecified (finding/round note),,
INV1-0225,Phased plan,docs & process,docs/architecture/data-integrity-audit-2026-08.md:234,docs/architecture/data-integrity-audit-2026-08.md:234,lcc,stated: unspecified (finding/round note),,
INV1-0226,W6.5 — Front-end decomposition map & staged extraction plan,ingestion,docs/architecture/w6-5-frontend-decomposition-map.md:1,docs/architecture/w6-5-frontend-decomposition-map.md:1,lcc,stated: unspecified (finding/round note),,W6.5
INV1-0227,"Stage 3, Unit 3 — `app-export-comps.js` (SHIPPED 2026-08-20)",comps / capital markets,docs/architecture/w6-5-frontend-decomposition-map.md:193 (2026-08-20),docs/architecture/w6-5-frontend-decomposition-map.md:193 (2026-08-20),lcc,stated: shipped/live,,
INV1-0228,4. Stage 1 result (this change),comps / capital markets,docs/architecture/w6-5-frontend-decomposition-map.md:241,docs/architecture/w6-5-frontend-decomposition-map.md:241,lcc,stated: unspecified (finding/round note),,
INV1-0229,"Stage 3, Unit 4 — `app-tasks.js` (SHIPPED 2026-08-20)",comps / capital markets,docs/architecture/w6-5-frontend-decomposition-map.md:267 (2026-08-20),docs/architecture/w6-5-frontend-decomposition-map.md:267 (2026-08-20),lcc,stated: shipped/live,,
INV1-0230,3a. Stage 4 re-measured (2026-08-20) — before any ops.js extraction,ingestion,docs/architecture/w6-5-frontend-decomposition-map.md:314 (2026-08-20),docs/architecture/w6-5-frontend-decomposition-map.md:314 (2026-08-20),lcc,stated: unspecified (finding/round note),,
INV1-0231,"Corrected Stage 4 order (measured, from the file's own banners)",comps / capital markets,docs/architecture/w6-5-frontend-decomposition-map.md:375,docs/architecture/w6-5-frontend-decomposition-map.md:375,lcc,stated: unspecified (finding/round note),,
INV1-0232,"Stage 4, Unit 1 — `ops-perf-dashboard.js` (SHIPPED 2026-08-20)",comps / capital markets,docs/architecture/w6-5-frontend-decomposition-map.md:394 (2026-08-20),docs/architecture/w6-5-frontend-decomposition-map.md:394 (2026-08-20),lcc,stated: shipped/live,,
INV1-0233,"Stage 4, Unit 2 — `ops-sync-health.js` (SHIPPED 2026-08-20)",ingestion,docs/architecture/w6-5-frontend-decomposition-map.md:423 (2026-08-20),docs/architecture/w6-5-frontend-decomposition-map.md:423 (2026-08-20),lcc,stated: shipped/live,,
INV1-0234,"Stage 4, Unit 3 — `ops-domain-health.js` (SHIPPED 2026-08-20)",comps / capital markets,docs/architecture/w6-5-frontend-decomposition-map.md:464 (2026-08-20),docs/architecture/w6-5-frontend-decomposition-map.md:464 (2026-08-20),lcc,stated: shipped/live,,
INV1-0235,"Stage 4, Unit 4 — `ops-metrics.js` (SHIPPED 2026-08-20)",comps / capital markets,docs/architecture/w6-5-frontend-decomposition-map.md:502 (2026-08-20),docs/architecture/w6-5-frontend-decomposition-map.md:502 (2026-08-20),lcc,stated: shipped/live,,
INV1-0236,4. Implementation Phases and Milestones,flows / automation,docs/architecture/copilot_wave1_build_plan.md:111,docs/architecture/copilot_wave1_build_plan.md:111,lcc,stated: unspecified (finding/round note),,
INV1-0237,Phase 1A: Foundation Hardening (Days 1-3) — COMPLETE,comps / capital markets,docs/architecture/copilot_wave1_build_plan.md:113,docs/architecture/copilot_wave1_build_plan.md:113,lcc,stated: shipped/live,,
INV1-0238,Phase 1B: Daily Briefing Snapshot (Days 3-7) — COMPLETE,comps / capital markets,docs/architecture/copilot_wave1_build_plan.md:133,docs/architecture/copilot_wave1_build_plan.md:133,lcc,stated: shipped/live,,
INV1-0239,Phase 1C: Intake Pipeline Activation (Days 5-10) — COMPLETE,ingestion,docs/architecture/copilot_wave1_build_plan.md:153,docs/architecture/copilot_wave1_build_plan.md:153,lcc,stated: shipped/live,,
INV1-0240,Phase 1D: Copilot Read Actions (Days 7-12) — COMPLETE,comps / capital markets,docs/architecture/copilot_wave1_build_plan.md:173,docs/architecture/copilot_wave1_build_plan.md:173,lcc,stated: shipped/live,,
INV1-0241,Phase 1E: Prospecting and Communication Drafting (Days 10-15) — COMPLETE,BD engine,docs/architecture/copilot_wave1_build_plan.md:193,docs/architecture/copilot_wave1_build_plan.md:193,lcc,stated: shipped/live,,
INV1-0242,Phase 1F: Write Actions with Confirmation (Days 12-18) — COMPLETE,comps / capital markets,docs/architecture/copilot_wave1_build_plan.md:209,docs/architecture/copilot_wave1_build_plan.md:209,lcc,stated: shipped/live,,
INV1-0243,Rent Intelligence Engine — Phase 3 Report (Reconciliation loop + intake hooks),ingestion,docs/architecture/rent-intelligence-engine-phase3-report.md:1,docs/architecture/rent-intelligence-engine-phase3-report.md:1,lcc,stated: unspecified (finding/round note),,
INV1-0244,Rent Intelligence Engine — Phase 4 Report (Serving) + Build Close-Out,docs & process,docs/architecture/rent-intelligence-engine-phase4-report.md:1,docs/architecture/rent-intelligence-engine-phase4-report.md:1,lcc,stated: unspecified (finding/round note),,
INV1-0245,gov property-address duplicates — GOVDUP1 (2026-09-05),docs & process,docs/architecture/gov-property-duplicates.md:1 (2026-09-05),docs/architecture/gov-property-duplicates.md:1 (2026-09-05),gov,stated: unspecified (finding/round note),,GOVDUP1
INV1-0246,Unit 1 — the 154-row `unknown_writer` husk,docs & process,docs/architecture/gov-property-duplicates.md:62,docs/architecture/gov-property-duplicates.md:62,gov,stated: unspecified (finding/round note),,
INV1-0247,Unit 2 — `v_gov_property_duplicate_review`,docs & process,docs/architecture/gov-property-duplicates.md:313,docs/architecture/gov-property-duplicates.md:313,gov,stated: unspecified (finding/round note),,
INV1-0248,"Unit 3 — the merge/unmerge round trip, MEASURED not assumed",identity,docs/architecture/gov-property-duplicates.md:382,docs/architecture/gov-property-duplicates.md:382,gov,stated: unspecified (finding/round note),,
INV1-0249,PART 1 — The two failing flows (fix now — these gate rollout),flows / automation,docs/architecture/scott-pa-flows-reference.md:12,docs/architecture/scott-pa-flows-reference.md:12,lcc,stated: unspecified (finding/round note),,
INV1-0250,PART 2 — Attribution: add `mailbox_owner` to your intake flow (the team template),ingestion,docs/architecture/scott-pa-flows-reference.md:174,docs/architecture/scott-pa-flows-reference.md:174,lcc,stated: unspecified (finding/round note),,
INV1-0251,PART 3 — Your broker-core bundle (the reference copy the team mirrors),flows / automation,docs/architecture/scott-pa-flows-reference.md:214,docs/architecture/scott-pa-flows-reference.md:214,lcc,stated: unspecified (finding/round note),,
INV1-0252,"PART 4 — Shared / org-level flows you own (documented, NOT replicated per teammate)",flows / automation,docs/architecture/scott-pa-flows-reference.md:240,docs/architecture/scott-pa-flows-reference.md:240,lcc,stated: unspecified (finding/round note),,
INV1-0253,Rent Intelligence Engine — Phase 1 Discovery Report,docs & process,docs/architecture/rent-intelligence-engine-phase1-discovery.md:1,docs/architecture/rent-intelligence-engine-phase1-discovery.md:1,lcc,stated: unspecified (finding/round note),,
INV1-0254,5. Serving-layer gap the engine closes (Phase 4 preview),docs & process,docs/architecture/rent-intelligence-engine-phase1-discovery.md:290,docs/architecture/rent-intelligence-engine-phase1-discovery.md:290,lcc,stated: unspecified (finding/round note),,
INV1-0255,"6. Recommended Phase 2 shape (for review, not yet built)",docs & process,docs/architecture/rent-intelligence-engine-phase1-discovery.md:314,docs/architecture/rent-intelligence-engine-phase1-discovery.md:314,lcc,stated: shipped/live,,
INV1-0256,"7. Status check + phased build plan (2026-09-10, Cowork)",BD engine,docs/architecture/account-based-contact-intelligence.md:271 (2026-09-10),docs/architecture/account-based-contact-intelligence.md:271 (2026-09-10),lcc,stated: unspecified (finding/round note),,
INV1-0257,7c. Phased build order,BD engine,docs/architecture/account-based-contact-intelligence.md:318,docs/architecture/account-based-contact-intelligence.md:318,lcc,stated: unspecified (finding/round note),,
INV1-0258,"7d. ✅ `ACI-phase1-2` returned 2026-09-10 — Phase 1 units A/B measured and partially shipped, Phase 2 (C) not attempted this pass",BD engine,docs/architecture/account-based-contact-intelligence.md:359 (2026-09-10),docs/architecture/account-based-contact-intelligence.md:359 (2026-09-10),lcc,stated: shipped/live,,
INV1-0259,"7e. ✅ `ACI-phase2-unitC` SHIPPED 2026-09-10 — AC2 bench ranking + AC3 role inference, right-sized and built",BD engine,docs/architecture/account-based-contact-intelligence.md:379 (2026-09-10),docs/architecture/account-based-contact-intelligence.md:379 (2026-09-10),lcc,stated: shipped/live,,
INV1-0260,"8d0. ✅ SIZED 2026-09-10 (`ACI-phase1-2`) — the population on `notice_address_1` alone is ZERO, and building was correctly refused",BD engine,docs/architecture/account-based-contact-intelligence.md:523 (2026-09-10),docs/architecture/account-based-contact-intelligence.md:523 (2026-09-10),lcc,stated: shipped/live,,
INV1-0261,W7.1 — Deal-email matcher: full-corpus dry-run report (2026-08-06),docs & process,docs/architecture/W7_1_deal_email_match_dryrun_2026-08-06.md:1 (2026-08-06),docs/architecture/W7_1_deal_email_match_dryrun_2026-08-06.md:1 (2026-08-06),lcc,stated: unspecified (finding/round note),,W7.1
INV1-0262,"6. Recommendation — phased, cost-first",docs & process,docs/architecture/ai-next-step-engine-scope.md:109,docs/architecture/ai-next-step-engine-scope.md:109,lcc,stated: unspecified (finding/round note),,
INV1-0263,Entity Reconciliation — design spec (A1),identity,docs/architecture/entity-reconciliation-design.md:1,docs/architecture/entity-reconciliation-design.md:1,lcc,stated: unspecified (finding/round note),,
INV1-0264,Tier 2 — the 217 closed + future flagged: automate via address (needs A5b),identity,docs/architecture/entity-reconciliation-design.md:26,docs/architecture/entity-reconciliation-design.md:26,lcc,stated: refuted/retired,,
INV1-0265,Stage 1 — Property → recorded owner (per-domain capture),ingestion,docs/architecture/ownership-truth-pipeline-state.md:28,docs/architecture/ownership-truth-pipeline-state.md:28,lcc,stated: unspecified (finding/round note),,
INV1-0266,Stage 2 — Recorded-owner history: developer → current owner (the chain),ingestion,docs/architecture/ownership-truth-pipeline-state.md:50,docs/architecture/ownership-truth-pipeline-state.md:50,lcc,stated: unspecified (finding/round note),,
INV1-0267,"Stage 3 — Recorded owner → LCC's resolved ""true owner"" (entity resolution)",ingestion,docs/architecture/ownership-truth-pipeline-state.md:67,docs/architecture/ownership-truth-pipeline-state.md:67,lcc,stated: unspecified (finding/round note),,
INV1-0268,"Stage 4 — True owner → contact / CRM (Salesforce, Outlook, WebEx, enrichment)",ingestion,docs/architecture/ownership-truth-pipeline-state.md:125,docs/architecture/ownership-truth-pipeline-state.md:125,lcc,stated: unspecified (finding/round note),,
INV1-0269,Stage 5 — LCC pushed back out as the source of truth,ingestion,docs/architecture/ownership-truth-pipeline-state.md:166,docs/architecture/ownership-truth-pipeline-state.md:166,lcc,stated: unspecified (finding/round note),,
INV1-0270,R1 · Dossier `.md` = pure render of the LCC dossier (one writer),BOV / OM / dossier,docs/architecture/cross-cutting-design.md:53,docs/architecture/cross-cutting-design.md:53,lcc,stated: unspecified (finding/round note),,
INV1-0271,R2 · Collapse the two-server topology (unification Phase 2),docs & process,docs/architecture/cross-cutting-design.md:61,docs/architecture/cross-cutting-design.md:61,lcc,stated: unspecified (finding/round note),,
INV1-0272,R3 · v4 connector repave,docs & process,docs/architecture/cross-cutting-design.md:68,docs/architecture/cross-cutting-design.md:68,lcc,stated: unspecified (finding/round note),,
INV1-0273,R4 · NBA ranker = configurable weights,docs & process,docs/architecture/cross-cutting-design.md:74,docs/architecture/cross-cutting-design.md:74,lcc,stated: unspecified (finding/round note),,
INV1-0274,Build sequence (phased),docs & process,docs/architecture/proactive-deal-monitor.md:57,docs/architecture/proactive-deal-monitor.md:57,lcc,stated: unspecified (finding/round note),,
INV1-0275,"DOC18 — the three-call sync window: BUILT 2026-09-02, awaiting deploy",ingestion,docs/architecture/document-capture-ocr-and-deeds.md:56 (2026-09-02),docs/architecture/document-capture-ocr-and-deeds.md:56 (2026-09-02),lcc,stated: shipped/live,DOC18,DOC18
INV1-0276,"⚠️ All four DOC17 traps fired, and here is what each cost",ingestion,docs/architecture/document-capture-ocr-and-deeds.md:112,docs/architecture/document-capture-ocr-and-deeds.md:112,lcc,stated: flagged issue/footgun,,DOC17
INV1-0277,"0. ⚠️ THE HEADLINE — a green cron returned `eligible: 0` over 695 waiting documents (FIXED, DOC1)",ingestion,docs/architecture/document-capture-ocr-and-deeds.md:203,docs/architecture/document-capture-ocr-and-deeds.md:203,lcc,stated: flagged issue/footgun,,DOC1
INV1-0278,"🟠 POST-DOC1 RE-MEASURE, 2026-09-01 15:15 UTC — the escalation pays 6–14× MORE for ~10× LESS (CAUSE FIXED, §0d)",ingestion,docs/architecture/document-capture-ocr-and-deeds.md:289 (2026-09-01),docs/architecture/document-capture-ocr-and-deeds.md:289 (2026-09-01),lcc,stated: unspecified (finding/round note),,DOC1
INV1-0279,"🟠 DOC10 — a 31-character ""extraction"" passed the consumer's filter and counted as COVERED (FIXED, §0d)",ingestion,docs/architecture/document-capture-ocr-and-deeds.md:310,docs/architecture/document-capture-ocr-and-deeds.md:310,lcc,stated: unspecified (finding/round note),,DOC10
INV1-0280,"✅ §0d — DOC8 / DOC9 / DOC10, shipped 2026-09-01 in that order (the order is load-bearing)",ingestion,docs/architecture/document-capture-ocr-and-deeds.md:329 (2026-09-01),docs/architecture/document-capture-ocr-and-deeds.md:329 (2026-09-01),lcc,stated: shipped/live,,DOC10;DOC8;DOC9
INV1-0281,"🔴 POST-DOC8 RE-MEASURE, 2026-09-01 16:21 UTC — the edge half is LIVE, the JS half is NOT DEPLOYED",ingestion,docs/architecture/document-capture-ocr-and-deeds.md:508 (2026-09-01),docs/architecture/document-capture-ocr-and-deeds.md:508 (2026-09-01),lcc,stated: shipped/live,,DOC8
INV1-0282,"✅ POST-REDEPLOY VERIFICATION, 2026-09-01 16:30 UTC — deploy confirmed, DOC10 closed, one straggler repaired",ingestion,docs/architecture/document-capture-ocr-and-deeds.md:550 (2026-09-01),docs/architecture/document-capture-ocr-and-deeds.md:550 (2026-09-01),lcc,stated: shipped/live,,DOC10
INV1-0283,"✅ DOC12 — 2026-09-01 18:35 UTC: the escalation is GONE. ⚠️ But say precisely WHY, because it is not the cap raise.",ingestion,docs/architecture/document-capture-ocr-and-deeds.md:597 (2026-09-01),docs/architecture/document-capture-ocr-and-deeds.md:597 (2026-09-01),lcc,stated: shipped/live,,DOC12
INV1-0284,"🔴 DOC12 CLOSED, 2026-09-01 21:15 UTC — the cap raise addresses a band that barely EXISTS",ingestion,docs/architecture/document-capture-ocr-and-deeds.md:628 (2026-09-01),docs/architecture/document-capture-ocr-and-deeds.md:628 (2026-09-01),lcc,stated: refuted/retired,,DOC12
INV1-0285,"🔴 DOC14 — the long documents now get NO text at all, and they are probably the best ones",ingestion,docs/architecture/document-capture-ocr-and-deeds.md:655,docs/architecture/document-capture-ocr-and-deeds.md:655,lcc,stated: unspecified (finding/round note),DOC14,DOC14
INV1-0286,"🔴 DOC14 SIZED, 2026-09-01 22:20 UTC — it is 100% LEASES, at 8.1%, and the prompt is staged",ingestion,docs/architecture/document-capture-ocr-and-deeds.md:675 (2026-09-01),docs/architecture/document-capture-ocr-and-deeds.md:675 (2026-09-01),lcc,stated: unspecified (finding/round note),DOC14,DOC14
INV1-0287,"🛑 DOC14 BLOCKED, 2026-09-01 22:35 UTC — the async contract is verified, the prerequisites do NOT exist, nothing was built",ingestion,docs/architecture/document-capture-ocr-and-deeds.md:711 (2026-09-01),docs/architecture/document-capture-ocr-and-deeds.md:711 (2026-09-01),lcc,stated: shipped/live,DOC14,DOC14
INV1-0288,"🔴 DOC14 — BLOCKED ON AN OPERATOR PREREQUISITE, and RE-SIZED ~2× (2026-09-02)",ingestion,docs/architecture/document-capture-ocr-and-deeds.md:903 (2026-09-02),docs/architecture/document-capture-ocr-and-deeds.md:903 (2026-09-02),lcc,stated: unspecified (finding/round note),DOC14,DOC14
INV1-0289,"✅ DOC13 ANSWERED 2026-09-02 — `retry_admitted: 0` is CORRECT, and here is the watch item",ingestion,docs/architecture/document-capture-ocr-and-deeds.md:969 (2026-09-02),docs/architecture/document-capture-ocr-and-deeds.md:969 (2026-09-02),lcc,stated: shipped/live,,DOC13
INV1-0290,"🟢 DOC17 ANSWER — the cap is measured against the SELECTION (2026-09-02, live probe)",ingestion,docs/architecture/document-capture-ocr-and-deeds.md:989 (2026-09-02),docs/architecture/document-capture-ocr-and-deeds.md:989 (2026-09-02),lcc,stated: shipped/live,,DOC17
INV1-0291,"⛔ DOC16 GATE — REFUTED 2026-09-02, and the refutation is NOT the branch the prompt predicted",ingestion,docs/architecture/document-capture-ocr-and-deeds.md:1062 (2026-09-02),docs/architecture/document-capture-ocr-and-deeds.md:1062 (2026-09-02),lcc,stated: refuted/retired,,DOC16
INV1-0292,"🔴 DOC16 REFUTED 2026-09-02 — but on a branch nobody predicted, and my ""lossless"" claim INVERTS",ingestion,docs/architecture/document-capture-ocr-and-deeds.md:1199 (2026-09-02),docs/architecture/document-capture-ocr-and-deeds.md:1199 (2026-09-02),lcc,stated: refuted/retired,,DOC16
INV1-0293,"🟢 DOC17 — ONE API call decides between ""no GCS at all"" and the full GCS build",ingestion,docs/architecture/document-capture-ocr-and-deeds.md:1228,docs/architecture/document-capture-ocr-and-deeds.md:1228,lcc,stated: unspecified (finding/round note),,DOC17
INV1-0294,"✅ DOC17 PROBE, 2026-09-02 — the cap is measured against the SELECTION. The cheap route works.",ingestion,docs/architecture/document-capture-ocr-and-deeds.md:1245 (2026-09-02),docs/architecture/document-capture-ocr-and-deeds.md:1245 (2026-09-02),lcc,stated: shipped/live,,DOC17
INV1-0295,"7. What DOC1 changed, and what it did not",ingestion,docs/architecture/document-capture-ocr-and-deeds.md:1445,docs/architecture/document-capture-ocr-and-deeds.md:1445,lcc,stated: unspecified (finding/round note),,DOC1
INV1-0296,"🔴 THE FIRST OCR ROW WENT TO gpt-4o, AND IT IS **NOT** THE CUSTOM-EXTRACTOR FOOTGUN (DOC8)",ingestion,docs/architecture/document-capture-ocr-and-deeds.md:1469,docs/architecture/document-capture-ocr-and-deeds.md:1469,lcc,stated: unspecified (finding/round note),,DOC8
INV1-0297,3. Current state (2026-08-28 — after B1a),ownership,docs/architecture/ownership-history-lane.md:57 (2026-08-28),docs/architecture/ownership-history-lane.md:57 (2026-08-28),lcc,stated: unspecified (finding/round note),,B1a
INV1-0298,"3a. ⚠️ Chain DEPTH is source-limited, not blocker-limited (measured 2026-08-28, B1a)",ownership,docs/architecture/ownership-history-lane.md:96 (2026-08-28),docs/architecture/ownership-history-lane.md:96 (2026-08-28),lcc,stated: flagged issue/footgun,,B1a
INV1-0299,3b. ⚠️ Two corroboration signals for entity identity are STRUCTURALLY unobservable (B1a),identity,docs/architecture/ownership-history-lane.md:135,docs/architecture/ownership-history-lane.md:135,lcc,stated: flagged issue/footgun,,B1a
INV1-0300,"3c. ⚠️ It WAS source-limited — and the source was gov's own sales table (B5, shipped 2026-08-28)",ownership,docs/architecture/ownership-history-lane.md:165 (2026-08-28),docs/architecture/ownership-history-lane.md:165 (2026-08-28),gov,stated: shipped/live,,B5
INV1-0301,"Pre-B1 state, retained as the yardstick (07:25 UTC)",ownership,docs/architecture/ownership-history-lane.md:201,docs/architecture/ownership-history-lane.md:201,lcc,stated: unspecified (finding/round note),,B1
INV1-0302,OWN-T0 — one reconciled chain for the property panel (2026-09-02),ownership,docs/architecture/ownership-history-lane.md:358 (2026-09-02),docs/architecture/ownership-history-lane.md:358 (2026-09-02),lcc,stated: unspecified (finding/round note),,OWN-T0
INV1-0303,Open (OWN-T0a…g) — see the audit §8,ownership,docs/architecture/ownership-history-lane.md:426,docs/architecture/ownership-history-lane.md:426,lcc,stated: unspecified (finding/round note),,
INV1-0304,"The `resolve_ownership` Decision Center lane vs this store (UX-T1c §10, 2026-09-08)",ownership,docs/architecture/ownership-history-lane.md:457 (2026-09-08),docs/architecture/ownership-history-lane.md:457 (2026-09-08),lcc,stated: unspecified (finding/round note),UX-T1c,UX-T1c
INV1-0305,2026-08-03 — Prompt 22 landed; ChatGPT + flow reviewed (session 2i),BOV / OM / dossier,docs/architecture/DOSSIER-PROGRAM-STATE-OF-PLAY.md:391 (2026-08-03),docs/architecture/DOSSIER-PROGRAM-STATE-OF-PLAY.md:391 (2026-08-03),lcc,stated: unspecified (finding/round note),,
INV1-0306,2026-08-03 — Prompt 23 landed; generalized the intent gap (session 2m),BOV / OM / dossier,docs/architecture/DOSSIER-PROGRAM-STATE-OF-PLAY.md:437 (2026-08-03),docs/architecture/DOSSIER-PROGRAM-STATE-OF-PLAY.md:437 (2026-08-03),lcc,stated: unspecified (finding/round note),,
INV1-0307,2026-08-03 — Prompt 24 audit reconciled; ChatGPT comps still 1 (deploy + client-routing) (session 2n),comps / capital markets,docs/architecture/DOSSIER-PROGRAM-STATE-OF-PLAY.md:454 (2026-08-03),docs/architecture/DOSSIER-PROGRAM-STATE-OF-PLAY.md:454 (2026-08-03),lcc,stated: unspecified (finding/round note),,
INV1-0308,2026-08-03 — Prompt 25 landed; agent instructions updated for routing + ambiguity (session 2o),BOV / OM / dossier,docs/architecture/DOSSIER-PROGRAM-STATE-OF-PLAY.md:476 (2026-08-03),docs/architecture/DOSSIER-PROGRAM-STATE-OF-PLAY.md:476 (2026-08-03),lcc,stated: unspecified (finding/round note),,
INV1-0309,2026-08-03 — Prompt 27 (one-shot workbook) implemented; deploy-pending (session 2t),BOV / OM / dossier,docs/architecture/DOSSIER-PROGRAM-STATE-OF-PLAY.md:561 (2026-08-03),docs/architecture/DOSSIER-PROGRAM-STATE-OF-PLAY.md:561 (2026-08-03),lcc,stated: unspecified (finding/round note),,
INV1-0310,2026-08-04 — Prompt 28 deployed; workbook validated server-side (session 2v) — PASS,BOV / OM / dossier,docs/architecture/DOSSIER-PROGRAM-STATE-OF-PLAY.md:591 (2026-08-04),docs/architecture/DOSSIER-PROGRAM-STATE-OF-PLAY.md:591 (2026-08-04),lcc,stated: unspecified (finding/round note),,
INV1-0311,Migration sequence (7 phases),docs & process,docs/architecture/supabase-consolidation-plan.md:119,docs/architecture/supabase-consolidation-plan.md:119,lcc,stated: unspecified (finding/round note),,
INV1-0312,Phase 0 — Pre-flight (1 day),docs & process,docs/architecture/supabase-consolidation-plan.md:121,docs/architecture/supabase-consolidation-plan.md:121,lcc,stated: unspecified (finding/round note),,
INV1-0313,Phase 1 — Schema setup (2 hours),docs & process,docs/architecture/supabase-consolidation-plan.md:139,docs/architecture/supabase-consolidation-plan.md:139,lcc,stated: unspecified (finding/round note),,
INV1-0314,Phase 2 — Data migration (4–8 hours one weekend),docs & process,docs/architecture/supabase-consolidation-plan.md:149,docs/architecture/supabase-consolidation-plan.md:149,lcc,stated: unspecified (finding/round note),,
INV1-0315,Phase 3 — Edge function migration (3 hours),docs & process,docs/architecture/supabase-consolidation-plan.md:174,docs/architecture/supabase-consolidation-plan.md:174,lcc,stated: unspecified (finding/round note),,
INV1-0316,Phase 4 — Application layer (1 hour),docs & process,docs/architecture/supabase-consolidation-plan.md:193,docs/architecture/supabase-consolidation-plan.md:193,lcc,stated: unspecified (finding/round note),,
INV1-0317,Phase 5 — Dual-running validation (1 week),docs & process,docs/architecture/supabase-consolidation-plan.md:208,docs/architecture/supabase-consolidation-plan.md:208,lcc,stated: unspecified (finding/round note),,
INV1-0318,Phase 6 — Cut-over (30 min),docs & process,docs/architecture/supabase-consolidation-plan.md:226,docs/architecture/supabase-consolidation-plan.md:226,lcc,stated: unspecified (finding/round note),,
INV1-0319,Phase 7 — Retirement (after 1–2 weeks of stable operation),docs & process,docs/architecture/supabase-consolidation-plan.md:237,docs/architecture/supabase-consolidation-plan.md:237,lcc,stated: unspecified (finding/round note),,
INV1-0320,Power Automate flow inventory (Phase 0 task),flows / automation,docs/architecture/supabase-consolidation-plan.md:265,docs/architecture/supabase-consolidation-plan.md:265,lcc,stated: unspecified (finding/round note),,
INV1-0321,Validation checklist for dual-running (Phase 5),docs & process,docs/architecture/supabase-consolidation-plan.md:310,docs/architecture/supabase-consolidation-plan.md:310,lcc,stated: unspecified (finding/round note),,
INV1-0322,0c. §0b measured — UX-T1a Part A (2026-09-03),surfaces,docs/architecture/app-ux-review-2026-09-02.md:74 (2026-09-03),docs/architecture/app-ux-review-2026-09-02.md:74 (2026-09-03),lcc,stated: unspecified (finding/round note),,UX-T1a
INV1-0323,2. Priority tiers (the order the backlog P16 section uses),surfaces,docs/architecture/app-ux-review-2026-09-02.md:221,docs/architecture/app-ux-review-2026-09-02.md:221,lcc,stated: unspecified (finding/round note),,P16
INV1-0324,Deal-Email Matcher — recall v2 design (A5),docs & process,docs/architecture/matcher-recall-design.md:1,docs/architecture/matcher-recall-design.md:1,lcc,stated: unspecified (finding/round note),,
INV1-0325,Build phases (updated),ownership,docs/architecture/contact-owner-sidebar-design.md:141,docs/architecture/contact-owner-sidebar-design.md:141,lcc,stated: unspecified (finding/round note),,
INV1-0326,W7.1 — Correspondence attribution goes LIVE (the unlock),docs & process,docs/architecture/WAVE7_COMMS_CONTEXT_PROPAGATION_PLAN.md:47,docs/architecture/WAVE7_COMMS_CONTEXT_PROPAGATION_PLAN.md:47,lcc,stated: shipped/live,,W7.1
INV1-0327,W7.2 — The propagation tick (the heart of Scott's ask) — ✅ LIVE 2026-08-06,docs & process,docs/architecture/WAVE7_COMMS_CONTEXT_PROPAGATION_PLAN.md:56 (2026-08-06),docs/architecture/WAVE7_COMMS_CONTEXT_PROPAGATION_PLAN.md:56 (2026-08-06),lcc,stated: shipped/live,,W7.2
INV1-0328,W7.3 — Call notes + voice as first-class comms — ✅ BUILT 2026 (a+b+ Outlook tagging),docs & process,docs/architecture/WAVE7_COMMS_CONTEXT_PROPAGATION_PLAN.md:96,docs/architecture/WAVE7_COMMS_CONTEXT_PROPAGATION_PLAN.md:96,lcc,stated: shipped/live,,W7.3
INV1-0329,W7.4 — Role evolution + open-issues surfacing (living-dossier §1 completeness),comps / capital markets,docs/architecture/WAVE7_COMMS_CONTEXT_PROPAGATION_PLAN.md:113,docs/architecture/WAVE7_COMMS_CONTEXT_PROPAGATION_PLAN.md:113,lcc,stated: shipped/live,,W7.4
INV1-0330,W7.5 — Outbound loop closure (sent mail completes work) + per-action summaries — ✅ BUILT 2026-08-06,comps / capital markets,docs/architecture/WAVE7_COMMS_CONTEXT_PROPAGATION_PLAN.md:119 (2026-08-06),docs/architecture/WAVE7_COMMS_CONTEXT_PROPAGATION_PLAN.md:119 (2026-08-06),lcc,stated: shipped/live,,W7.5
INV1-0331,W7.6 — Mailbox Mirror (Outlook folders reflect open LCC work) — ✅ BUILT 2026-08-06,docs & process,docs/architecture/WAVE7_COMMS_CONTEXT_PROPAGATION_PLAN.md:140 (2026-08-06),docs/architecture/WAVE7_COMMS_CONTEXT_PROPAGATION_PLAN.md:140 (2026-08-06),lcc,stated: shipped/live,,W7.6
INV1-0332,Supabase Consolidation — Phase 0 Inventory,docs & process,docs/architecture/supabase-consolidation-phase0-inventory.md:1,docs/architecture/supabase-consolidation-phase0-inventory.md:1,lcc,stated: unspecified (finding/round note),,
INV1-0333,Phase 0 deliverable summary,docs & process,docs/architecture/supabase-consolidation-phase0-inventory.md:12,docs/architecture/supabase-consolidation-phase0-inventory.md:12,lcc,stated: shipped/live,,
INV1-0334,Variables to update (Phase 4 of the plan),docs & process,docs/architecture/supabase-consolidation-phase0-inventory.md:67,docs/architecture/supabase-consolidation-phase0-inventory.md:67,lcc,stated: unspecified (finding/round note),,
INV1-0335,6. Phase 0 sign-off checklist,docs & process,docs/architecture/supabase-consolidation-phase0-inventory.md:172,docs/architecture/supabase-consolidation-phase0-inventory.md:172,lcc,stated: unspecified (finding/round note),,
INV1-0336,What I need from you to close out Phase 0,docs & process,docs/architecture/supabase-consolidation-phase0-inventory.md:185,docs/architecture/supabase-consolidation-phase0-inventory.md:185,lcc,stated: unspecified (finding/round note),,
INV1-0337,"Contact → Entity resolution — the gap is entity *creation*, not matching (A2)",identity,docs/architecture/contact-entity-resolution.md:1,docs/architecture/contact-entity-resolution.md:1,lcc,stated: unspecified (finding/round note),,
INV1-0338,Why this is coupled to the roster question (A6),identity,docs/architecture/contact-entity-resolution.md:20,docs/architecture/contact-entity-resolution.md:20,lcc,stated: unspecified (finding/round note),,
INV1-0339,C2a — at what rent floor does a minted asset actually RESOLVE an owner?,ownership,docs/audits/C2a_ASSET_MINT_RENT_FLOOR_CURVE_2026-08-28.md:5,docs/audits/C2a_ASSET_MINT_RENT_FLOOR_CURVE_2026-08-28.md:5,lcc,stated: unspecified (finding/round note),,
INV1-0340,W5.3 re-opened — the intake grade has been averaging two different channels,ingestion,docs/audits/W53_INTAKE_CHANNEL_PROVENANCE_2026-08-26.md:1,docs/audits/W53_INTAKE_CHANNEL_PROVENANCE_2026-08-26.md:1,lcc,stated: unspecified (finding/round note),,W5.3
INV1-0341,"✅ ANSWERED (Prompt 194, 2026-08-27) — it was never a second prompt. It was a second HOST.",ingestion,docs/audits/W53_INTAKE_CHANNEL_PROVENANCE_2026-08-26.md:133 (2026-08-27),docs/audits/W53_INTAKE_CHANNEL_PROVENANCE_2026-08-26.md:133 (2026-08-27),lcc,stated: shipped/live,,
INV1-0342,6. Status of the rest of the W5.3 / Ollama-hygiene thread,ingestion,docs/audits/W53_INTAKE_CHANNEL_PROVENANCE_2026-08-26.md:311,docs/audits/W53_INTAKE_CHANNEL_PROVENANCE_2026-08-26.md:311,lcc,stated: unspecified (finding/round note),,W5.3
INV1-0343,"B6 — every signal that reports a change of OWNER or LESSEE, and what consumes it",ownership,docs/audits/B6_OWNERSHIP_CHANGE_SIGNAL_COVERAGE_2026-08-28.md:1,docs/audits/B6_OWNERSHIP_CHANGE_SIGNAL_COVERAGE_2026-08-28.md:1,lcc,stated: unspecified (finding/round note),,B6
INV1-0344,"6. ⚠️ B5's `3,080 / 2,114` ceiling — I could not reproduce it, and the scope is why",ownership,docs/audits/B6_OWNERSHIP_CHANGE_SIGNAL_COVERAGE_2026-08-28.md:181,docs/audits/B6_OWNERSHIP_CHANGE_SIGNAL_COVERAGE_2026-08-28.md:181,lcc,stated: flagged issue/footgun,,B5
INV1-0345,W5.3 — Local-LLM (GaryBuilt/ollama) Evaluation on Real Accrued Intakes,ingestion,docs/audits/W5_3_LOCAL_LLM_EVALUATION_2026-08-06.md:1,docs/audits/W5_3_LOCAL_LLM_EVALUATION_2026-08-06.md:1,lcc,stated: shipped/live,,W5.3
INV1-0346,5. VERDICT (recorded in ROLLOUT_STATUS W5.3 — Wave 5 closes),docs & process,docs/audits/W5_3_LOCAL_LLM_EVALUATION_2026-08-06.md:77,docs/audits/W5_3_LOCAL_LLM_EVALUATION_2026-08-06.md:77,lcc,stated: unspecified (finding/round note),,W5.3
INV1-0347,A4b — a P138 guard rejected every SPE named after a street number,infra / CI / security,docs/audits/A4b_TRANSITION_CLEAN_GUARD_2026-08-27.md:1,docs/audits/A4b_TRANSITION_CLEAN_GUARD_2026-08-27.md:1,lcc,stated: unspecified (finding/round note),,P138
INV1-0348,"N15b — `entities.canonical_name` has SEVEN authors, and the merge detector is not one of its readers",identity,docs/audits/N15b_CANONICAL_NAME_AUTHORS_2026-08-27.md:3,docs/audits/N15b_CANONICAL_NAME_AUTHORS_2026-08-27.md:3,lcc,stated: unspecified (finding/round note),,N15b
INV1-0349,A2a — merging the duplicate entities that blocked the ownership chains,identity,docs/audits/A2a_AMBIGUOUS_ENTITY_MERGE_2026-08-27.md:1,docs/audits/A2a_AMBIGUOUS_ENTITY_MERGE_2026-08-27.md:1,lcc,stated: unspecified (finding/round note),,
INV1-0350,W3.3 — Retire the dangerous owner mergers (audit + fix),identity,docs/audits/W3.3_owner_merge_audit_2026-07-30.md:1,docs/audits/W3.3_owner_merge_audit_2026-07-30.md:1,lcc,stated: unspecified (finding/round note),,W3.3
INV1-0351,Unit 1 — `owner_merge_tick()` (gov),identity,docs/audits/W3.3_owner_merge_audit_2026-07-30.md:10,docs/audits/W3.3_owner_merge_audit_2026-07-30.md:10,gov,stated: unspecified (finding/round note),,
INV1-0352,Unit 2 — gov recorded→true owner resolver (`sidebar-pipeline.js`),ingestion,docs/audits/W3.3_owner_merge_audit_2026-07-30.md:84,docs/audits/W3.3_owner_merge_audit_2026-07-30.md:84,gov,stated: unspecified (finding/round note),,
INV1-0353,"B6d-assessor-marker — the assessor drain had no trace, and the trace is the verdict",docs & process,docs/audits/B6d_assessor_marker_ASSESSOR_DRAIN_TRACE_2026-09-01.md:1,docs/audits/B6d_assessor_marker_ASSESSOR_DRAIN_TRACE_2026-09-01.md:1,lcc,stated: unspecified (finding/round note),,B6d-assessor-marker
INV1-0354,2. Unit 1 — what shipped,docs & process,docs/audits/B6d_assessor_marker_ASSESSOR_DRAIN_TRACE_2026-09-01.md:44,docs/audits/B6d_assessor_marker_ASSESSOR_DRAIN_TRACE_2026-09-01.md:44,lcc,stated: shipped/live,,
INV1-0355,3. Unit 2 — the reason distribution,docs & process,docs/audits/B6d_assessor_marker_ASSESSOR_DRAIN_TRACE_2026-09-01.md:103,docs/audits/B6d_assessor_marker_ASSESSOR_DRAIN_TRACE_2026-09-01.md:103,lcc,stated: unspecified (finding/round note),,
INV1-0356,A4 / A4b — retire the unanswerable 74; adjudicate the 18 that were guarded away,ownership,docs/audits/A4_OWNERSHIP_LANE_RETIRE_AND_ADJUDICATE_2026-08-27.md:1,docs/audits/A4_OWNERSHIP_LANE_RETIRE_AND_ADJUDICATE_2026-08-27.md:1,lcc,stated: unspecified (finding/round note),,
INV1-0357,"Unit 1 — the 74 `no_records`, retired",ownership,docs/audits/A4_OWNERSHIP_LANE_RETIRE_AND_ADJUDICATE_2026-08-27.md:21,docs/audits/A4_OWNERSHIP_LANE_RETIRE_AND_ADJUDICATE_2026-08-27.md:21,lcc,stated: refuted/retired,,
INV1-0358,Unit 2 (A4b) — the 18 `all_guarded`: a measurement,ownership,docs/audits/A4_OWNERSHIP_LANE_RETIRE_AND_ADJUDICATE_2026-08-27.md:128,docs/audits/A4_OWNERSHIP_LANE_RETIRE_AND_ADJUDICATE_2026-08-27.md:128,lcc,stated: unspecified (finding/round note),,
INV1-0359,"The discriminator already exists, and the zero was pointed at a known positive (P182)",ownership,docs/audits/A4_OWNERSHIP_LANE_RETIRE_AND_ADJUDICATE_2026-08-27.md:171,docs/audits/A4_OWNERSHIP_LANE_RETIRE_AND_ADJUDICATE_2026-08-27.md:171,lcc,stated: unspecified (finding/round note),,P182
INV1-0360,UX-T1c — Decision Center bucket audit: static census (2026-09-08),docs & process,docs/audits/UX_T1c_DECISION_CENTER_BUCKET_AUDIT_2026-09-08.md:1 (2026-09-08),docs/audits/UX_T1c_DECISION_CENTER_BUCKET_AUDIT_2026-09-08.md:1 (2026-09-08),lcc,stated: unspecified (finding/round note),UX-T1c,UX-T1c
INV1-0361,"7. Live-verify pass, round 1 — the W5.2 trio: fully wired, zero verdicts ever (2026-09-08)",docs & process,docs/audits/UX_T1c_DECISION_CENTER_BUCKET_AUDIT_2026-09-08.md:196 (2026-09-08),docs/audits/UX_T1c_DECISION_CENTER_BUCKET_AUDIT_2026-09-08.md:196 (2026-09-08),lcc,stated: shipped/live,,W5.2
INV1-0362,10. UX-T1c-resolveown-vs-ownt0 — the `resolve_ownership` lane against the OWN-T0 store (2026-09-08),ownership,docs/audits/UX_T1c_DECISION_CENTER_BUCKET_AUDIT_2026-09-08.md:424 (2026-09-08),docs/audits/UX_T1c_DECISION_CENTER_BUCKET_AUDIT_2026-09-08.md:424 (2026-09-08),lcc,stated: unspecified (finding/round note),UX-T1c,OWN-T0;UX-T1c
INV1-0363,"10.3 Against the OWN-T0 store — 1,535 of 1,597 present, 470 in `conflict`",docs & process,docs/audits/UX_T1c_DECISION_CENTER_BUCKET_AUDIT_2026-09-08.md:483,docs/audits/UX_T1c_DECISION_CENTER_BUCKET_AUDIT_2026-09-08.md:483,lcc,stated: unspecified (finding/round note),,OWN-T0
INV1-0364,"C6 — a current holding now satisfies the gov seller-side bands, gated on reachability",BD engine,docs/audits/C6_CURRENT_HOLDING_SELLER_BANDS_2026-08-29.md:8,docs/audits/C6_CURRENT_HOLDING_SELLER_BANDS_2026-08-29.md:8,gov,stated: unspecified (finding/round note),,
INV1-0365,Open design questions for Scott (Stage 1 prompt resolves),docs & process,docs/audits/W10_VOICE_AND_DRAFTING_KICKOFF.md:77,docs/audits/W10_VOICE_AND_DRAFTING_KICKOFF.md:77,lcc,stated: unspecified (finding/round note),,
INV1-0366,"P124 (2026-08-21) — activation gates: the corpus is ready, two defects were not",docs & process,docs/audits/W10_VOICE_AND_DRAFTING_KICKOFF.md:172 (2026-08-21),docs/audits/W10_VOICE_AND_DRAFTING_KICKOFF.md:172 (2026-08-21),lcc,stated: unspecified (finding/round note),,P124
INV1-0367,"P125 (2026-08-21) — retrieval was grounding drafts in the wrong exemplars, and every surface read green",surfaces,docs/audits/W10_VOICE_AND_DRAFTING_KICKOFF.md:260 (2026-08-21),docs/audits/W10_VOICE_AND_DRAFTING_KICKOFF.md:260 (2026-08-21),lcc,stated: unspecified (finding/round note),,P125
INV1-0368,Superseded from the P124 entry above,BOV / OM / dossier,docs/audits/W10_VOICE_AND_DRAFTING_KICKOFF.md:324,docs/audits/W10_VOICE_AND_DRAFTING_KICKOFF.md:324,lcc,stated: refuted/retired,,P124
INV1-0369,Wave 8 — Ollama data-hygiene campaign (Scott's directive; kickoff `docs/audits/W53_AND_OLLAMA_HYGIENE_KICKOFF.md` Part 2),docs & process,docs/audits/ROLLOUT_STATUS.md:75,docs/audits/ROLLOUT_STATUS.md:75,lcc,stated: unspecified (finding/round note),,
INV1-0370,"W0.3 verification (2026-07-29, Claude Code session)",docs & process,docs/audits/ROLLOUT_STATUS.md:128 (2026-07-29),docs/audits/ROLLOUT_STATUS.md:128 (2026-07-29),lcc,stated: unspecified (finding/round note),,W0.3
INV1-0371,"Wave 4 — Entity-resolution modeling  ✅ COMPLETE (W4.1–W4.4, 2026-07-31)",identity,docs/audits/ROLLOUT_STATUS.md:197 (2026-07-31),docs/audits/ROLLOUT_STATUS.md:197 (2026-07-31),lcc,stated: shipped/live,,W4.1;W4.4
INV1-0372,A1 — `establish_ownership_history` is four jobs wearing one label. Split it.,ownership,docs/audits/A1_OWNERSHIP_LANE_SPLIT_2026-08-27.md:1,docs/audits/A1_OWNERSHIP_LANE_SPLIT_2026-08-27.md:1,lcc,stated: unspecified (finding/round note),,
INV1-0373,C2g — why 489 anchored owner-orgs are unresolved. Both leading hypotheses were wrong.,ownership,docs/audits/C2g_UNRESOLVED_OWNER_ORGS_2026-08-28.md:5,docs/audits/C2g_UNRESOLVED_OWNER_ORGS_2026-08-28.md:5,lcc,stated: unspecified (finding/round note),,
INV1-0374,"PR12 — `field_provenance` silently dropped any value carrying a quote, newline, tab or control char",docs & process,docs/audits/PR12_PROVENANCE_QUOTE_LOSS_2026-09-02.md:1,docs/audits/PR12_PROVENANCE_QUOTE_LOSS_2026-09-02.md:1,lcc,stated: unspecified (finding/round note),,
INV1-0375,4. PR5c is NOT explained by PR12,docs & process,docs/audits/PR12_PROVENANCE_QUOTE_LOSS_2026-09-02.md:133,docs/audits/PR12_PROVENANCE_QUOTE_LOSS_2026-09-02.md:133,lcc,stated: unspecified (finding/round note),,
INV1-0376,"A5 — `true_owner_needs_salesforce`: the lane never stalled, because it was never work",ownership,docs/audits/A5_TRUE_OWNER_SALESFORCE_STALL_2026-08-27.md:1,docs/audits/A5_TRUE_OWNER_SALESFORCE_STALL_2026-08-27.md:1,lcc,stated: unspecified (finding/round note),,
INV1-0377,"5. The P131 category — the lane is a mixture, and each part gets a different answer",ownership,docs/audits/A5_TRUE_OWNER_SALESFORCE_STALL_2026-08-27.md:122,docs/audits/A5_TRUE_OWNER_SALESFORCE_STALL_2026-08-27.md:122,lcc,stated: unspecified (finding/round note),,P131
INV1-0378,"PR5c-entities-c-review + -oldest — the 15-pair plan, and the ""oldest row wins"" defect measured (2026-09-03)",docs & process,docs/audits/PR5c_entities_c_review_oldest_2026-09-03.md:1 (2026-09-03),docs/audits/PR5c_entities_c_review_oldest_2026-09-03.md:1 (2026-09-03),lcc,stated: unspecified (finding/round note),,
INV1-0379,⚠️ The P195 winner rule DEGENERATES on this population,docs & process,docs/audits/PR5c_entities_c_review_oldest_2026-09-03.md:35,docs/audits/PR5c_entities_c_review_oldest_2026-09-03.md:35,lcc,stated: flagged issue/footgun,,P195
INV1-0380,"P198 — the ""two generic-stem cards"" were the residue of the arm holding up half the lane",docs & process,docs/audits/P198_PREFIX8_ARM_IS_LOAD_BEARING_2026-08-27.md:3,docs/audits/P198_PREFIX8_ARM_IS_LOAD_BEARING_2026-08-27.md:3,lcc,stated: unspecified (finding/round note),,P198
INV1-0381,6. N3h EXECUTED 2026-08-27 17:05 UTC — and Gardner was the point,docs & process,docs/audits/P198_PREFIX8_ARM_IS_LOAD_BEARING_2026-08-27.md:183 (2026-08-27),docs/audits/P198_PREFIX8_ARM_IS_LOAD_BEARING_2026-08-27.md:183 (2026-08-27),lcc,stated: unspecified (finding/round note),,
INV1-0382,"B6e-fred — green in CI, dead since birth, and the sweep was the bigger finding",ingestion,docs/audits/B6e_fred_GREEN_CI_DEAD_PRODUCER_2026-09-01.md:1,docs/audits/B6e_fred_GREEN_CI_DEAD_PRODUCER_2026-09-01.md:1,lcc,stated: unspecified (finding/round note),,B6e-fred
INV1-0383,"⚠️ The second instance is worse than it looks, and B6d-pri is why",ingestion,docs/audits/B6e_fred_GREEN_CI_DEAD_PRODUCER_2026-09-01.md:94,docs/audits/B6e_fred_GREEN_CI_DEAD_PRODUCER_2026-09-01.md:94,lcc,stated: flagged issue/footgun,,B6d-pri
INV1-0384,"W9.6 — correspondence → owner-LLC attribution (dry-run, 2026-08-13, Prompt 102)",ownership,docs/audits/W9_6_comms_owner_attribution_dryrun_2026-08-13.md:1 (2026-08-13),docs/audits/W9_6_comms_owner_attribution_dryrun_2026-08-13.md:1 (2026-08-13),lcc,stated: unspecified (finding/round note),,W9.6
INV1-0385,The gap (grounded live via W9.5),ownership,docs/audits/W9_6_comms_owner_attribution_dryrun_2026-08-13.md:23,docs/audits/W9_6_comms_owner_attribution_dryrun_2026-08-13.md:23,lcc,stated: shipped/live,,W9.5
INV1-0386,"Path-B precision pass (Prompt 103, 2026-08-13) — FLIP-READY",ownership,docs/audits/W9_6_comms_owner_attribution_dryrun_2026-08-13.md:75 (2026-08-13),docs/audits/W9_6_comms_owner_attribution_dryrun_2026-08-13.md:75 (2026-08-13),lcc,stated: unspecified (finding/round note),,
INV1-0387,A2b — one conveyance recorded on several dates (2026-08-27),docs & process,docs/audits/A2b_REPEAT_CONVEYANCE_COLLAPSE_2026-08-27.md:1 (2026-08-27),docs/audits/A2b_REPEAT_CONVEYANCE_COLLAPSE_2026-08-27.md:1 (2026-08-27),lcc,stated: unspecified (finding/round note),,
INV1-0388,Part 1 — Additional cleaning / connecting / consolidating recommendations,docs & process,docs/audits/LCC_Audit_Rollout_Plan.md:7,docs/audits/LCC_Audit_Rollout_Plan.md:7,lcc,stated: unspecified (finding/round note),,
INV1-0389,Part 2 — How to run this program,docs & process,docs/audits/LCC_Audit_Rollout_Plan.md:40,docs/audits/LCC_Audit_Rollout_Plan.md:40,lcc,stated: unspecified (finding/round note),,
INV1-0390,Part 3 — The waves and their prompts,docs & process,docs/audits/LCC_Audit_Rollout_Plan.md:57,docs/audits/LCC_Audit_Rollout_Plan.md:57,lcc,stated: unspecified (finding/round note),,
INV1-0391,Part 4 — Sequencing rationale (why this order),docs & process,docs/audits/LCC_Audit_Rollout_Plan.md:583,docs/audits/LCC_Audit_Rollout_Plan.md:583,lcc,stated: unspecified (finding/round note),,
INV1-0392,"C9 — C8b was wrong: the number is real, the entity is not. 60% of the callable list sits in an unresolved duplicate group.",identity,docs/audits/C9_MERGE_BACKLOG_REACHES_THE_OPERATOR_SURFACES_2026-08-29.md:5,docs/audits/C9_MERGE_BACKLOG_REACHES_THE_OPERATOR_SURFACES_2026-08-29.md:5,lcc,stated: unspecified (finding/round note),,
INV1-0393,SEC1-definer-default — anon-executable SECURITY DEFINER triage (2026-09-05),infra / CI / security,docs/audits/SEC1_DEFINER_ANON_TRIAGE_2026-09-05.md:1 (2026-09-05),docs/audits/SEC1_DEFINER_ANON_TRIAGE_2026-09-05.md:1 (2026-09-05),lcc,stated: unspecified (finding/round note),,SEC1-definer-default
INV1-0394,"✅ Unit 1 SHIPPED (PR #2136) — verified live from Cowork, 2026-09-05",docs & process,docs/audits/SEC1_DEFINER_ANON_TRIAGE_2026-09-05.md:102 (2026-09-05),docs/audits/SEC1_DEFINER_ANON_TRIAGE_2026-09-05.md:102 (2026-09-05),lcc,stated: shipped/live,,
INV1-0395,⚠️ Correction to the filing prompt: `lcc_apply_cleared_tombstones` is NOT the MERGE1 shape,identity,docs/audits/SEC1_DEFINER_ANON_TRIAGE_2026-09-05.md:143,docs/audits/SEC1_DEFINER_ANON_TRIAGE_2026-09-05.md:143,lcc,stated: flagged issue/footgun,,MERGE1
INV1-0396,"✅ Unit 1 SHIPPED, same day — the property-merge family is now fully locked",identity,docs/audits/SEC1_DEFINER_ANON_TRIAGE_2026-09-05.md:171,docs/audits/SEC1_DEFINER_ANON_TRIAGE_2026-09-05.md:171,lcc,stated: shipped/live,,
INV1-0397,"Unit 2 / Unit 3 — status: triaged, not swept",docs & process,docs/audits/SEC1_DEFINER_ANON_TRIAGE_2026-09-05.md:200,docs/audits/SEC1_DEFINER_ANON_TRIAGE_2026-09-05.md:200,lcc,stated: unspecified (finding/round note),,
INV1-0398,"B6a — a SKIPPED step emits nothing, and the health view was built on emitted rows",docs & process,docs/audits/B6a_SKIPPED_STEP_HEALTH_BLINDNESS_2026-08-28.md:1,docs/audits/B6a_SKIPPED_STEP_HEALTH_BLINDNESS_2026-08-28.md:1,lcc,stated: shipped/live,,B6a
INV1-0399,W3.7b — SF Listing/Deal attachment discovery → sf_files (2026-07-30),docs & process,docs/audits/W3.7b_listing_attachment_discovery_2026-07-30.md:1 (2026-07-30),docs/audits/W3.7b_listing_attachment_discovery_2026-07-30.md:1 (2026-07-30),lcc,stated: unspecified (finding/round note),,W3.7b
INV1-0400,"Link-coverage re-run (W3.7 report, refreshed 2026-07-30)",docs & process,docs/audits/W3.7b_listing_attachment_discovery_2026-07-30.md:82 (2026-07-30),docs/audits/W3.7b_listing_attachment_discovery_2026-07-30.md:82 (2026-07-30),lcc,stated: unspecified (finding/round note),,W3.7
INV1-0401,"ID2b — moving consumers onto `operator_id`: what was measured, what shipped, what is deferred",docs & process,docs/audits/ID2b_OPERATOR_ID_CONSUMER_SWITCH_2026-09-12.md:1,docs/audits/ID2b_OPERATOR_ID_CONSUMER_SWITCH_2026-09-12.md:1,lcc,stated: shipped/live,,
INV1-0402,"5. CM `cm_dialysis_*` grouping views — measured, NOT switched (named follow-up, ID2b-cm)",comps / capital markets,docs/audits/ID2b_OPERATOR_ID_CONSUMER_SWITCH_2026-09-12.md:161,docs/audits/ID2b_OPERATOR_ID_CONSUMER_SWITCH_2026-09-12.md:161,dia,stated: unspecified (finding/round note),,
INV1-0403,"B6b-lead — the ownership-change lead lane: graded, funnelled, and NOT restarted (2026-08-29)",ownership,docs/audits/B6b_lead_OWNERSHIP_LEAD_RESTART_2026-08-29.md:1 (2026-08-29),docs/audits/B6b_lead_OWNERSHIP_LEAD_RESTART_2026-08-29.md:1 (2026-08-29),lcc,stated: unspecified (finding/round note),,B6b-lead
INV1-0404,W9.2 — Contact-reachability internal harvest — dry-run sheet (2026-08-08),BD engine,docs/audits/W9_2_reachability_harvest_dryrun_2026-08-08.md:1 (2026-08-08),docs/audits/W9_2_reachability_harvest_dryrun_2026-08-08.md:1 (2026-08-08),lcc,stated: unspecified (finding/round note),,W9.2
INV1-0405,A5c — the research-task producer had no value gate,ingestion,docs/audits/A5c_RESEARCH_TASK_VALUE_GATE_2026-08-27.md:1,docs/audits/A5c_RESEARCH_TASK_VALUE_GATE_2026-08-27.md:1,lcc,stated: unspecified (finding/round note),,
INV1-0406,"C7 — the broker-assignment bridge works, is empty, and has nothing to fill it",docs & process,docs/audits/C7_BROKER_ASSIGNMENT_IS_PREMATURE_2026-08-29.md:4,docs/audits/C7_BROKER_ASSIGNMENT_IS_PREMATURE_2026-08-29.md:4,lcc,stated: unspecified (finding/round note),,
INV1-0407,5. Recommendation — do NOT build C4c yet,docs & process,docs/audits/C7_BROKER_ASSIGNMENT_IS_PREMATURE_2026-08-29.md:73,docs/audits/C7_BROKER_ASSIGNMENT_IS_PREMATURE_2026-08-29.md:73,lcc,stated: unspecified (finding/round note),,
INV1-0408,"B6c — `property_sale_events`: the table has a future, the two link columns do not",docs & process,docs/audits/B6c_PROPERTY_SALE_EVENTS_2026-08-28.md:1,docs/audits/B6c_PROPERTY_SALE_EVENTS_2026-08-28.md:1,lcc,stated: unspecified (finding/round note),,B6c
INV1-0409,"C1 — the Salesforce lanes: the consumer already exists, on a different surface",surfaces,docs/audits/C1_SALESFORCE_LANES_CONSUMER_OR_RETIRE_2026-08-27.md:1,docs/audits/C1_SALESFORCE_LANES_CONSUMER_OR_RETIRE_2026-08-27.md:1,lcc,stated: unspecified (finding/round note),,
INV1-0410,"6. P131 category — (a) small, (b) ZERO, (c) dominant, for both lanes",docs & process,docs/audits/C1_SALESFORCE_LANES_CONSUMER_OR_RETIRE_2026-08-27.md:200,docs/audits/C1_SALESFORCE_LANES_CONSUMER_OR_RETIRE_2026-08-27.md:200,lcc,stated: unspecified (finding/round note),,P131
INV1-0411,B6d-cms-escalation — dia has five scheduled producers and had no surface over any of them,ingestion,docs/audits/B6d_cms_escalation_DIA_PRODUCER_HEALTH_2026-09-01.md:1,docs/audits/B6d_cms_escalation_DIA_PRODUCER_HEALTH_2026-09-01.md:1,dia,stated: unspecified (finding/round note),,B6d-cms-escalation
INV1-0412,"B6d-cms — the CMS ingestion outage: a 30-day throttle on a daily cron, latched by its own crashes",ingestion,docs/audits/B6d_cms_INGESTION_REPAIR_2026-08-29.md:1,docs/audits/B6d_cms_INGESTION_REPAIR_2026-08-29.md:1,dia,stated: unspecified (finding/round note),,B6d-cms
INV1-0413,"Class 8, second instance — it ate my own repair inside 24 hours (P176, 2026-08-26)",docs & process,docs/audits/DEAD_END_AUDIT_PLAYBOOK.md:314 (2026-08-26),docs/audits/DEAD_END_AUDIT_PLAYBOOK.md:314 (2026-08-26),lcc,stated: unspecified (finding/round note),,P176
INV1-0414,"Class 8, third instance — and the detector's own blind spot (P177, 2026-08-26)",docs & process,docs/audits/DEAD_END_AUDIT_PLAYBOOK.md:351 (2026-08-26),docs/audits/DEAD_END_AUDIT_PLAYBOOK.md:351 (2026-08-26),lcc,stated: unspecified (finding/round note),,P177
INV1-0415,"Class 8, fourth instance and closure (P178, 2026-08-26)",docs & process,docs/audits/DEAD_END_AUDIT_PLAYBOOK.md:381 (2026-08-26),docs/audits/DEAD_END_AUDIT_PLAYBOOK.md:381 (2026-08-26),lcc,stated: unspecified (finding/round note),,P178
INV1-0416,Class 10 refinement — an exclusion keyed on an OPEN state that nothing ever CLEARS (P182),docs & process,docs/audits/DEAD_END_AUDIT_PLAYBOOK.md:556,docs/audits/DEAD_END_AUDIT_PLAYBOOK.md:556,lcc,stated: unspecified (finding/round note),,P182
INV1-0417,"Class 9 refinement — the sender exists, and writes to the WRONG receiver (P182)",docs & process,docs/audits/DEAD_END_AUDIT_PLAYBOOK.md:587,docs/audits/DEAD_END_AUDIT_PLAYBOOK.md:587,lcc,stated: unspecified (finding/round note),,P182
INV1-0418,"⚠️ Class 14 RECURRED INSIDE ITS OWN FIX — a new enum value satisfies every `<>` written against the old one (P194, 2026-08-26)",docs & process,docs/audits/DEAD_END_AUDIT_PLAYBOOK.md:899 (2026-08-26),docs/audits/DEAD_END_AUDIT_PLAYBOOK.md:899 (2026-08-26),lcc,stated: flagged issue/footgun,,P194
INV1-0419,"Class 13, second half (P187) — what fixing it taught, and the two traps in the fix",docs & process,docs/audits/DEAD_END_AUDIT_PLAYBOOK.md:1305,docs/audits/DEAD_END_AUDIT_PLAYBOOK.md:1305,lcc,stated: unspecified (finding/round note),,P187
INV1-0420,✅ Repaired 2026-08-28 (B6a) — and the detector above is INCOMPLETE,comps / capital markets,docs/audits/DEAD_END_AUDIT_PLAYBOOK.md:1765 (2026-08-28),docs/audits/DEAD_END_AUDIT_PLAYBOOK.md:1765 (2026-08-28),lcc,stated: shipped/live,,B6a
INV1-0421,"Class 12 — third instance (DOC1, 2026-09-01)",docs & process,docs/audits/DEAD_END_AUDIT_PLAYBOOK.md:2381 (2026-09-01),docs/audits/DEAD_END_AUDIT_PLAYBOOK.md:2381 (2026-09-01),lcc,stated: unspecified (finding/round note),,DOC1
INV1-0422,"Class 33 — a drain widened where nothing consumes the result (DOC7, 2026-09-01)",docs & process,docs/audits/DEAD_END_AUDIT_PLAYBOOK.md:2419 (2026-09-01),docs/audits/DEAD_END_AUDIT_PLAYBOOK.md:2419 (2026-09-01),lcc,stated: unspecified (finding/round note),DOC7,DOC7
INV1-0423,"OCR1 — local OCR vs Google Document AI: the bake-off harness, and what could and could not be measured",ingestion,docs/audits/OCR1_LOCAL_OCR_BAKEOFF_2026-09-02.md:1,docs/audits/OCR1_LOCAL_OCR_BAKEOFF_2026-09-02.md:1,lcc,stated: unspecified (finding/round note),OCR1,OCR1
INV1-0424,4. 🔴 A finding that changes OCR1b's scope: removing the OCR cap does not give the consumer the whole lease,ingestion,docs/audits/OCR1_LOCAL_OCR_BAKEOFF_2026-09-02.md:175,docs/audits/OCR1_LOCAL_OCR_BAKEOFF_2026-09-02.md:175,lcc,stated: unspecified (finding/round note),,OCR1b
INV1-0425,"5. Fail-soft detection (OCR1 §3) — ""the box is down"" vs ""the document has no text""",ingestion,docs/audits/OCR1_LOCAL_OCR_BAKEOFF_2026-09-02.md:196,docs/audits/OCR1_LOCAL_OCR_BAKEOFF_2026-09-02.md:196,lcc,stated: unspecified (finding/round note),OCR1,OCR1
INV1-0426,"8. OCR1c — the model self-agreement control, and three things the first run could not report (2026-09-02)",ingestion,docs/audits/OCR1_LOCAL_OCR_BAKEOFF_2026-09-02.md:268 (2026-09-02),docs/audits/OCR1_LOCAL_OCR_BAKEOFF_2026-09-02.md:268 (2026-09-02),lcc,stated: unspecified (finding/round note),OCR1c,OCR1c
INV1-0427,Ownership Research — Free-First Plan (W1.4 resolution),ownership,docs/audits/OWNERSHIP_RESEARCH_FREE_FIRST_PLAN.md:1,docs/audits/OWNERSHIP_RESEARCH_FREE_FIRST_PLAN.md:1,lcc,stated: unspecified (finding/round note),,W1.4
INV1-0428,P195 — merging the 60 byte-identical owner groups (2026-08-27),identity,docs/audits/P195_BYTE_IDENTICAL_OWNER_MERGE_2026-08-27.md:3 (2026-08-27),docs/audits/P195_BYTE_IDENTICAL_OWNER_MERGE_2026-08-27.md:3 (2026-08-27),lcc,stated: unspecified (finding/round note),,P195
INV1-0429,1. The IP-class split (P194 technique),docs & process,docs/audits/J13_TEARDOWN_PREFLIGHT_2026-09-09.md:29,docs/audits/J13_TEARDOWN_PREFLIGHT_2026-09-09.md:29,lcc,stated: unspecified (finding/round note),,P194
INV1-0430,"2a. Table/path footprint — this is NOT the ""one narrow path fingerprint"" P194 described",docs & process,docs/audits/J13_TEARDOWN_PREFLIGHT_2026-09-09.md:82,docs/audits/J13_TEARDOWN_PREFLIGHT_2026-09-09.md:82,lcc,stated: unspecified (finding/round note),,P194
INV1-0431,4. Candidate caller table (Unit 1b),docs & process,docs/audits/J13_TEARDOWN_PREFLIGHT_2026-09-09.md:209,docs/audits/J13_TEARDOWN_PREFLIGHT_2026-09-09.md:209,lcc,stated: unspecified (finding/round note),,
INV1-0432,"C2h — the ""silent feeder"" resolved every one of them. It is the sponsor↔SPE gap.",ingestion,docs/audits/C2h_SPONSOR_SPE_NOT_A_FEEDER_DEFECT_2026-08-28.md:5,docs/audits/C2h_SPONSOR_SPE_NOT_A_FEEDER_DEFECT_2026-08-28.md:5,lcc,stated: unspecified (finding/round note),,
INV1-0433,"N15d + N15e — the producer proof, and the 537",ingestion,docs/audits/N15d_N15e_PRODUCER_VERIFY_AND_HELD_RECOMPUTE_2026-08-27.md:12,docs/audits/N15d_N15e_PRODUCER_VERIFY_AND_HELD_RECOMPUTE_2026-08-27.md:12,lcc,stated: unspecified (finding/round note),,N15d;N15e
INV1-0434,"1. ⚠️ N15d's WALL-CLOCK ARM IS VACUOUS TODAY. It was not run, and it did not pass.",ingestion,docs/audits/N15d_N15e_PRODUCER_VERIFY_AND_HELD_RECOMPUTE_2026-08-27.md:29,docs/audits/N15d_N15e_PRODUCER_VERIFY_AND_HELD_RECOMPUTE_2026-08-27.md:29,lcc,stated: flagged issue/footgun,,N15d
INV1-0435,"⚠️ And N15b's recurrence query is not published, so it cannot be ""re-run""",ingestion,docs/audits/N15d_N15e_PRODUCER_VERIFY_AND_HELD_RECOMPUTE_2026-08-27.md:45,docs/audits/N15d_N15e_PRODUCER_VERIFY_AND_HELD_RECOMPUTE_2026-08-27.md:45,lcc,stated: flagged issue/footgun,,N15b
INV1-0436,"3. N15e — the 537, and the premise that shrank under measurement",ingestion,docs/audits/N15d_N15e_PRODUCER_VERIFY_AND_HELD_RECOMPUTE_2026-08-27.md:90,docs/audits/N15d_N15e_PRODUCER_VERIFY_AND_HELD_RECOMPUTE_2026-08-27.md:90,lcc,stated: unspecified (finding/round note),,N15e
INV1-0437,"The round trip was RUN, not asserted (P195)",ingestion,docs/audits/N15d_N15e_PRODUCER_VERIFY_AND_HELD_RECOMPUTE_2026-08-27.md:119,docs/audits/N15d_N15e_PRODUCER_VERIFY_AND_HELD_RECOMPUTE_2026-08-27.md:119,lcc,stated: unspecified (finding/round note),,P195
INV1-0438,1a. N15d RESOLVED — 2026-08-28 02:30 UTC (appended),ingestion,docs/audits/N15d_N15e_PRODUCER_VERIFY_AND_HELD_RECOMPUTE_2026-08-27.md:204 (2026-08-28),docs/audits/N15d_N15e_PRODUCER_VERIFY_AND_HELD_RECOMPUTE_2026-08-27.md:204 (2026-08-28),lcc,stated: unspecified (finding/round note),,N15d
INV1-0439,A5a — the research-task generator auto-closed over a truncated feed,ingestion,docs/audits/A5a_AUTOCLOSE_TRUNCATION_FIX_2026-08-27.md:1,docs/audits/A5a_AUTOCLOSE_TRUNCATION_FIX_2026-08-27.md:1,lcc,stated: refuted/retired,,
INV1-0440,"2. ⚠️ Three lanes have never had a single task, and A5 did not see them",docs & process,docs/audits/A5a_AUTOCLOSE_TRUNCATION_FIX_2026-08-27.md:57,docs/audits/A5a_AUTOCLOSE_TRUNCATION_FIX_2026-08-27.md:57,lcc,stated: flagged issue/footgun,,
INV1-0441,"7. A5b-repair — FILED, NOT BUILT",docs & process,docs/audits/A5a_AUTOCLOSE_TRUNCATION_FIX_2026-08-27.md:218,docs/audits/A5a_AUTOCLOSE_TRUNCATION_FIX_2026-08-27.md:218,lcc,stated: shipped/live,,
INV1-0442,"C5 — 1,924 owners carry a deal-timing signal and cannot be seen; the `buyer` exclusion is the larger half",ownership,docs/audits/C5_CALLABLE_TODAY_AND_THE_BUYER_EXCLUSION_2026-08-28.md:8,docs/audits/C5_CALLABLE_TODAY_AND_THE_BUYER_EXCLUSION_2026-08-28.md:8,lcc,stated: unspecified (finding/round note),,
INV1-0443,"2. ⚠️ The `buyer` exclusion — C4e, answered",docs & process,docs/audits/C5_CALLABLE_TODAY_AND_THE_BUYER_EXCLUSION_2026-08-28.md:44,docs/audits/C5_CALLABLE_TODAY_AND_THE_BUYER_EXCLUSION_2026-08-28.md:44,lcc,stated: flagged issue/footgun,,
INV1-0444,"5b. ⚠️ C5b answered — and it corrects §5's ""narrower"" framing",docs & process,docs/audits/C5_CALLABLE_TODAY_AND_THE_BUYER_EXCLUSION_2026-08-28.md:140,docs/audits/C5_CALLABLE_TODAY_AND_THE_BUYER_EXCLUSION_2026-08-28.md:140,lcc,stated: flagged issue/footgun,,
INV1-0445,"C2e — the no-floor, eligible-set gov asset mint: tranche one, and the noise cost finally measured",docs & process,docs/audits/C2e_ELIGIBLE_SET_ASSET_MINT_2026-08-28.md:5,docs/audits/C2e_ELIGIBLE_SET_ASSET_MINT_2026-08-28.md:5,gov,stated: unspecified (finding/round note),,
INV1-0446,A producer proof N15d was waiting for,ingestion,docs/audits/C2e_ELIGIBLE_SET_ASSET_MINT_2026-08-28.md:193,docs/audits/C2e_ELIGIBLE_SET_ASSET_MINT_2026-08-28.md:193,lcc,stated: unspecified (finding/round note),,N15d
INV1-0447,"W10 Stage 2 — sample drafts (`/api/draft-assist`) — ""does this sound like me?""",docs & process,docs/audits/W10_STAGE2_SAMPLE_DRAFTS.md:1,docs/audits/W10_STAGE2_SAMPLE_DRAFTS.md:1,lcc,stated: unspecified (finding/round note),,
INV1-0448,W9.3 — SF linkage drain + live re-score — dry-run sheet (2026-08-08),docs & process,docs/audits/W9_3_sf_linkage_drain_dryrun_2026-08-08.md:1 (2026-08-08),docs/audits/W9_3_sf_linkage_drain_dryrun_2026-08-08.md:1 (2026-08-08),lcc,stated: shipped/live,,W9.3
INV1-0449,"C4 — the whole BD queue is gated on one unset column, and half that gate has never matched a row",BD engine,docs/audits/C4_RANKING_LAYER_ROLE_GATE_2026-08-28.md:11,docs/audits/C4_RANKING_LAYER_ROLE_GATE_2026-08-28.md:11,lcc,stated: unspecified (finding/round note),,
INV1-0450,B6a-follow-up — the monitor went quiet at the moment it went blind,docs & process,docs/audits/B6a_FOLLOWUP_FRESHNESS_MONITOR_2026-08-28.md:1,docs/audits/B6a_FOLLOWUP_FRESHNESS_MONITOR_2026-08-28.md:1,lcc,stated: unspecified (finding/round note),,B6a-follow-up
INV1-0451,"B1a — merging the duplicate entities that blocked the chains, and the premise that did not survive it",identity,docs/audits/B1a_AMBIGUOUS_ENTITY_MERGE_2026-08-28.md:1,docs/audits/B1a_AMBIGUOUS_ENTITY_MERGE_2026-08-28.md:1,lcc,stated: unspecified (finding/round note),,B1a
INV1-0452,3.1 Dialysis `v_available_listings` (A1),comps / capital markets,docs/audits/SALES_AND_AVAILABLE_COMPS_DEFINITION_AUDIT_2026-05-29.md:145,docs/audits/SALES_AND_AVAILABLE_COMPS_DEFINITION_AUDIT_2026-05-29.md:145,dia,stated: unspecified (finding/round note),,
INV1-0453,3.2 Government `v_available_listings` (A2),comps / capital markets,docs/audits/SALES_AND_AVAILABLE_COMPS_DEFINITION_AUDIT_2026-05-29.md:166,docs/audits/SALES_AND_AVAILABLE_COMPS_DEFINITION_AUDIT_2026-05-29.md:166,gov,stated: unspecified (finding/round note),,
INV1-0454,3.3 Surface-level re-filtering disagreement (A3 / A4),comps / capital markets,docs/audits/SALES_AND_AVAILABLE_COMPS_DEFINITION_AUDIT_2026-05-29.md:187,docs/audits/SALES_AND_AVAILABLE_COMPS_DEFINITION_AUDIT_2026-05-29.md:187,lcc,stated: unspecified (finding/round note),,
INV1-0455,R1 — Make the two exclusion mechanisms one (fixes S2/S3/S4) — **do first**,comps / capital markets,docs/audits/SALES_AND_AVAILABLE_COMPS_DEFINITION_AUDIT_2026-05-29.md:232,docs/audits/SALES_AND_AVAILABLE_COMPS_DEFINITION_AUDIT_2026-05-29.md:232,lcc,stated: unspecified (finding/round note),,
INV1-0456,R2 — Stop the dia dashboard reading raw `sales_transactions` (fixes S2),comps / capital markets,docs/audits/SALES_AND_AVAILABLE_COMPS_DEFINITION_AUDIT_2026-05-29.md:245,docs/audits/SALES_AND_AVAILABLE_COMPS_DEFINITION_AUDIT_2026-05-29.md:245,dia,stated: unspecified (finding/round note),,
INV1-0457,R3 — One shared `isListingActive()` + lifecycle-aware views (fixes A1/A2/A4),comps / capital markets,docs/audits/SALES_AND_AVAILABLE_COMPS_DEFINITION_AUDIT_2026-05-29.md:250,docs/audits/SALES_AND_AVAILABLE_COMPS_DEFINITION_AUDIT_2026-05-29.md:250,lcc,stated: unspecified (finding/round note),,
INV1-0458,R4 — Unify (or explicitly label) the TTM window (fixes S5),comps / capital markets,docs/audits/SALES_AND_AVAILABLE_COMPS_DEFINITION_AUDIT_2026-05-29.md:260,docs/audits/SALES_AND_AVAILABLE_COMPS_DEFINITION_AUDIT_2026-05-29.md:260,lcc,stated: unspecified (finding/round note),,
INV1-0459,R5 — Normalize `status`/`listing_status` at write time,comps / capital markets,docs/audits/SALES_AND_AVAILABLE_COMPS_DEFINITION_AUDIT_2026-05-29.md:266,docs/audits/SALES_AND_AVAILABLE_COMPS_DEFINITION_AUDIT_2026-05-29.md:266,lcc,stated: unspecified (finding/round note),,
INV1-0460,R6 — Add a backslide check,comps / capital markets,docs/audits/SALES_AND_AVAILABLE_COMPS_DEFINITION_AUDIT_2026-05-29.md:272,docs/audits/SALES_AND_AVAILABLE_COMPS_DEFINITION_AUDIT_2026-05-29.md:272,lcc,stated: unspecified (finding/round note),,
INV1-0461,B6d-cms-step + B6d-pri-reason — the error channel works; the audit was pointed at a decoy column,docs & process,docs/audits/B6d_cms_step_ERROR_CHANNEL_2026-08-31.md:1,docs/audits/B6d_cms_step_ERROR_CHANNEL_2026-08-31.md:1,dia,stated: unspecified (finding/round note),,B6d-cms-step;B6d-pri-reason
INV1-0462,3. B6d-pri-reason — a placeholder that LATCHES,docs & process,docs/audits/B6d_cms_step_ERROR_CHANNEL_2026-08-31.md:103,docs/audits/B6d_cms_step_ERROR_CHANNEL_2026-08-31.md:103,dia,stated: unspecified (finding/round note),,B6d-pri-reason
INV1-0463,7.2 ⚠️ B6d-pri's own comment is false in effect,docs & process,docs/audits/B6d_cms_step_ERROR_CHANNEL_2026-08-31.md:255,docs/audits/B6d_cms_step_ERROR_CHANNEL_2026-08-31.md:255,dia,stated: flagged issue/footgun,,B6d-pri
INV1-0464,P188 — the Tier 0 confirm lane: the bench becomes calls,docs & process,docs/audits/P188_TIER0_CONFIRM_LANE_2026-08-26.md:3,docs/audits/P188_TIER0_CONFIRM_LANE_2026-08-26.md:3,lcc,stated: unspecified (finding/round note),,P188
INV1-0465,5. ⚠️ P187's fan-out gate re-introduced the exact cross product P186 removed,docs & process,docs/audits/P188_TIER0_CONFIRM_LANE_2026-08-26.md:147,docs/audits/P188_TIER0_CONFIRM_LANE_2026-08-26.md:147,lcc,stated: flagged issue/footgun,,P186;P187
INV1-0466,"10. NOT touched here — carried forward from P186/P187, unchanged",docs & process,docs/audits/P188_TIER0_CONFIRM_LANE_2026-08-26.md:315,docs/audits/P188_TIER0_CONFIRM_LANE_2026-08-26.md:315,lcc,stated: unspecified (finding/round note),,P186;P187
INV1-0467,"C12 — C4a sized: the classifier is easy, its consumer is the problem",docs & process,docs/audits/C12_C4a_DECISION_BRIEF_2026-08-31.md:22,docs/audits/C12_C4a_DECISION_BRIEF_2026-08-31.md:22,lcc,stated: unspecified (finding/round note),,
INV1-0468,4. What this settles about C4b,docs & process,docs/audits/C12_C4a_DECISION_BRIEF_2026-08-31.md:102,docs/audits/C12_C4a_DECISION_BRIEF_2026-08-31.md:102,lcc,stated: unspecified (finding/round note),,
INV1-0469,7. Recommended safe path (revised — supersedes first-audit R3),docs & process,docs/audits/ON_MARKET_LIFECYCLE_CATEGORIZATION_REVIEW_2026-05-29.md:183,docs/audits/ON_MARKET_LIFECYCLE_CATEGORIZATION_REVIEW_2026-05-29.md:183,lcc,stated: unspecified (finding/round note),,
INV1-0470,"W9.1 (Prompt 98) — Contact-acquisition engine, Stage 1 — dry-run + grounding (2026-08-12)",BD engine,docs/audits/W9_1_contact_acquisition_dryrun_2026-08-12.md:1 (2026-08-12),docs/audits/W9_1_contact_acquisition_dryrun_2026-08-12.md:1 (2026-08-12),lcc,stated: unspecified (finding/round note),,W9.1
INV1-0471,A2 — apply the 380 `agrees` chains. The lane completes a task for the first time.,ownership,docs/audits/A2_OWNERSHIP_CHAIN_APPLY_2026-08-27.md:1,docs/audits/A2_OWNERSHIP_CHAIN_APPLY_2026-08-27.md:1,lcc,stated: shipped/live,,
INV1-0472,Three defects the live apply exposed in A2 itself,ownership,docs/audits/A2_OWNERSHIP_CHAIN_APPLY_2026-08-27.md:125,docs/audits/A2_OWNERSHIP_CHAIN_APPLY_2026-08-27.md:125,lcc,stated: shipped/live,,
INV1-0473,B1 — the $500k floor was gating FREE work. Split it by consumer.,docs & process,docs/audits/B1_CHAIN_VALUE_FLOOR_SPLIT_2026-08-28.md:1,docs/audits/B1_CHAIN_VALUE_FLOOR_SPLIT_2026-08-28.md:1,lcc,stated: unspecified (finding/round note),,B1
INV1-0474,MERGE1 — property merge FOLD-on-collision (2026-09-05),identity,docs/audits/MERGE1_PROPERTY_MERGE_COLLISION_FOLD.md:1 (2026-09-05),docs/audits/MERGE1_PROPERTY_MERGE_COLLISION_FOLD.md:1 (2026-09-05),lcc,stated: unspecified (finding/round note),,MERGE1
INV1-0475,"🚨 MERGE1-sec — the four new fold helpers shipped ANON-EXECUTABLE (found + fixed 2026-09-05, Cowork)",identity,docs/audits/MERGE1_PROPERTY_MERGE_COLLISION_FOLD.md:151 (2026-09-05),docs/audits/MERGE1_PROPERTY_MERGE_COLLISION_FOLD.md:151 (2026-09-05),lcc,stated: shipped/live,,MERGE1
INV1-0476,"P197 — the Tier 0 lane read ONE employer source, by ONE key (2026-08-27)",docs & process,docs/audits/P197_TIER0_EMPLOYER_RESOLVER_2026-08-27.md:3 (2026-08-27),docs/audits/P197_TIER0_EMPLOYER_RESOLVER_2026-08-27.md:3 (2026-08-27),lcc,stated: unspecified (finding/round note),,P197
INV1-0477,C8 — the prospecting brief hides $515M of resolved owners to exclude 3 brokerages,ownership,docs/audits/C8_PROSPECTING_BRIEF_EXCLUDES_THE_BOOK_2026-08-29.md:45,docs/audits/C8_PROSPECTING_BRIEF_EXCLUDES_THE_BOOK_2026-08-29.md:45,lcc,stated: unspecified (finding/round note),,
INV1-0478,1. C4b first — and it is inert,BD engine,docs/audits/C8_PROSPECTING_BRIEF_EXCLUDES_THE_BOOK_2026-08-29.md:61,docs/audits/C8_PROSPECTING_BRIEF_EXCLUDES_THE_BOOK_2026-08-29.md:61,lcc,stated: unspecified (finding/round note),,
INV1-0479,"3. The fix — C6's rule, on the second surface",BD engine,docs/audits/C8_PROSPECTING_BRIEF_EXCLUDES_THE_BOOK_2026-08-29.md:151,docs/audits/C8_PROSPECTING_BRIEF_EXCLUDES_THE_BOOK_2026-08-29.md:151,lcc,stated: unspecified (finding/round note),,
INV1-0480,PR5c — the 33 LCC-internal rungs: five callers were sending a value the table refuses,docs & process,docs/audits/PR5c_INTERNAL_RUNG_VERDICTS_2026-09-02.md:1,docs/audits/PR5c_INTERNAL_RUNG_VERDICTS_2026-09-02.md:1,lcc,stated: unspecified (finding/round note),,
INV1-0481,2. ⚠️ PR12 §4 measured the right thing about the wrong population,docs & process,docs/audits/PR5c_INTERNAL_RUNG_VERDICTS_2026-09-02.md:70,docs/audits/PR5c_INTERNAL_RUNG_VERDICTS_2026-09-02.md:70,lcc,stated: flagged issue/footgun,,
INV1-0482,4. ⚠️ PR5 §1a's headline is corrected: it HAS run on an LCC-internal table,docs & process,docs/audits/PR5c_INTERNAL_RUNG_VERDICTS_2026-09-02.md:159,docs/audits/PR5c_INTERNAL_RUNG_VERDICTS_2026-09-02.md:159,lcc,stated: flagged issue/footgun,,
INV1-0483,5. ⚠️ PR12's failure signal cannot see any of these five,docs & process,docs/audits/PR5c_INTERNAL_RUNG_VERDICTS_2026-09-02.md:169,docs/audits/PR5c_INTERNAL_RUNG_VERDICTS_2026-09-02.md:169,lcc,stated: flagged issue/footgun,,
INV1-0484,P140 — grading the dormant `OWNERSHIP_CHAIN_ROLE_LABELS` layer (2026-08-26),ownership,docs/audits/P140_ROLE_LABEL_GRADE_DRYRUN_2026-08-26.md:1 (2026-08-26),docs/audits/P140_ROLE_LABEL_GRADE_DRYRUN_2026-08-26.md:1 (2026-08-26),lcc,stated: unspecified (finding/round note),,P140
INV1-0485,PR5c-entities-c — the six named predicates are all refuted; the sibling tier carries the same defect (2026-09-03),docs & process,docs/audits/PR5c_entities_c_EMAIL_TIER_DOMAIN_SCOPE_2026-09-03.md:1 (2026-09-03),docs/audits/PR5c_entities_c_EMAIL_TIER_DOMAIN_SCOPE_2026-09-03.md:1 (2026-09-03),lcc,stated: refuted/retired,,
INV1-0486,"UX-T1a Part A — the seller-first queue, measured gate by gate",docs & process,docs/audits/UX_T1a_SELLER_QUEUE_MEASUREMENT_2026-09.md:24,docs/audits/UX_T1a_SELLER_QUEUE_MEASUREMENT_2026-09.md:24,lcc,stated: unspecified (finding/round note),,UX-T1a
INV1-0487,"⚠️ 2a. THE OBVIOUS VALIDATION IS CIRCULAR FOR 25% OF GOV, AND `p75 = 1.000` IS THE TELL",docs & process,docs/audits/UX_T1a_SELLER_QUEUE_MEASUREMENT_2026-09.md:102,docs/audits/UX_T1a_SELLER_QUEUE_MEASUREMENT_2026-09.md:102,gov,stated: flagged issue/footgun,,
INV1-0488,PR5c-entities — the `entities` ladder had 13 rungs and no caller,docs & process,docs/audits/PR5c_entities_LADDER_WIRED_2026-09-02.md:1,docs/audits/PR5c_entities_LADDER_WIRED_2026-09-02.md:1,lcc,stated: unspecified (finding/round note),,
INV1-0489,"C2b — the Salesforce bridge self-healed, and the residue is not an owner problem",ownership,docs/audits/C2b_SALESFORCE_BRIDGE_SELF_HEALED_2026-08-28.md:5,docs/audits/C2b_SALESFORCE_BRIDGE_SELF_HEALED_2026-08-28.md:5,lcc,stated: unspecified (finding/round note),,
INV1-0490,N15c — `entities.canonical_name` gets one writer,identity,docs/audits/N15c_CANONICAL_NAME_SINGLE_WRITER_2026-08-27.md:17,docs/audits/N15c_CANONICAL_NAME_SINGLE_WRITER_2026-08-27.md:17,lcc,stated: unspecified (finding/round note),,N15c
INV1-0491,"W10 — Fuller email-body ingestion (past the ~255-char bodyPreview cap) (2026-08-14, Prompt 110)",ingestion,docs/audits/W10_FULL_BODY_INGESTION_2026-08-14.md:1 (2026-08-14),docs/audits/W10_FULL_BODY_INGESTION_2026-08-14.md:1 (2026-08-14),lcc,stated: unspecified (finding/round note),,
INV1-0492,"B6b — the GSA landlord-change detector, restarted",docs & process,docs/audits/B6b_GSA_LANDLORD_CHANGE_RESTART_2026-08-28.md:1,docs/audits/B6b_GSA_LANDLORD_CHANGE_RESTART_2026-08-28.md:1,gov,stated: unspecified (finding/round note),,B6b
INV1-0493,8. ⚠️ B6's G3 row is REFUTED — and by the same trap that produced it,docs & process,docs/audits/B6b_GSA_LANDLORD_CHANGE_RESTART_2026-08-28.md:249,docs/audits/B6b_GSA_LANDLORD_CHANGE_RESTART_2026-08-28.md:249,gov,stated: refuted/retired,,B6
INV1-0494,"P186 — Tier 0 promoter, steps 1 and 2: the view is fixed, and the bench needs your call",docs & process,docs/audits/P186_TIER0_VIEW_FIX_AND_BENCH_REVIEW_2026-08-26.md:3,docs/audits/P186_TIER0_VIEW_FIX_AND_BENCH_REVIEW_2026-08-26.md:3,lcc,stated: unspecified (finding/round note),,P186
INV1-0495,"Round 3 — P187 shipped the matching fix. What §6 predicted, measured.",docs & process,docs/audits/P186_TIER0_VIEW_FIX_AND_BENCH_REVIEW_2026-08-26.md:344,docs/audits/P186_TIER0_VIEW_FIX_AND_BENCH_REVIEW_2026-08-26.md:344,lcc,stated: shipped/live,,P187
INV1-0496,B6d — grade the feed expectations before the alert surface becomes noise (2026-08-29),ingestion,docs/audits/B6d_FEED_EXPECTATION_GRADING_2026-08-29.md:1 (2026-08-29),docs/audits/B6d_FEED_EXPECTATION_GRADING_2026-08-29.md:1 (2026-08-29),lcc,stated: unspecified (finding/round note),,B6d
INV1-0497,Kickoff — W5.3 Local-LLM Evaluation + Ollama Data-Hygiene Campaign (W8),docs & process,docs/audits/W53_AND_OLLAMA_HYGIENE_KICKOFF.md:11,docs/audits/W53_AND_OLLAMA_HYGIENE_KICKOFF.md:11,lcc,stated: unspecified (finding/round note),,W5.3
INV1-0498,Part 1 — W5.3: grade GaryBuilt (ollama) on real accrued intakes (closes Wave 5),ingestion,docs/audits/W53_AND_OLLAMA_HYGIENE_KICKOFF.md:19,docs/audits/W53_AND_OLLAMA_HYGIENE_KICKOFF.md:19,lcc,stated: shipped/live,,W5.3
INV1-0499,"Part 2 — W8: Ollama data-hygiene campaign (Scott's directive, 2026-08-06)",docs & process,docs/audits/W53_AND_OLLAMA_HYGIENE_KICKOFF.md:48 (2026-08-06),docs/audits/W53_AND_OLLAMA_HYGIENE_KICKOFF.md:48 (2026-08-06),lcc,stated: unspecified (finding/round note),,
INV1-0500,"P194 — the Tier 0 auto-attach sweep, and what a ""living loop"" actually needs",docs & process,docs/audits/P194_TIER0_AUTO_ATTACH_AND_LIVING_LOOP_2026-08-26.md:3,docs/audits/P194_TIER0_AUTO_ATTACH_AND_LIVING_LOOP_2026-08-26.md:3,lcc,stated: unspecified (finding/round note),,P194
INV1-0501,PR5 — the 39 registered ladder sources that have never written a field,docs & process,docs/audits/PR5_LADDER_SOURCE_TRIAGE_2026-09-02.md:1,docs/audits/PR5_LADDER_SOURCE_TRIAGE_2026-09-02.md:1,lcc,stated: unspecified (finding/round note),,
INV1-0502,"5. PR7 re-measured: 19 orphan pairs, not 1 — and only one is live",docs & process,docs/audits/PR5_LADDER_SOURCE_TRIAGE_2026-09-02.md:222,docs/audits/PR5_LADDER_SOURCE_TRIAGE_2026-09-02.md:222,lcc,stated: shipped/live,,
INV1-0503,"6. PR9 stated, not decided — and the framing changes with the data",docs & process,docs/audits/PR5_LADDER_SOURCE_TRIAGE_2026-09-02.md:267,docs/audits/PR5_LADDER_SOURCE_TRIAGE_2026-09-02.md:267,lcc,stated: unspecified (finding/round note),,
INV1-0504,"⚠️ The C8 pre-aggregate precedent is the wrong shape here — measured, not assumed",BD engine,docs/audits/C11_CALL_SHEET_CONTACT_BASIS_2026-08-31.md:133,docs/audits/C11_CALL_SHEET_CONTACT_BASIS_2026-08-31.md:133,lcc,stated: flagged issue/footgun,,
INV1-0505,ID2b-caps — `rpc_query_comps` carries operator_id; the per-operator cap-rate band fragmentation is fixed (2026-09-12),comps / capital markets,docs/audits/ID2b_caps_RPC_QUERY_COMPS_OPERATOR_ID_2026-09-12.md:1 (2026-09-12),docs/audits/ID2b_caps_RPC_QUERY_COMPS_OPERATOR_ID_2026-09-12.md:1 (2026-09-12),lcc,stated: unspecified (finding/round note),,
INV1-0506,"ID2b-remaining — sized, not built",comps / capital markets,docs/audits/ID2b_caps_RPC_QUERY_COMPS_OPERATOR_ID_2026-09-12.md:118,docs/audits/ID2b_caps_RPC_QUERY_COMPS_OPERATOR_ID_2026-09-12.md:118,lcc,stated: shipped/live,,
INV1-0507,"Addendum — ID2b-caps-2 SHIPPED + VERIFIED LIVE, 2026-09-12",comps / capital markets,docs/audits/ID2b_caps_RPC_QUERY_COMPS_OPERATOR_ID_2026-09-12.md:155 (2026-09-12),docs/audits/ID2b_caps_RPC_QUERY_COMPS_OPERATOR_ID_2026-09-12.md:155 (2026-09-12),lcc,stated: shipped/live,,
INV1-0508,PR5d — `costar_cmbs_loan`: 121 rungs for a capture arm that has never fired,docs & process,docs/audits/PR5d_COSTAR_CMBS_LOAN_ARM_2026-09-03.md:1,docs/audits/PR5d_COSTAR_CMBS_LOAN_ARM_2026-09-03.md:1,lcc,stated: unspecified (finding/round note),,
INV1-0509,"5. UX-T1a reconciliation — ""the debt D has no LCC table at all""",docs & process,docs/audits/PR5d_COSTAR_CMBS_LOAN_ARM_2026-09-03.md:144,docs/audits/PR5d_COSTAR_CMBS_LOAN_ARM_2026-09-03.md:144,lcc,stated: unspecified (finding/round note),,UX-T1a
INV1-0510,✅ Lock 1 — RESOLVED 2026-08-28 (B1). The floor is now split by consumer.,ingestion,docs/audits/BD_PIPELINE_FUNNEL_AUDIT_2026-08-28.md:35 (2026-08-28),docs/audits/BD_PIPELINE_FUNNEL_AUDIT_2026-08-28.md:35 (2026-08-28),lcc,stated: shipped/live,,B1
INV1-0511,"3b. 🔁 RE-EVALUATION after B1a — the funnel has a floor, and it is DOCUMENT ACQUISITION",ingestion,docs/audits/BD_PIPELINE_FUNNEL_AUDIT_2026-08-28.md:124,docs/audits/BD_PIPELINE_FUNNEL_AUDIT_2026-08-28.md:124,lcc,stated: unspecified (finding/round note),,B1a
INV1-0512,"3c-ii. And B5 is not the only one — two more unconsumed sources, found in ten minutes",ingestion,docs/audits/BD_PIPELINE_FUNNEL_AUDIT_2026-08-28.md:227,docs/audits/BD_PIPELINE_FUNNEL_AUDIT_2026-08-28.md:227,lcc,stated: unspecified (finding/round note),,B5
INV1-0513,W3.7c — Listing/Deal OM discovery via Power Automate collector (2026-07-31),BOV / OM / dossier,docs/audits/W3.7c_pa_collector_file_discovery_2026-07-31.md:1 (2026-07-31),docs/audits/W3.7c_pa_collector_file_discovery_2026-07-31.md:1 (2026-07-31),lcc,stated: unspecified (finding/round note),,W3.7c
INV1-0514,"W9.4 — Comms-harvest arm dry-run + grounding (2026-08-12, Prompt 94)",docs & process,docs/audits/W9_4_comms_harvest_dryrun_2026-08-12.md:1 (2026-08-12),docs/audits/W9_4_comms_harvest_dryrun_2026-08-12.md:1 (2026-08-12),lcc,stated: unspecified (finding/round note),,W9.4
INV1-0515,"ID0 — Identity & value-domain probe across Dialysis_DB and government (2026-09-11, Cowork, read-only)",identity,docs/audits/ID0_IDENTITY_VALUE_DOMAIN_PROBE_2026-09-11.md:1 (2026-09-11),docs/audits/ID0_IDENTITY_VALUE_DOMAIN_PROBE_2026-09-11.md:1 (2026-09-11),all,stated: unspecified (finding/round note),,
INV1-0516,ID1 — Operator/tenant identity audit: trace the split to the source of record,identity,docs/audits/ID1_OPERATOR_IDENTITY_AUDIT_2026-09.md:1,docs/audits/ID1_OPERATOR_IDENTITY_AUDIT_2026-09.md:1,lcc,stated: unspecified (finding/round note),,
INV1-0517,5. Design — the one fix (proposal only; do not execute in ID1),identity,docs/audits/ID1_OPERATOR_IDENTITY_AUDIT_2026-09.md:300,docs/audits/ID1_OPERATOR_IDENTITY_AUDIT_2026-09.md:300,lcc,stated: unspecified (finding/round note),,
INV1-0518,"8. Open items for ID2 (carried into the backlog, §9)",identity,docs/audits/ID1_OPERATOR_IDENTITY_AUDIT_2026-09.md:482,docs/audits/ID1_OPERATOR_IDENTITY_AUDIT_2026-09.md:482,lcc,stated: unspecified (finding/round note),,
INV1-0519,"12. ID2a addendum — shipped, unapplied (2026-09-11, session 3)",identity,docs/audits/ID1_OPERATOR_IDENTITY_AUDIT_2026-09.md:721 (2026-09-11),docs/audits/ID1_OPERATOR_IDENTITY_AUDIT_2026-09.md:721 (2026-09-11),lcc,stated: shipped/live,,
INV1-0520,"OWN-T0e — the sponsor-family confirm lane: sized, designed, dry-run surface shipped (2026-09-08)",surfaces,docs/audits/OWN_T0e_SPONSOR_FAMILY_LANE_DESIGN_2026-09-08.md:1 (2026-09-08),docs/audits/OWN_T0e_SPONSOR_FAMILY_LANE_DESIGN_2026-09-08.md:1 (2026-09-08),lcc,stated: shipped/live,,
INV1-0521,7. OWN-T0e-b (2026-09-09) — `same_party` can merge the pair here; and what the first live read of the 5 unreachable pairs said,identity,docs/audits/OWN_T0e_SPONSOR_FAMILY_LANE_DESIGN_2026-09-08.md:216 (2026-09-09),docs/audits/OWN_T0e_SPONSOR_FAMILY_LANE_DESIGN_2026-09-08.md:216 (2026-09-09),lcc,stated: shipped/live,,
INV1-0522,"10. OWN-T0e-c (2026-09-10) — the missing ""sponsor is itself the duplicate"" affordance, built",docs & process,docs/audits/OWN_T0e_SPONSOR_FAMILY_LANE_DESIGN_2026-09-08.md:331 (2026-09-10),docs/audits/OWN_T0e_SPONSOR_FAMILY_LANE_DESIGN_2026-09-08.md:331 (2026-09-10),lcc,stated: shipped/live,,
INV1-0523,"P196 — making the shared merge path reversible (N11), and saying why a Tier 0 card is parked (N3e)",identity,docs/audits/P196_MERGE_REVERSIBILITY_AND_PARK_REASONS_2026-08-27.md:3,docs/audits/P196_MERGE_REVERSIBILITY_AND_PARK_REASONS_2026-08-27.md:3,lcc,stated: unspecified (finding/round note),,N11;P196
INV1-0524,Unit 1 — `lcc_merge_entity` had no undo,identity,docs/audits/P196_MERGE_REVERSIBILITY_AND_PARK_REASONS_2026-08-27.md:21,docs/audits/P196_MERGE_REVERSIBILITY_AND_PARK_REASONS_2026-08-27.md:21,lcc,stated: unspecified (finding/round note),,
INV1-0525,"Unit 2 — say WHY a card is parked, and route the sponsor-shaped ones",identity,docs/audits/P196_MERGE_REVERSIBILITY_AND_PARK_REASONS_2026-08-27.md:127,docs/audits/P196_MERGE_REVERSIBILITY_AND_PARK_REASONS_2026-08-27.md:127,lcc,stated: unspecified (finding/round note),,
INV1-0526,"7. N3e as filed was wrong, and the corrections are the useful part",identity,docs/audits/P196_MERGE_REVERSIBILITY_AND_PARK_REASONS_2026-08-27.md:129,docs/audits/P196_MERGE_REVERSIBILITY_AND_PARK_REASONS_2026-08-27.md:129,lcc,stated: unspecified (finding/round note),,
INV1-0527,9. ⚠️ AND THE MEASUREMENT BEHIND N3e WAS READ OFF THE WRONG JSON KEY,identity,docs/audits/P196_MERGE_REVERSIBILITY_AND_PARK_REASONS_2026-08-27.md:167,docs/audits/P196_MERGE_REVERSIBILITY_AND_PARK_REASONS_2026-08-27.md:167,lcc,stated: flagged issue/footgun,,
INV1-0528,"P189 — the duplicate-entity detector that could not see 1,089 organisations",identity,docs/audits/P189_MERGE_DETECTOR_BLIND_SPOT_2026-08-26.md:3,docs/audits/P189_MERGE_DETECTOR_BLIND_SPOT_2026-08-26.md:3,lcc,stated: unspecified (finding/round note),,P189
INV1-0529,N18 — `attributed_rent` was a one-character self-comparison (2026-08-27),comps / capital markets,docs/audits/N18_ATTRIBUTED_RENT_SELF_COMPARISON_2026-08-27.md:1 (2026-08-27),docs/audits/N18_ATTRIBUTED_RENT_SELF_COMPARISON_2026-08-27.md:1 (2026-08-27),lcc,stated: unspecified (finding/round note),,N18
INV1-0530,"SEC1-unit2 results — gov sharp two locked, LCC Opps 62 triaged (not swept), dia dedupe ported",identity,docs/audits/SEC1_UNIT2_RESULTS_2026-09-05.md:1,docs/audits/SEC1_UNIT2_RESULTS_2026-09-05.md:1,all,stated: unspecified (finding/round note),,SEC1-
INV1-0531,"Unit 1 — gov, SHIPPED and behaviourally re-probed",docs & process,docs/audits/SEC1_UNIT2_RESULTS_2026-09-05.md:6,docs/audits/SEC1_UNIT2_RESULTS_2026-09-05.md:6,gov,stated: shipped/live,,
INV1-0532,"Unit 2 — LCC Opps 62, triaged, NOT swept",docs & process,docs/audits/SEC1_UNIT2_RESULTS_2026-09-05.md:24,docs/audits/SEC1_UNIT2_RESULTS_2026-09-05.md:24,lcc,stated: unspecified (finding/round note),,
INV1-0533,"Not done, filed as backlog `SEC1-unit2-lock` (next unit)",docs & process,docs/audits/SEC1_UNIT2_RESULTS_2026-09-05.md:121,docs/audits/SEC1_UNIT2_RESULTS_2026-09-05.md:121,lcc,stated: unspecified (finding/round note),,SEC1-
INV1-0534,"Unit 3 — dia `sf_property_id` pre-link, SHIPPED",docs & process,docs/audits/SEC1_UNIT2_RESULTS_2026-09-05.md:130,docs/audits/SEC1_UNIT2_RESULTS_2026-09-05.md:130,dia,stated: shipped/live,,
INV1-0535,C2 — the connectivity stall map: where the chain actually breaks,docs & process,docs/audits/C2_CONNECTIVITY_STALL_MAP_2026-08-28.md:18,docs/audits/C2_CONNECTIVITY_STALL_MAP_2026-08-28.md:18,lcc,stated: unspecified (finding/round note),,
INV1-0536,"W9.4 unlock — Outlook display-name capture (2026-08-12, Prompt 96)",docs & process,docs/audits/W9_4_display_name_capture_2026-08-12.md:1 (2026-08-12),docs/audits/W9_4_display_name_capture_2026-08-12.md:1 (2026-08-12),lcc,stated: unspecified (finding/round note),,W9.4
INV1-0537,Root cause (grounded in Prompt 94's dry-run),docs & process,docs/audits/W9_4_display_name_capture_2026-08-12.md:8,docs/audits/W9_4_display_name_capture_2026-08-12.md:8,lcc,stated: unspecified (finding/round note),,
INV1-0538,"Second starvation finding (Prompt 94, item 4) — probed, reported, NOT scoped here",docs & process,docs/audits/W9_4_display_name_capture_2026-08-12.md:88,docs/audits/W9_4_display_name_capture_2026-08-12.md:88,lcc,stated: unspecified (finding/round note),,
INV1-0539,B6c-dup — the two sale stores disagreed about which is canonical,identity,docs/audits/B6c_dup_SALE_STORE_CANONICAL_2026-08-28.md:1,docs/audits/B6c_dup_SALE_STORE_CANONICAL_2026-08-28.md:1,lcc,stated: unspecified (finding/round note),,B6c-dup
INV1-0540,OCR2 — the deed lane's OCR provenance: persist what the handler already computes,ingestion,docs/audits/OCR2_DEED_OCR_PROVENANCE_2026-09-02.md:1,docs/audits/OCR2_DEED_OCR_PROVENANCE_2026-09-02.md:1,lcc,stated: unspecified (finding/round note),,OCR2
INV1-0541,ID4 — Identity integrity program: baseline measurement + resolver framework design,identity,docs/audits/ID4_IDENTITY_INTEGRITY_BASELINE_2026-09.md:1,docs/audits/ID4_IDENTITY_INTEGRITY_BASELINE_2026-09.md:1,lcc,stated: unspecified (finding/round note),,
INV1-0542,"1.2 gov agency identity — re-confirms ID1 §9.1 exactly, no drift",identity,docs/audits/ID4_IDENTITY_INTEGRITY_BASELINE_2026-09.md:54,docs/audits/ID4_IDENTITY_INTEGRITY_BASELINE_2026-09.md:54,gov,stated: unspecified (finding/round note),,
INV1-0543,"1.7 dia CMS truncated-import claim — RE-MEASURED, ID1's cited figure is stale",identity,docs/audits/ID4_IDENTITY_INTEGRITY_BASELINE_2026-09.md:132,docs/audits/ID4_IDENTITY_INTEGRITY_BASELINE_2026-09.md:132,dia,stated: unspecified (finding/round note),,
INV1-0544,5. Ranked class plan (ID3a–f),identity,docs/audits/ID4_IDENTITY_INTEGRITY_BASELINE_2026-09.md:209,docs/audits/ID4_IDENTITY_INTEGRITY_BASELINE_2026-09.md:209,lcc,stated: unspecified (finding/round note),,
INV1-0545,"UX-T0 — the app defect sweep of 2026-09-02: measured, then fixed at the source",docs & process,docs/audits/UXT0_APP_DEFECT_SWEEP_2026-09-02.md:1 (2026-09-02),docs/audits/UXT0_APP_DEFECT_SWEEP_2026-09-02.md:1 (2026-09-02),lcc,stated: unspecified (finding/round note),UX-T0,UX-T0
INV1-0546,"W9.4 accelerator — historical Outlook display-name BACKFILL (2026-08-13, Prompt 101)",docs & process,docs/audits/W9_4_name_backfill_accelerator_2026-08-13.md:1 (2026-08-13),docs/audits/W9_4_name_backfill_accelerator_2026-08-13.md:1 (2026-08-13),lcc,stated: unspecified (finding/round note),,W9.4
INV1-0547,"B6d-pri — a service failing ~1,950 times a day and reporting success (2026-08-31)",ingestion,docs/audits/B6d_pri_PUBLIC_RECORD_INGEST_REPAIR_2026-08-31.md:1 (2026-08-31),docs/audits/B6d_pri_PUBLIC_RECORD_INGEST_REPAIR_2026-08-31.md:1 (2026-08-31),lcc,stated: unspecified (finding/round note),,B6d-pri
INV1-0548,ID3a — Government agency identity: wiring the registry that already existed (2026-09-12),identity,docs/audits/ID3a_GOV_AGENCY_IDENTITY_WIRING_2026-09-12.md:1 (2026-09-12),docs/audits/ID3a_GOV_AGENCY_IDENTITY_WIRING_2026-09-12.md:1 (2026-09-12),gov,stated: unspecified (finding/round note),,
INV1-0549,B5 — gov had never consumed its own sales table. It does now.,ingestion,docs/audits/B5_GOV_SELLER_EXIT_FEEDER_2026-08-28.md:1,docs/audits/B5_GOV_SELLER_EXIT_FEEDER_2026-08-28.md:1,gov,stated: unspecified (finding/round note),,B5
INV1-0550,"2a. ⚠️ A2b's earliest-wins rule does NOT reproduce here, and that decided the anti-join key",ingestion,docs/audits/B5_GOV_SELLER_EXIT_FEEDER_2026-08-28.md:126,docs/audits/B5_GOV_SELLER_EXIT_FEEDER_2026-08-28.md:126,lcc,stated: flagged issue/footgun,,
INV1-0551,P182 — the silent-disconnection sweep (2026-08-26),docs & process,docs/audits/P182_SILENT_DISCONNECTION_SWEEP_2026-08-26.md:1 (2026-08-26),docs/audits/P182_SILENT_DISCONNECTION_SWEEP_2026-08-26.md:1 (2026-08-26),lcc,stated: unspecified (finding/round note),,P182
INV1-0552,F4 — a value-ranked view that cannot rank (Class 6 / P180 recurrence),docs & process,docs/audits/P182_SILENT_DISCONNECTION_SWEEP_2026-08-26.md:193,docs/audits/P182_SILENT_DISCONNECTION_SWEEP_2026-08-26.md:193,lcc,stated: unspecified (finding/round note),,P180
INV1-0553,"R1 — Class 8 re-sweep: clean, no regression",docs & process,docs/audits/P182_SILENT_DISCONNECTION_SWEEP_2026-08-26.md:251,docs/audits/P182_SILENT_DISCONNECTION_SWEEP_2026-08-26.md:251,lcc,stated: unspecified (finding/round note),,
INV1-0554,"C2g — the 58 ""unrelated-name"" pairs, read one at a time: 43 are SOS-attested, and the reason LCC never saw it is a gate, not a feeder",ingestion,docs/audits/C2g_58_PAIR_READ_2026-09-15.md:5,docs/audits/C2g_58_PAIR_READ_2026-09-15.md:5,lcc,stated: unspecified (finding/round note),,
INV1-0555,L — name/surname link only (the C2h-§7 lexical class) — 8 pairs / 8 owner-orgs,ownership,docs/audits/C2g_58_PAIR_READ_2026-09-15.md:288,docs/audits/C2g_58_PAIR_READ_2026-09-15.md:288,lcc,stated: unspecified (finding/round note),,
INV1-0556,"A3 — the ownership `mismatch` lane is mostly a REPRESENTATION question, not a data error",ownership,docs/audits/A3_OWNERSHIP_MISMATCH_SPONSOR_FAMILY_2026-08-27.md:1,docs/audits/A3_OWNERSHIP_MISMATCH_SPONSOR_FAMILY_2026-08-27.md:1,lcc,stated: unspecified (finding/round note),,
INV1-0557,3. ⚠️ The P196 SPE-marker guard drops 24 of 27 genuine rows here,ownership,docs/audits/A3_OWNERSHIP_MISMATCH_SPONSOR_FAMILY_2026-08-27.md:82,docs/audits/A3_OWNERSHIP_MISMATCH_SPONSOR_FAMILY_2026-08-27.md:82,lcc,stated: flagged issue/footgun,,P196
INV1-0558,"C2e-T2a — tranche two, step one: owner rent ≥ $100k (2026-08-28)",ownership,docs/audits/C2e_T2a_TRANCHE_TWO_STEP_ONE_MINT_2026-08-28.md:1 (2026-08-28),docs/audits/C2e_T2a_TRANCHE_TWO_STEP_ONE_MINT_2026-08-28.md:1 (2026-08-28),lcc,stated: unspecified (finding/round note),,
INV1-0559,OWN-T0 — the property panel shows several ownership stores and reconciles none of them,ownership,docs/audits/OWN_T0_PROPERTY_OWNERSHIP_RECONCILED_2026-09-02.md:1,docs/audits/OWN_T0_PROPERTY_OWNERSHIP_RECONCILED_2026-09-02.md:1,lcc,stated: unspecified (finding/round note),,OWN-T0
INV1-0560,"Selection defaults + field vocabularies (engine, all surfaces — prompt 41)",comps / capital markets,docs/os/canon/comps.md:50,docs/os/canon/comps.md:50,lcc,stated: unspecified (finding/round note),,
INV1-0561,"Adapter contract + skeleton + wiring (turnkey — added 2026-05-29, G15/C7)",ingestion,SPEC_sos_direct_scraper.md:46 (2026-05-29),SPEC_sos_direct_scraper.md:46 (2026-05-29),lcc,stated: unspecified (finding/round note),,
INV1-0562,"SPEC — BOV / Lease Structured Extractor (R58 ""Unit 4"")",BOV / OM / dossier,SPEC_BOV_Lease_Extractor_Unit4.md:1,SPEC_BOV_Lease_Extractor_Unit4.md:1,lcc,stated: unspecified (finding/round note),,
INV1-0563,2A. Persist `raw_text` (thin worker over Unit 1),BOV / OM / dossier,SPEC_BOV_Lease_Extractor_Unit4.md:27,SPEC_BOV_Lease_Extractor_Unit4.md:27,lcc,stated: unspecified (finding/round note),,
INV1-0564,2B. Unit 4 — `bov-extract.js` (raw_text → BOV schema),BOV / OM / dossier,SPEC_BOV_Lease_Extractor_Unit4.md:36,SPEC_BOV_Lease_Extractor_Unit4.md:36,lcc,stated: unspecified (finding/round note),,
INV1-0565,Part B1 — capture the external property-webpage URL + persist onto the listing,ingestion,SPEC_forsale_om_and_webpage_ingest.md:57,SPEC_forsale_om_and_webpage_ingest.md:57,lcc,stated: unspecified (finding/round note),,B1
INV1-0566,Part B2 — save the HTML for later web-crawl + proactive detail enrichment,ingestion,SPEC_forsale_om_and_webpage_ingest.md:79,SPEC_forsale_om_and_webpage_ingest.md:79,lcc,stated: unspecified (finding/round note),,B2
INV1-0567,Unit 4 — BUILD NOTES (what shipped),BOV / OM / dossier,SPEC_BOV_Lease_Extractor_Unit4_BUILD.md:1,SPEC_BOV_Lease_Extractor_Unit4_BUILD.md:1,lcc,stated: shipped/live,,
