stale_workbook,sheet,cell,old,new
"C:\Users\scott\OneDrive - NorthMarq Capital, LLC\Team Briggs - Documents\_WORKFLOW\BOV_Master_NNN_Briggs.xlsx",Amortization,*,<missing sheet>,<added sheet>
"C:\Users\scott\OneDrive - NorthMarq Capital, LLC\Team Briggs - Documents\_WORKFLOW\BOV_Master_NNN_Briggs.xlsx",Assumptions & Flags,B1,Assumptions & Flags,
"C:\Users\scott\OneDrive - NorthMarq Capital, LLC\Team Briggs - Documents\_WORKFLOW\BOV_Master_NNN_Briggs.xlsx",Assumptions & Flags,A2,,ASSUMPTIONS & FLAGS
"C:\Users\scott\OneDrive - NorthMarq Capital, LLC\Team Briggs - Documents\_WORKFLOW\BOV_Master_NNN_Briggs.xlsx",Assumptions & Flags,B2,Blue text = enter value here  ·  All Pro Forma formulas reference this tab  ·  Flag all discrepancies below,
"C:\Users\scott\OneDrive - NorthMarq Capital, LLC\Team Briggs - Documents\_WORKFLOW\BOV_Master_NNN_Briggs.xlsx",Assumptions & Flags,A3,,All key inputs for the Pro Forma  ·  Blue text = broker enters  ·  Yellow = fill before delivering  ·  Flag discrepancies in right column
"C:\Users\scott\OneDrive - NorthMarq Capital, LLC\Team Briggs - Documents\_WORKFLOW\BOV_Master_NNN_Briggs.xlsx",Assumptions & Flags,B4,KEY INPUTS — DEAL ASSUMPTIONS,
"C:\Users\scott\OneDrive - NorthMarq Capital, LLC\Team Briggs - Documents\_WORKFLOW\BOV_Master_NNN_Briggs.xlsx",Assumptions & Flags,A5,,PROPERTY IDENTIFICATION
"C:\Users\scott\OneDrive - NorthMarq Capital, LLC\Team Briggs - Documents\_WORKFLOW\BOV_Master_NNN_Briggs.xlsx",Assumptions & Flags,B5,PARAMETER,
"C:\Users\scott\OneDrive - NorthMarq Capital, LLC\Team Briggs - Documents\_WORKFLOW\BOV_Master_NNN_Briggs.xlsx",Assumptions & Flags,C5,VALUE,
"C:\Users\scott\OneDrive - NorthMarq Capital, LLC\Team Briggs - Documents\_WORKFLOW\BOV_Master_NNN_Briggs.xlsx",Assumptions & Flags,D5,SOURCE / NOTES,
"C:\Users\scott\OneDrive - NorthMarq Capital, LLC\Team Briggs - Documents\_WORKFLOW\BOV_Master_NNN_Briggs.xlsx",Assumptions & Flags,G5,,DEBT / LEVERAGE ASSUMPTIONS
"C:\Users\scott\OneDrive - NorthMarq Capital, LLC\Team Briggs - Documents\_WORKFLOW\BOV_Master_NNN_Briggs.xlsx",Assumptions & Flags,A6,,Property Address
"C:\Users\scott\OneDrive - NorthMarq Capital, LLC\Team Briggs - Documents\_WORKFLOW\BOV_Master_NNN_Briggs.xlsx",Assumptions & Flags,B6,PROPERTY,
"C:\Users\scott\OneDrive - NorthMarq Capital, LLC\Team Briggs - Documents\_WORKFLOW\BOV_Master_NNN_Briggs.xlsx",Assumptions & Flags,E6,,Used on Cover and Executive Summary
"C:\Users\scott\OneDrive - NorthMarq Capital, LLC\Team Briggs - Documents\_WORKFLOW\BOV_Master_NNN_Briggs.xlsx",Assumptions & Flags,G6,,Purchase Price ($)
"C:\Users\scott\OneDrive - NorthMarq Capital, LLC\Team Briggs - Documents\_WORKFLOW\BOV_Master_NNN_Briggs.xlsx",Assumptions & Flags,K6,,Link to left side C36 or enter here
"C:\Users\scott\OneDrive - NorthMarq Capital, LLC\Team Briggs - Documents\_WORKFLOW\BOV_Master_NNN_Briggs.xlsx",Assumptions & Flags,A7,,Tenant / Operator
"C:\Users\scott\OneDrive - NorthMarq Capital, LLC\Team Briggs - Documents\_WORKFLOW\BOV_Master_NNN_Briggs.xlsx",Assumptions & Flags,B7,Property Address,
"C:\Users\scott\OneDrive - NorthMarq Capital, LLC\Team Briggs - Documents\_WORKFLOW\BOV_Master_NNN_Briggs.xlsx",Assumptions & Flags,D7,From listing / lease,
"C:\Users\scott\OneDrive - NorthMarq Capital, LLC\Team Briggs - Documents\_WORKFLOW\BOV_Master_NNN_Briggs.xlsx",Assumptions & Flags,E7,,Trade name + entity name
"C:\Users\scott\OneDrive - NorthMarq Capital, LLC\Team Briggs - Documents\_WORKFLOW\BOV_Master_NNN_Briggs.xlsx",Assumptions & Flags,G7,,LTV (%)
"C:\Users\scott\OneDrive - NorthMarq Capital, LLC\Team Briggs - Documents\_WORKFLOW\BOV_Master_NNN_Briggs.xlsx",Assumptions & Flags,K7,,Default 65%
"C:\Users\scott\OneDrive - NorthMarq Capital, LLC\Team Briggs - Documents\_WORKFLOW\BOV_Master_NNN_Briggs.xlsx",Assumptions & Flags,A8,,Guarantor
"C:\Users\scott\OneDrive - NorthMarq Capital, LLC\Team Briggs - Documents\_WORKFLOW\BOV_Master_NNN_Briggs.xlsx",Assumptions & Flags,B8,GLA / RBA (SF),
"C:\Users\scott\OneDrive - NorthMarq Capital, LLC\Team Briggs - Documents\_WORKFLOW\BOV_Master_NNN_Briggs.xlsx",Assumptions & Flags,D8,Verify vs lease + tax records,
"C:\Users\scott\OneDrive - NorthMarq Capital, LLC\Team Briggs - Documents\_WORKFLOW\BOV_Master_NNN_Briggs.xlsx",Assumptions & Flags,E8,,Corporate or personal
"C:\Users\scott\OneDrive - NorthMarq Capital, LLC\Team Briggs - Documents\_WORKFLOW\BOV_Master_NNN_Briggs.xlsx",Assumptions & Flags,G8,,Loan Amount
"C:\Users\scott\OneDrive - NorthMarq Capital, LLC\Team Briggs - Documents\_WORKFLOW\BOV_Master_NNN_Briggs.xlsx",Assumptions & Flags,I8,,"=IFERROR(IF(OR(I6="""",I7=""""),"""",-I6*I7),"""")"
"C:\Users\scott\OneDrive - NorthMarq Capital, LLC\Team Briggs - Documents\_WORKFLOW\BOV_Master_NNN_Briggs.xlsx",Assumptions & Flags,K8,,Negative = debt obligation
"C:\Users\scott\OneDrive - NorthMarq Capital, LLC\Team Briggs - Documents\_WORKFLOW\BOV_Master_NNN_Briggs.xlsx",Assumptions & Flags,A9,,Building SF
"C:\Users\scott\OneDrive - NorthMarq Capital, LLC\Team Briggs - Documents\_WORKFLOW\BOV_Master_NNN_Briggs.xlsx",Assumptions & Flags,B9,Year 1 Annual Base Rent,
"C:\Users\scott\OneDrive - NorthMarq Capital, LLC\Team Briggs - Documents\_WORKFLOW\BOV_Master_NNN_Briggs.xlsx",Assumptions & Flags,D9,From executed lease — Year 1,
"C:\Users\scott\OneDrive - NorthMarq Capital, LLC\Team Briggs - Documents\_WORKFLOW\BOV_Master_NNN_Briggs.xlsx",Assumptions & Flags,E9,,Per lease or survey — flag discrepancy
"C:\Users\scott\OneDrive - NorthMarq Capital, LLC\Team Briggs - Documents\_WORKFLOW\BOV_Master_NNN_Briggs.xlsx",Assumptions & Flags,G9,,Down Payment / Equity
"C:\Users\scott\OneDrive - NorthMarq Capital, LLC\Team Briggs - Documents\_WORKFLOW\BOV_Master_NNN_Briggs.xlsx",Assumptions & Flags,I9,,"=IFERROR(IF(OR(I6="""",I7=""""),"""",I6*(1-I7)),"""")"
"C:\Users\scott\OneDrive - NorthMarq Capital, LLC\Team Briggs - Documents\_WORKFLOW\BOV_Master_NNN_Briggs.xlsx",Assumptions & Flags,A10,,Site Area (Acres)
"C:\Users\scott\OneDrive - NorthMarq Capital, LLC\Team Briggs - Documents\_WORKFLOW\BOV_Master_NNN_Briggs.xlsx",Assumptions & Flags,B10,GLA / RBA for $/SF calcs,
"C:\Users\scott\OneDrive - NorthMarq Capital, LLC\Team Briggs - Documents\_WORKFLOW\BOV_Master_NNN_Briggs.xlsx",Assumptions & Flags,D10,Usually same as row 8,
"C:\Users\scott\OneDrive - NorthMarq Capital, LLC\Team Briggs - Documents\_WORKFLOW\BOV_Master_NNN_Briggs.xlsx",Assumptions & Flags,E10,,Per survey or tax record
"C:\Users\scott\OneDrive - NorthMarq Capital, LLC\Team Briggs - Documents\_WORKFLOW\BOV_Master_NNN_Briggs.xlsx",Assumptions & Flags,G10,,Interest Rate
"C:\Users\scott\OneDrive - NorthMarq Capital, LLC\Team Briggs - Documents\_WORKFLOW\BOV_Master_NNN_Briggs.xlsx",Assumptions & Flags,K10,,Default 6.5%
"C:\Users\scott\OneDrive - NorthMarq Capital, LLC\Team Briggs - Documents\_WORKFLOW\BOV_Master_NNN_Briggs.xlsx",Assumptions & Flags,A11,,Year Built
"C:\Users\scott\OneDrive - NorthMarq Capital, LLC\Team Briggs - Documents\_WORKFLOW\BOV_Master_NNN_Briggs.xlsx",Assumptions & Flags,E11,,Four-digit year
"C:\Users\scott\OneDrive - NorthMarq Capital, LLC\Team Briggs - Documents\_WORKFLOW\BOV_Master_NNN_Briggs.xlsx",Assumptions & Flags,G11,,Amortization (years)
"C:\Users\scott\OneDrive - NorthMarq Capital, LLC\Team Briggs - Documents\_WORKFLOW\BOV_Master_NNN_Briggs.xlsx",Assumptions & Flags,K11,,Default 25 years
"C:\Users\scott\OneDrive - NorthMarq Capital, LLC\Team Briggs - Documents\_WORKFLOW\BOV_Master_NNN_Briggs.xlsx",Assumptions & Flags,A12,,Zoning
"C:\Users\scott\OneDrive - NorthMarq Capital, LLC\Team Briggs - Documents\_WORKFLOW\BOV_Master_NNN_Briggs.xlsx",Assumptions & Flags,B12,PRICING & RETURNS,
"C:\Users\scott\OneDrive - NorthMarq Capital, LLC\Team Briggs - Documents\_WORKFLOW\BOV_Master_NNN_Briggs.xlsx",Assumptions & Flags,E12,,Confirm permitted use
"C:\Users\scott\OneDrive - NorthMarq Capital, LLC\Team Briggs - Documents\_WORKFLOW\BOV_Master_NNN_Briggs.xlsx",Assumptions & Flags,G12,,IO Period (years)
"C:\Users\scott\OneDrive - NorthMarq Capital, LLC\Team Briggs - Documents\_WORKFLOW\BOV_Master_NNN_Briggs.xlsx",Assumptions & Flags,K12,,Enter 0 if fully amortizing
"C:\Users\scott\OneDrive - NorthMarq Capital, LLC\Team Briggs - Documents\_WORKFLOW\BOV_Master_NNN_Briggs.xlsx",Assumptions & Flags,A13,,Estimated Close Date
"C:\Users\scott\OneDrive - NorthMarq Capital, LLC\Team Briggs - Documents\_WORKFLOW\BOV_Master_NNN_Briggs.xlsx",Assumptions & Flags,B13,Purchase Price,
"C:\Users\scott\OneDrive - NorthMarq Capital, LLC\Team Briggs - Documents\_WORKFLOW\BOV_Master_NNN_Briggs.xlsx",Assumptions & Flags,D13,From offer / listing price,
"C:\Users\scott\OneDrive - NorthMarq Capital, LLC\Team Briggs - Documents\_WORKFLOW\BOV_Master_NNN_Briggs.xlsx",Assumptions & Flags,E13,,Used for year-end date row on Pro Forma
"C:\Users\scott\OneDrive - NorthMarq Capital, LLC\Team Briggs - Documents\_WORKFLOW\BOV_Master_NNN_Briggs.xlsx",Assumptions & Flags,G13,,Hold Period (years)
"C:\Users\scott\OneDrive - NorthMarq Capital, LLC\Team Briggs - Documents\_WORKFLOW\BOV_Master_NNN_Briggs.xlsx",Assumptions & Flags,K13,,Default 10 — drives disposition year
"C:\Users\scott\OneDrive - NorthMarq Capital, LLC\Team Briggs - Documents\_WORKFLOW\BOV_Master_NNN_Briggs.xlsx",Assumptions & Flags,B14,Hold Period (Years),
"C:\Users\scott\OneDrive - NorthMarq Capital, LLC\Team Briggs - Documents\_WORKFLOW\BOV_Master_NNN_Briggs.xlsx",Assumptions & Flags,C14,10,
"C:\Users\scott\OneDrive - NorthMarq Capital, LLC\Team Briggs - Documents\_WORKFLOW\BOV_Master_NNN_Briggs.xlsx",Assumptions & Flags,D14,Default 10 years,
"C:\Users\scott\OneDrive - NorthMarq Capital, LLC\Team Briggs - Documents\_WORKFLOW\BOV_Master_NNN_Briggs.xlsx",Assumptions & Flags,G14,,Annual Debt Service
"C:\Users\scott\OneDrive - NorthMarq Capital, LLC\Team Briggs - Documents\_WORKFLOW\BOV_Master_NNN_Briggs.xlsx",Assumptions & Flags,I14,,"=IFERROR(IF(OR(I8="""",I10="""",I11=""""),"""",ABS(I8)*(I10/12)*(1+I10/12)^(I11*12)/((1+I10/12)^(I11*12)-1)*12),"""")"
"C:\Users\scott\OneDrive - NorthMarq Capital, LLC\Team Briggs - Documents\_WORKFLOW\BOV_Master_NNN_Briggs.xlsx",Assumptions & Flags,K14,,P&I payment (fully amortizing)
"C:\Users\scott\OneDrive - NorthMarq Capital, LLC\Team Briggs - Documents\_WORKFLOW\BOV_Master_NNN_Briggs.xlsx",Assumptions & Flags,A15,,PRICING STRATEGY  ·  FUNGIBLE INPUTS
"C:\Users\scott\OneDrive - NorthMarq Capital, LLC\Team Briggs - Documents\_WORKFLOW\BOV_Master_NNN_Briggs.xlsx",Assumptions & Flags,B15,Exit Cap Rate,
"C:\Users\scott\OneDrive - NorthMarq Capital, LLC\Team Briggs - Documents\_WORKFLOW\BOV_Master_NNN_Briggs.xlsx",Assumptions & Flags,D15,Based on market comp analysis,
"C:\Users\scott\OneDrive - NorthMarq Capital, LLC\Team Briggs - Documents\_WORKFLOW\BOV_Master_NNN_Briggs.xlsx",Assumptions & Flags,G15,,Monthly Debt Service
"C:\Users\scott\OneDrive - NorthMarq Capital, LLC\Team Briggs - Documents\_WORKFLOW\BOV_Master_NNN_Briggs.xlsx",Assumptions & Flags,I15,,"=IFERROR(IF(I14="""","""",I14/12),"""")"
"C:\Users\scott\OneDrive - NorthMarq Capital, LLC\Team Briggs - Documents\_WORKFLOW\BOV_Master_NNN_Briggs.xlsx",Assumptions & Flags,A16,,Recommended Asking Cap Rate
"C:\Users\scott\OneDrive - NorthMarq Capital, LLC\Team Briggs - Documents\_WORKFLOW\BOV_Master_NNN_Briggs.xlsx",Assumptions & Flags,B16,Going-in Cap Rate,
"C:\Users\scott\OneDrive - NorthMarq Capital, LLC\Team Briggs - Documents\_WORKFLOW\BOV_Master_NNN_Briggs.xlsx",Assumptions & Flags,C16,"=IFERROR(IF(OR(C9="""",C13=""""),"""",C9/C13),"""")",
"C:\Users\scott\OneDrive - NorthMarq Capital, LLC\Team Briggs - Documents\_WORKFLOW\BOV_Master_NNN_Briggs.xlsx",Assumptions & Flags,D16,Year 1 NOI ÷ Purchase Price,
"C:\Users\scott\OneDrive - NorthMarq Capital, LLC\Team Briggs - Documents\_WORKFLOW\BOV_Master_NNN_Briggs.xlsx",Assumptions & Flags,E16,,Drives Recommended Asking Price on Exec Summary
"C:\Users\scott\OneDrive - NorthMarq Capital, LLC\Team Briggs - Documents\_WORKFLOW\BOV_Master_NNN_Briggs.xlsx",Assumptions & Flags,G16,,DCR (Year 1)
"C:\Users\scott\OneDrive - NorthMarq Capital, LLC\Team Briggs - Documents\_WORKFLOW\BOV_Master_NNN_Briggs.xlsx",Assumptions & Flags,I16,,"=IFERROR(IF(OR(C33="""",I14="""",I14=0),"""",C33/I14),"""")"
"C:\Users\scott\OneDrive - NorthMarq Capital, LLC\Team Briggs - Documents\_WORKFLOW\BOV_Master_NNN_Briggs.xlsx",Assumptions & Flags,K16,,Must exceed 1.20x
"C:\Users\scott\OneDrive - NorthMarq Capital, LLC\Team Briggs - Documents\_WORKFLOW\BOV_Master_NNN_Briggs.xlsx",Assumptions & Flags,A17,,Trade Range — Low Cap Rate
"C:\Users\scott\OneDrive - NorthMarq Capital, LLC\Team Briggs - Documents\_WORKFLOW\BOV_Master_NNN_Briggs.xlsx",Assumptions & Flags,E17,,Low = higher price
"C:\Users\scott\OneDrive - NorthMarq Capital, LLC\Team Briggs - Documents\_WORKFLOW\BOV_Master_NNN_Briggs.xlsx",Assumptions & Flags,G17,,DSCR at 1.20x NOI Required
"C:\Users\scott\OneDrive - NorthMarq Capital, LLC\Team Briggs - Documents\_WORKFLOW\BOV_Master_NNN_Briggs.xlsx",Assumptions & Flags,I17,,"=IFERROR(IF(I14="""","""",I14*1.20),"""")"
"C:\Users\scott\OneDrive - NorthMarq Capital, LLC\Team Briggs - Documents\_WORKFLOW\BOV_Master_NNN_Briggs.xlsx",Assumptions & Flags,A18,,Trade Range — High Cap Rate
"C:\Users\scott\OneDrive - NorthMarq Capital, LLC\Team Briggs - Documents\_WORKFLOW\BOV_Master_NNN_Briggs.xlsx",Assumptions & Flags,B18,DEBT / FINANCING,
"C:\Users\scott\OneDrive - NorthMarq Capital, LLC\Team Briggs - Documents\_WORKFLOW\BOV_Master_NNN_Briggs.xlsx",Assumptions & Flags,E18,,High = lower price
"C:\Users\scott\OneDrive - NorthMarq Capital, LLC\Team Briggs - Documents\_WORKFLOW\BOV_Master_NNN_Briggs.xlsx",Assumptions & Flags,A19,,Implied Ask Price (NOI / Cap)
"C:\Users\scott\OneDrive - NorthMarq Capital, LLC\Team Briggs - Documents\_WORKFLOW\BOV_Master_NNN_Briggs.xlsx",Assumptions & Flags,B19,LTV,
"C:\Users\scott\OneDrive - NorthMarq Capital, LLC\Team Briggs - Documents\_WORKFLOW\BOV_Master_NNN_Briggs.xlsx",Assumptions & Flags,C19,0.65,"=IFERROR(IF(OR(C33="""",C16="""",C16=0),"""",C33/C16),"""")"
"C:\Users\scott\OneDrive - NorthMarq Capital, LLC\Team Briggs - Documents\_WORKFLOW\BOV_Master_NNN_Briggs.xlsx",Assumptions & Flags,D19,Default 65% — adjust per lender,
"C:\Users\scott\OneDrive - NorthMarq Capital, LLC\Team Briggs - Documents\_WORKFLOW\BOV_Master_NNN_Briggs.xlsx",Assumptions & Flags,E19,,Updates Executive Summary
"C:\Users\scott\OneDrive - NorthMarq Capital, LLC\Team Briggs - Documents\_WORKFLOW\BOV_Master_NNN_Briggs.xlsx",Assumptions & Flags,G19,,DISPOSITION / EXIT ASSUMPTIONS
"C:\Users\scott\OneDrive - NorthMarq Capital, LLC\Team Briggs - Documents\_WORKFLOW\BOV_Master_NNN_Briggs.xlsx",Assumptions & Flags,A20,,Broker Price Opinion (BPO)
"C:\Users\scott\OneDrive - NorthMarq Capital, LLC\Team Briggs - Documents\_WORKFLOW\BOV_Master_NNN_Briggs.xlsx",Assumptions & Flags,B20,Interest Rate,
"C:\Users\scott\OneDrive - NorthMarq Capital, LLC\Team Briggs - Documents\_WORKFLOW\BOV_Master_NNN_Briggs.xlsx",Assumptions & Flags,C20,0.065,
"C:\Users\scott\OneDrive - NorthMarq Capital, LLC\Team Briggs - Documents\_WORKFLOW\BOV_Master_NNN_Briggs.xlsx",Assumptions & Flags,D20,Default 6.5% — verify current market,
"C:\Users\scott\OneDrive - NorthMarq Capital, LLC\Team Briggs - Documents\_WORKFLOW\BOV_Master_NNN_Briggs.xlsx",Assumptions & Flags,E20,,Override if needed
"C:\Users\scott\OneDrive - NorthMarq Capital, LLC\Team Briggs - Documents\_WORKFLOW\BOV_Master_NNN_Briggs.xlsx",Assumptions & Flags,G20,,Exit Cap Rate
"C:\Users\scott\OneDrive - NorthMarq Capital, LLC\Team Briggs - Documents\_WORKFLOW\BOV_Master_NNN_Briggs.xlsx",Assumptions & Flags,K20,,Applied to Year 10 NOI
"C:\Users\scott\OneDrive - NorthMarq Capital, LLC\Team Briggs - Documents\_WORKFLOW\BOV_Master_NNN_Briggs.xlsx",Assumptions & Flags,A21,,Price Per SF
"C:\Users\scott\OneDrive - NorthMarq Capital, LLC\Team Briggs - Documents\_WORKFLOW\BOV_Master_NNN_Briggs.xlsx",Assumptions & Flags,B21,Amortization (Years),
"C:\Users\scott\OneDrive - NorthMarq Capital, LLC\Team Briggs - Documents\_WORKFLOW\BOV_Master_NNN_Briggs.xlsx",Assumptions & Flags,C21,25,
"C:\Users\scott\OneDrive - NorthMarq Capital, LLC\Team Briggs - Documents\_WORKFLOW\BOV_Master_NNN_Briggs.xlsx",Assumptions & Flags,D21,Default 25-year amortization,
"C:\Users\scott\OneDrive - NorthMarq Capital, LLC\Team Briggs - Documents\_WORKFLOW\BOV_Master_NNN_Briggs.xlsx",Assumptions & Flags,E21,,Manual entry or use Valuation Matrix
"C:\Users\scott\OneDrive - NorthMarq Capital, LLC\Team Briggs - Documents\_WORKFLOW\BOV_Master_NNN_Briggs.xlsx",Assumptions & Flags,G21,,Exit NOI (Year 10 Projected)
"C:\Users\scott\OneDrive - NorthMarq Capital, LLC\Team Briggs - Documents\_WORKFLOW\BOV_Master_NNN_Briggs.xlsx",Assumptions & Flags,I21,,"=IFERROR(IF(OR(C24="""",C25=""""),"""",C24*(1+C25)^(I13-1)),"""")"
"C:\Users\scott\OneDrive - NorthMarq Capital, LLC\Team Briggs - Documents\_WORKFLOW\BOV_Master_NNN_Briggs.xlsx",Assumptions & Flags,K21,,Y1 rent * (1+escalation)^hold period
"C:\Users\scott\OneDrive - NorthMarq Capital, LLC\Team Briggs - Documents\_WORKFLOW\BOV_Master_NNN_Briggs.xlsx",Assumptions & Flags,G22,,GROSS SALE PROCEEDS
"C:\Users\scott\OneDrive - NorthMarq Capital, LLC\Team Briggs - Documents\_WORKFLOW\BOV_Master_NNN_Briggs.xlsx",Assumptions & Flags,I22,,"=IFERROR(IF(OR(I21="""",I20="""",I20=0),"""",I21/I20),"""")"
"C:\Users\scott\OneDrive - NorthMarq Capital, LLC\Team Briggs - Documents\_WORKFLOW\BOV_Master_NNN_Briggs.xlsx",Assumptions & Flags,A23,,PRO FORMA INPUTS  —  REVENUE
"C:\Users\scott\OneDrive - NorthMarq Capital, LLC\Team Briggs - Documents\_WORKFLOW\BOV_Master_NNN_Briggs.xlsx",Assumptions & Flags,B23,OPERATING ASSUMPTIONS,
"C:\Users\scott\OneDrive - NorthMarq Capital, LLC\Team Briggs - Documents\_WORKFLOW\BOV_Master_NNN_Briggs.xlsx",Assumptions & Flags,G23,,Less: Brokerage (5%)
"C:\Users\scott\OneDrive - NorthMarq Capital, LLC\Team Briggs - Documents\_WORKFLOW\BOV_Master_NNN_Briggs.xlsx",Assumptions & Flags,I23,,"=IFERROR(IF(I22="""","""",-I22*0.05),"""")"
"C:\Users\scott\OneDrive - NorthMarq Capital, LLC\Team Briggs - Documents\_WORKFLOW\BOV_Master_NNN_Briggs.xlsx",Assumptions & Flags,A24,,Year 1 Base Rent ($)
"C:\Users\scott\OneDrive - NorthMarq Capital, LLC\Team Briggs - Documents\_WORKFLOW\BOV_Master_NNN_Briggs.xlsx",Assumptions & Flags,B24,Vacancy / Credit Loss %,
"C:\Users\scott\OneDrive - NorthMarq Capital, LLC\Team Briggs - Documents\_WORKFLOW\BOV_Master_NNN_Briggs.xlsx",Assumptions & Flags,C24,0,
"C:\Users\scott\OneDrive - NorthMarq Capital, LLC\Team Briggs - Documents\_WORKFLOW\BOV_Master_NNN_Briggs.xlsx",Assumptions & Flags,D24,NNN typically 0%; MOB 5–10%,
"C:\Users\scott\OneDrive - NorthMarq Capital, LLC\Team Briggs - Documents\_WORKFLOW\BOV_Master_NNN_Briggs.xlsx",Assumptions & Flags,E24,,Per executed lease / rent schedule
"C:\Users\scott\OneDrive - NorthMarq Capital, LLC\Team Briggs - Documents\_WORKFLOW\BOV_Master_NNN_Briggs.xlsx",Assumptions & Flags,G24,,Less: Transaction Costs (1%)
"C:\Users\scott\OneDrive - NorthMarq Capital, LLC\Team Briggs - Documents\_WORKFLOW\BOV_Master_NNN_Briggs.xlsx",Assumptions & Flags,I24,,"=IFERROR(IF(I22="""","""",-I22*0.01),"""")"
"C:\Users\scott\OneDrive - NorthMarq Capital, LLC\Team Briggs - Documents\_WORKFLOW\BOV_Master_NNN_Briggs.xlsx",Assumptions & Flags,A25,,Annual Rent Escalation (%)
"C:\Users\scott\OneDrive - NorthMarq Capital, LLC\Team Briggs - Documents\_WORKFLOW\BOV_Master_NNN_Briggs.xlsx",Assumptions & Flags,B25,Management Fee %,
"C:\Users\scott\OneDrive - NorthMarq Capital, LLC\Team Briggs - Documents\_WORKFLOW\BOV_Master_NNN_Briggs.xlsx",Assumptions & Flags,C25,0,
"C:\Users\scott\OneDrive - NorthMarq Capital, LLC\Team Briggs - Documents\_WORKFLOW\BOV_Master_NNN_Briggs.xlsx",Assumptions & Flags,D25,NNN typically 0%; MOB 3–5%,
"C:\Users\scott\OneDrive - NorthMarq Capital, LLC\Team Briggs - Documents\_WORKFLOW\BOV_Master_NNN_Briggs.xlsx",Assumptions & Flags,E25,,Fixed bump or avg CPI — label in Notes
"C:\Users\scott\OneDrive - NorthMarq Capital, LLC\Team Briggs - Documents\_WORKFLOW\BOV_Master_NNN_Briggs.xlsx",Assumptions & Flags,G25,,NET REVERSION (Unleveraged)
"C:\Users\scott\OneDrive - NorthMarq Capital, LLC\Team Briggs - Documents\_WORKFLOW\BOV_Master_NNN_Briggs.xlsx",Assumptions & Flags,I25,,"=IFERROR(IF(I22="""","""",I22+I23+I24),"""")"
"C:\Users\scott\OneDrive - NorthMarq Capital, LLC\Team Briggs - Documents\_WORKFLOW\BOV_Master_NNN_Briggs.xlsx",Assumptions & Flags,A26,,Tenant Reimbursements ($/yr)
"C:\Users\scott\OneDrive - NorthMarq Capital, LLC\Team Briggs - Documents\_WORKFLOW\BOV_Master_NNN_Briggs.xlsx",Assumptions & Flags,B26,Annual Rent Growth %,
"C:\Users\scott\OneDrive - NorthMarq Capital, LLC\Team Briggs - Documents\_WORKFLOW\BOV_Master_NNN_Briggs.xlsx",Assumptions & Flags,D26,Per lease escalation schedule,
"C:\Users\scott\OneDrive - NorthMarq Capital, LLC\Team Briggs - Documents\_WORKFLOW\BOV_Master_NNN_Briggs.xlsx",Assumptions & Flags,E26,,NNN = $0 for expense tracking purposes
"C:\Users\scott\OneDrive - NorthMarq Capital, LLC\Team Briggs - Documents\_WORKFLOW\BOV_Master_NNN_Briggs.xlsx",Assumptions & Flags,G26,,Remaining Loan Balance at Exit
"C:\Users\scott\OneDrive - NorthMarq Capital, LLC\Team Briggs - Documents\_WORKFLOW\BOV_Master_NNN_Briggs.xlsx",Assumptions & Flags,I26,,"=IFERROR(IF(OR(I8="""",I10="""",I11="""",I13=""""),"""",ABS(I8)*(1+I10/12)^(I13*12)-(ABS(I8)*(I10/12)*(1+I10/12)^(I11*12)/((1+I10/12)^(I11*12)-1))*(((1+I10/12)^(I13*12)-1)/(I10/12))),"""")"
"C:\Users\scott\OneDrive - NorthMarq Capital, LLC\Team Briggs - Documents\_WORKFLOW\BOV_Master_NNN_Briggs.xlsx",Assumptions & Flags,K26,,Outstanding balance at hold period end
"C:\Users\scott\OneDrive - NorthMarq Capital, LLC\Team Briggs - Documents\_WORKFLOW\BOV_Master_NNN_Briggs.xlsx",Assumptions & Flags,A27,,Effective Gross Revenue (Y1)
"C:\Users\scott\OneDrive - NorthMarq Capital, LLC\Team Briggs - Documents\_WORKFLOW\BOV_Master_NNN_Briggs.xlsx",Assumptions & Flags,C27,,"=IFERROR(IF(C24="""","""",C24+IFERROR(C26,0)),"""")"
"C:\Users\scott\OneDrive - NorthMarq Capital, LLC\Team Briggs - Documents\_WORKFLOW\BOV_Master_NNN_Briggs.xlsx",Assumptions & Flags,G27,,NET REVERSION AFTER DEBT
"C:\Users\scott\OneDrive - NorthMarq Capital, LLC\Team Briggs - Documents\_WORKFLOW\BOV_Master_NNN_Briggs.xlsx",Assumptions & Flags,I27,,"=IFERROR(IF(OR(I25="""",I26=""""),"""",I25-I26),"""")"
"C:\Users\scott\OneDrive - NorthMarq Capital, LLC\Team Briggs - Documents\_WORKFLOW\BOV_Master_NNN_Briggs.xlsx",Assumptions & Flags,B28,DISPOSITION ASSUMPTIONS,
"C:\Users\scott\OneDrive - NorthMarq Capital, LLC\Team Briggs - Documents\_WORKFLOW\BOV_Master_NNN_Briggs.xlsx",Assumptions & Flags,A29,,PRO FORMA INPUTS  —  EXPENSES
"C:\Users\scott\OneDrive - NorthMarq Capital, LLC\Team Briggs - Documents\_WORKFLOW\BOV_Master_NNN_Briggs.xlsx",Assumptions & Flags,B29,Brokerage Fee %,
"C:\Users\scott\OneDrive - NorthMarq Capital, LLC\Team Briggs - Documents\_WORKFLOW\BOV_Master_NNN_Briggs.xlsx",Assumptions & Flags,C29,0.05,
"C:\Users\scott\OneDrive - NorthMarq Capital, LLC\Team Briggs - Documents\_WORKFLOW\BOV_Master_NNN_Briggs.xlsx",Assumptions & Flags,D29,Standard 5% — per BOV standard,
"C:\Users\scott\OneDrive - NorthMarq Capital, LLC\Team Briggs - Documents\_WORKFLOW\BOV_Master_NNN_Briggs.xlsx",Assumptions & Flags,G29,,RETURN SUMMARY REFERENCE
"C:\Users\scott\OneDrive - NorthMarq Capital, LLC\Team Briggs - Documents\_WORKFLOW\BOV_Master_NNN_Briggs.xlsx",Assumptions & Flags,A30,,Mgmt Fee (%)
"C:\Users\scott\OneDrive - NorthMarq Capital, LLC\Team Briggs - Documents\_WORKFLOW\BOV_Master_NNN_Briggs.xlsx",Assumptions & Flags,B30,Transaction Costs %,
"C:\Users\scott\OneDrive - NorthMarq Capital, LLC\Team Briggs - Documents\_WORKFLOW\BOV_Master_NNN_Briggs.xlsx",Assumptions & Flags,C30,0.01,
"C:\Users\scott\OneDrive - NorthMarq Capital, LLC\Team Briggs - Documents\_WORKFLOW\BOV_Master_NNN_Briggs.xlsx",Assumptions & Flags,D30,Standard 1% — per BOV standard,
"C:\Users\scott\OneDrive - NorthMarq Capital, LLC\Team Briggs - Documents\_WORKFLOW\BOV_Master_NNN_Briggs.xlsx",Assumptions & Flags,E30,,Typically 0–3% for NNN
"C:\Users\scott\OneDrive - NorthMarq Capital, LLC\Team Briggs - Documents\_WORKFLOW\BOV_Master_NNN_Briggs.xlsx",Assumptions & Flags,G30,,Unleveraged IRR
"C:\Users\scott\OneDrive - NorthMarq Capital, LLC\Team Briggs - Documents\_WORKFLOW\BOV_Master_NNN_Briggs.xlsx",Assumptions & Flags,I30,,"=IFERROR('Pro Forma'!C29,""N/A"")"
"C:\Users\scott\OneDrive - NorthMarq Capital, LLC\Team Briggs - Documents\_WORKFLOW\BOV_Master_NNN_Briggs.xlsx",Assumptions & Flags,A31,,Capital / Replacement Reserves ($/yr)
"C:\Users\scott\OneDrive - NorthMarq Capital, LLC\Team Briggs - Documents\_WORKFLOW\BOV_Master_NNN_Briggs.xlsx",Assumptions & Flags,E31,,$0–$0.15/SF typical NNN
"C:\Users\scott\OneDrive - NorthMarq Capital, LLC\Team Briggs - Documents\_WORKFLOW\BOV_Master_NNN_Briggs.xlsx",Assumptions & Flags,G31,,Unleveraged ERM
"C:\Users\scott\OneDrive - NorthMarq Capital, LLC\Team Briggs - Documents\_WORKFLOW\BOV_Master_NNN_Briggs.xlsx",Assumptions & Flags,I31,,"=IFERROR('Pro Forma'!G29,""N/A"")"
"C:\Users\scott\OneDrive - NorthMarq Capital, LLC\Team Briggs - Documents\_WORKFLOW\BOV_Master_NNN_Briggs.xlsx",Assumptions & Flags,A32,,Total Expenses (Y1)
"C:\Users\scott\OneDrive - NorthMarq Capital, LLC\Team Briggs - Documents\_WORKFLOW\BOV_Master_NNN_Briggs.xlsx",Assumptions & Flags,B32,CALCULATED VALUES,
"C:\Users\scott\OneDrive - NorthMarq Capital, LLC\Team Briggs - Documents\_WORKFLOW\BOV_Master_NNN_Briggs.xlsx",Assumptions & Flags,C32,,"=IFERROR(IF(C24="""","""",C24*IFERROR(C30,0)+IFERROR(C31,0)),"""")"
"C:\Users\scott\OneDrive - NorthMarq Capital, LLC\Team Briggs - Documents\_WORKFLOW\BOV_Master_NNN_Briggs.xlsx",Assumptions & Flags,G32,,Unleveraged CoCR
"C:\Users\scott\OneDrive - NorthMarq Capital, LLC\Team Briggs - Documents\_WORKFLOW\BOV_Master_NNN_Briggs.xlsx",Assumptions & Flags,I32,,"=IFERROR('Pro Forma'!K29,""N/A"")"
"C:\Users\scott\OneDrive - NorthMarq Capital, LLC\Team Briggs - Documents\_WORKFLOW\BOV_Master_NNN_Briggs.xlsx",Assumptions & Flags,A33,,Estimated NOI (Y1)
"C:\Users\scott\OneDrive - NorthMarq Capital, LLC\Team Briggs - Documents\_WORKFLOW\BOV_Master_NNN_Briggs.xlsx",Assumptions & Flags,B33,PARAMETER,
"C:\Users\scott\OneDrive - NorthMarq Capital, LLC\Team Briggs - Documents\_WORKFLOW\BOV_Master_NNN_Briggs.xlsx",Assumptions & Flags,C33,VALUE,"=IFERROR(IF(C27="""","""",C27-C32),"""")"
"C:\Users\scott\OneDrive - NorthMarq Capital, LLC\Team Briggs - Documents\_WORKFLOW\BOV_Master_NNN_Briggs.xlsx",Assumptions & Flags,D33,FORMULA BASIS,
"C:\Users\scott\OneDrive - NorthMarq Capital, LLC\Team Briggs - Documents\_WORKFLOW\BOV_Master_NNN_Briggs.xlsx",Assumptions & Flags,G33,,Leveraged IRR
"C:\Users\scott\OneDrive - NorthMarq Capital, LLC\Team Briggs - Documents\_WORKFLOW\BOV_Master_NNN_Briggs.xlsx",Assumptions & Flags,I33,,"=IFERROR('Pro Forma'!C43,""N/A"")"
"C:\Users\scott\OneDrive - NorthMarq Capital, LLC\Team Briggs - Documents\_WORKFLOW\BOV_Master_NNN_Briggs.xlsx",Assumptions & Flags,B34,Loan Amount,
"C:\Users\scott\OneDrive - NorthMarq Capital, LLC\Team Briggs - Documents\_WORKFLOW\BOV_Master_NNN_Briggs.xlsx",Assumptions & Flags,C34,"=IFERROR(IF(C13="""","""",C13*C19),"""")",
"C:\Users\scott\OneDrive - NorthMarq Capital, LLC\Team Briggs - Documents\_WORKFLOW\BOV_Master_NNN_Briggs.xlsx",Assumptions & Flags,D34,Purchase Price × LTV,
"C:\Users\scott\OneDrive - NorthMarq Capital, LLC\Team Briggs - Documents\_WORKFLOW\BOV_Master_NNN_Briggs.xlsx",Assumptions & Flags,G34,,Leveraged ERM
"C:\Users\scott\OneDrive - NorthMarq Capital, LLC\Team Briggs - Documents\_WORKFLOW\BOV_Master_NNN_Briggs.xlsx",Assumptions & Flags,I34,,"=IFERROR('Pro Forma'!G43,""N/A"")"
"C:\Users\scott\OneDrive - NorthMarq Capital, LLC\Team Briggs - Documents\_WORKFLOW\BOV_Master_NNN_Briggs.xlsx",Assumptions & Flags,A35,,ACQUISITION PRICING
"C:\Users\scott\OneDrive - NorthMarq Capital, LLC\Team Briggs - Documents\_WORKFLOW\BOV_Master_NNN_Briggs.xlsx",Assumptions & Flags,B35,Equity Invested,
"C:\Users\scott\OneDrive - NorthMarq Capital, LLC\Team Briggs - Documents\_WORKFLOW\BOV_Master_NNN_Briggs.xlsx",Assumptions & Flags,C35,"=IFERROR(IF(OR(C13="""",C34=""""),"""",C13-C34),"""")",
"C:\Users\scott\OneDrive - NorthMarq Capital, LLC\Team Briggs - Documents\_WORKFLOW\BOV_Master_NNN_Briggs.xlsx",Assumptions & Flags,D35,Purchase Price − Loan Amount,
"C:\Users\scott\OneDrive - NorthMarq Capital, LLC\Team Briggs - Documents\_WORKFLOW\BOV_Master_NNN_Briggs.xlsx",Assumptions & Flags,G35,,Leveraged CoCR
"C:\Users\scott\OneDrive - NorthMarq Capital, LLC\Team Briggs - Documents\_WORKFLOW\BOV_Master_NNN_Briggs.xlsx",Assumptions & Flags,I35,,"=IFERROR('Pro Forma'!K43,""N/A"")"
"C:\Users\scott\OneDrive - NorthMarq Capital, LLC\Team Briggs - Documents\_WORKFLOW\BOV_Master_NNN_Briggs.xlsx",Assumptions & Flags,A36,,Purchase Price ($)
"C:\Users\scott\OneDrive - NorthMarq Capital, LLC\Team Briggs - Documents\_WORKFLOW\BOV_Master_NNN_Briggs.xlsx",Assumptions & Flags,B36,Monthly Debt Service,
"C:\Users\scott\OneDrive - NorthMarq Capital, LLC\Team Briggs - Documents\_WORKFLOW\BOV_Master_NNN_Briggs.xlsx",Assumptions & Flags,C36,"=IFERROR(IF(OR(C34="""",C20="""",C21=""""),"""",PMT(C20/12,C21*12,-C34)),"""")",
"C:\Users\scott\OneDrive - NorthMarq Capital, LLC\Team Briggs - Documents\_WORKFLOW\BOV_Master_NNN_Briggs.xlsx",Assumptions & Flags,D36,"PMT(rate/12, amort×12, −Loan)",
"C:\Users\scott\OneDrive - NorthMarq Capital, LLC\Team Briggs - Documents\_WORKFLOW\BOV_Master_NNN_Briggs.xlsx",Assumptions & Flags,E36,,Fungible — change to model different scenarios
"C:\Users\scott\OneDrive - NorthMarq Capital, LLC\Team Briggs - Documents\_WORKFLOW\BOV_Master_NNN_Briggs.xlsx",Assumptions & Flags,A37,,Going-In Cap Rate
"C:\Users\scott\OneDrive - NorthMarq Capital, LLC\Team Briggs - Documents\_WORKFLOW\BOV_Master_NNN_Briggs.xlsx",Assumptions & Flags,B37,Annual Debt Service,
"C:\Users\scott\OneDrive - NorthMarq Capital, LLC\Team Briggs - Documents\_WORKFLOW\BOV_Master_NNN_Briggs.xlsx",Assumptions & Flags,C37,"=IFERROR(IF(C36="""","""",C36*12),"""")","=IFERROR(IF(OR(C33="""",C36="""",C36=0),"""",C33/C36),"""")"
"C:\Users\scott\OneDrive - NorthMarq Capital, LLC\Team Briggs - Documents\_WORKFLOW\BOV_Master_NNN_Briggs.xlsx",Assumptions & Flags,D37,Monthly DS × 12,
"C:\Users\scott\OneDrive - NorthMarq Capital, LLC\Team Briggs - Documents\_WORKFLOW\BOV_Master_NNN_Briggs.xlsx",Assumptions & Flags,A38,,Price Per SF
"C:\Users\scott\OneDrive - NorthMarq Capital, LLC\Team Briggs - Documents\_WORKFLOW\BOV_Master_NNN_Briggs.xlsx",Assumptions & Flags,B38,Remaining Loan Balance (Yr 10),
"C:\Users\scott\OneDrive - NorthMarq Capital, LLC\Team Briggs - Documents\_WORKFLOW\BOV_Master_NNN_Briggs.xlsx",Assumptions & Flags,C38,"=IFERROR(IF(OR(C34="""",C20="""",C21=""""),"""",C34*(1+C20/12)^(C14*12)-(C37/12)*((1+C20/12)^(C14*12)-1)/(C20/12)),"""")","=IFERROR(IF(OR(C36="""",C9="""",C9=0),"""",C36/C9),"""")"
"C:\Users\scott\OneDrive - NorthMarq Capital, LLC\Team Briggs - Documents\_WORKFLOW\BOV_Master_NNN_Briggs.xlsx",Assumptions & Flags,D38,Balance after Hold Period years of payments,
"C:\Users\scott\OneDrive - NorthMarq Capital, LLC\Team Briggs - Documents\_WORKFLOW\BOV_Master_NNN_Briggs.xlsx",Assumptions & Flags,E38,,Uses Building SF (row 9 above)
"C:\Users\scott\OneDrive - NorthMarq Capital, LLC\Team Briggs - Documents\_WORKFLOW\BOV_Master_NNN_Briggs.xlsx",Assumptions & Flags,B39,Debt Service Coverage Ratio,
"C:\Users\scott\OneDrive - NorthMarq Capital, LLC\Team Briggs - Documents\_WORKFLOW\BOV_Master_NNN_Briggs.xlsx",Assumptions & Flags,C39,"=IFERROR(IF(OR(C37="""",C37=0,""""),"""",C9/C37),"""")",
"C:\Users\scott\OneDrive - NorthMarq Capital, LLC\Team Briggs - Documents\_WORKFLOW\BOV_Master_NNN_Briggs.xlsx",Assumptions & Flags,D39,Year 1 NOI ÷ Annual Debt Service,
"C:\Users\scott\OneDrive - NorthMarq Capital, LLC\Team Briggs - Documents\_WORKFLOW\BOV_Master_NNN_Briggs.xlsx",Assumptions & Flags,A40,,DISCREPANCY FLAGS  —  Note any source conflicts or assumptions below
"C:\Users\scott\OneDrive - NorthMarq Capital, LLC\Team Briggs - Documents\_WORKFLOW\BOV_Master_NNN_Briggs.xlsx",Assumptions & Flags,A41,,Flag / Assumption
"C:\Users\scott\OneDrive - NorthMarq Capital, LLC\Team Briggs - Documents\_WORKFLOW\BOV_Master_NNN_Briggs.xlsx",Assumptions & Flags,B41,DISCREPANCY FLAGS,
"C:\Users\scott\OneDrive - NorthMarq Capital, LLC\Team Briggs - Documents\_WORKFLOW\BOV_Master_NNN_Briggs.xlsx",Assumptions & Flags,C41,,Description / Resolution
"C:\Users\scott\OneDrive - NorthMarq Capital, LLC\Team Briggs - Documents\_WORKFLOW\BOV_Master_NNN_Briggs.xlsx",Assumptions & Flags,B42,ITEM,
"C:\Users\scott\OneDrive - NorthMarq Capital, LLC\Team Briggs - Documents\_WORKFLOW\BOV_Master_NNN_Briggs.xlsx",Assumptions & Flags,C42,DESCRIPTION,
"C:\Users\scott\OneDrive - NorthMarq Capital, LLC\Team Briggs - Documents\_WORKFLOW\BOV_Master_NNN_Briggs.xlsx",Assumptions & Flags,D42,RESOLUTION / STATUS,
"C:\Users\scott\OneDrive - NorthMarq Capital, LLC\Team Briggs - Documents\_WORKFLOW\BOV_Master_NNN_Briggs.xlsx",Assumptions & Flags,B52,DATA SOURCE HIERARCHY,
"C:\Users\scott\OneDrive - NorthMarq Capital, LLC\Team Briggs - Documents\_WORKFLOW\BOV_Master_NNN_Briggs.xlsx",Assumptions & Flags,B53,"1  Signed Executed Lease — HIGHEST AUTHORITY. Governs all rent, term, and expense figures.",
"C:\Users\scott\OneDrive - NorthMarq Capital, LLC\Team Briggs - Documents\_WORKFLOW\BOV_Master_NNN_Briggs.xlsx",Assumptions & Flags,B54,2  Bank Statements / Actual Rent Receipts — Verify stated rent against actual collections.,
"C:\Users\scott\OneDrive - NorthMarq Capital, LLC\Team Briggs - Documents\_WORKFLOW\BOV_Master_NNN_Briggs.xlsx",Assumptions & Flags,B55,3  Tax Records — Third-party verification of property details and assessment.,
"C:\Users\scott\OneDrive - NorthMarq Capital, LLC\Team Briggs - Documents\_WORKFLOW\BOV_Master_NNN_Briggs.xlsx",Assumptions & Flags,B56,4  Rent Roll Provided by Owner / Broker — Use with caution; verify against lease.,
"C:\Users\scott\OneDrive - NorthMarq Capital, LLC\Team Briggs - Documents\_WORKFLOW\BOV_Master_NNN_Briggs.xlsx",Assumptions & Flags,B57,5  Broker Proposal or OM — LOWEST AUTHORITY. Always verify all figures.,
"C:\Users\scott\OneDrive - NorthMarq Capital, LLC\Team Briggs - Documents\_WORKFLOW\BOV_Master_NNN_Briggs.xlsx",Assumptions & Flags,B59,Any conflict between sources must be flagged in Discrepancy Flags above.,
"C:\Users\scott\OneDrive - NorthMarq Capital, LLC\Team Briggs - Documents\_WORKFLOW\BOV_Master_NNN_Briggs.xlsx",Assumptions & Flags,B60,Never silently resolve source conflicts — document all discrepancies.,
"C:\Users\scott\OneDrive - NorthMarq Capital, LLC\Team Briggs - Documents\_WORKFLOW\BOV_Master_NNN_Briggs.xlsx",Cover,C2,Briggs CRE,Team Briggs
"C:\Users\scott\OneDrive - NorthMarq Capital, LLC\Team Briggs - Documents\_WORKFLOW\BOV_Master_NNN_Briggs.xlsx",Cover,B9,PROPERTY NAME,PROPERTY / TENANT
"C:\Users\scott\OneDrive - NorthMarq Capital, LLC\Team Briggs - Documents\_WORKFLOW\BOV_Master_NNN_Briggs.xlsx",Cover,B10,[Enter Property Name],"[Tenant Name  —  City, State]"
"C:\Users\scott\OneDrive - NorthMarq Capital, LLC\Team Briggs - Documents\_WORKFLOW\BOV_Master_NNN_Briggs.xlsx",Cover,B12,"[Enter Address, City, State ZIP]",
"C:\Users\scott\OneDrive - NorthMarq Capital, LLC\Team Briggs - Documents\_WORKFLOW\BOV_Master_NNN_Briggs.xlsx",Cover,B14,[Enter Client Name],
"C:\Users\scott\OneDrive - NorthMarq Capital, LLC\Team Briggs - Documents\_WORKFLOW\BOV_Master_NNN_Briggs.xlsx",Cover,B24,WORKBOOK STRUCTURE,THREE LEGS OF THE STOOL  —  WORKBOOK STRUCTURE
"C:\Users\scott\OneDrive - NorthMarq Capital, LLC\Team Briggs - Documents\_WORKFLOW\BOV_Master_NNN_Briggs.xlsx",Cover,B25,Tab 1  —  Cover,LEG 1  —  REAL ESTATE FUNDAMENTALS
"C:\Users\scott\OneDrive - NorthMarq Capital, LLC\Team Briggs - Documents\_WORKFLOW\BOV_Master_NNN_Briggs.xlsx",Cover,C25,Property identification and workbook guide,
"C:\Users\scott\OneDrive - NorthMarq Capital, LLC\Team Briggs - Documents\_WORKFLOW\BOV_Master_NNN_Briggs.xlsx",Cover,B26,Tab 2  —  Executive Summary,Underlying value of the physical property; highest & best use; contractual vs. prevailing market rents; long-term value generator.
"C:\Users\scott\OneDrive - NorthMarq Capital, LLC\Team Briggs - Documents\_WORKFLOW\BOV_Master_NNN_Briggs.xlsx",Cover,C26,Investment snapshot · pricing strategy · broker recommendation,
"C:\Users\scott\OneDrive - NorthMarq Capital, LLC\Team Briggs - Documents\_WORKFLOW\BOV_Master_NNN_Briggs.xlsx",Cover,B27,Tab 3  —  Lease Abstract,→
"C:\Users\scott\OneDrive - NorthMarq Capital, LLC\Team Briggs - Documents\_WORKFLOW\BOV_Master_NNN_Briggs.xlsx",Cover,C27,"Lease terms, options, expense responsibilities, source documents","=HYPERLINK(""#'Real Estate'!A1"",""Real Estate"")"
"C:\Users\scott\OneDrive - NorthMarq Capital, LLC\Team Briggs - Documents\_WORKFLOW\BOV_Master_NNN_Briggs.xlsx",Cover,B28,Tab 4  —  Rent Schedule,
"C:\Users\scott\OneDrive - NorthMarq Capital, LLC\Team Briggs - Documents\_WORKFLOW\BOV_Master_NNN_Briggs.xlsx",Cover,C28,Year-by-year rent schedule — contracted and projected periods,
"C:\Users\scott\OneDrive - NorthMarq Capital, LLC\Team Briggs - Documents\_WORKFLOW\BOV_Master_NNN_Briggs.xlsx",Cover,B29,Tab 5  —  Pro Forma,LEG 2  —  ECONOMICS OF THE LEASE
"C:\Users\scott\OneDrive - NorthMarq Capital, LLC\Team Briggs - Documents\_WORKFLOW\BOV_Master_NNN_Briggs.xlsx",Cover,C29,10-year investment model: Revenue → NOI → Valuation → Returns,
"C:\Users\scott\OneDrive - NorthMarq Capital, LLC\Team Briggs - Documents\_WORKFLOW\BOV_Master_NNN_Briggs.xlsx",Cover,B30,Tab 6  —  Assumptions & Flags,"Contractual terms, obligations, and protections imposed on or granted to the Landlord. Better terms → greater value."
"C:\Users\scott\OneDrive - NorthMarq Capital, LLC\Team Briggs - Documents\_WORKFLOW\BOV_Master_NNN_Briggs.xlsx",Cover,C30,"All key inputs, data sources, and discrepancy flags",
"C:\Users\scott\OneDrive - NorthMarq Capital, LLC\Team Briggs - Documents\_WORKFLOW\BOV_Master_NNN_Briggs.xlsx",Cover,B31,,→
"C:\Users\scott\OneDrive - NorthMarq Capital, LLC\Team Briggs - Documents\_WORKFLOW\BOV_Master_NNN_Briggs.xlsx",Cover,C31,,"=HYPERLINK(""#'Lease Abstract'!A1"",""Lease Abstract"")"
"C:\Users\scott\OneDrive - NorthMarq Capital, LLC\Team Briggs - Documents\_WORKFLOW\BOV_Master_NNN_Briggs.xlsx",Cover,B32,COLOR CONVENTIONS,→
"C:\Users\scott\OneDrive - NorthMarq Capital, LLC\Team Briggs - Documents\_WORKFLOW\BOV_Master_NNN_Briggs.xlsx",Cover,C32,,"=HYPERLINK(""#'Rent Schedule'!A1"",""Rent Schedule"")"
"C:\Users\scott\OneDrive - NorthMarq Capital, LLC\Team Briggs - Documents\_WORKFLOW\BOV_Master_NNN_Briggs.xlsx",Cover,B33,  NM Blue fill,
"C:\Users\scott\OneDrive - NorthMarq Capital, LLC\Team Briggs - Documents\_WORKFLOW\BOV_Master_NNN_Briggs.xlsx",Cover,C33,Contracted / executed lease periods,
"C:\Users\scott\OneDrive - NorthMarq Capital, LLC\Team Briggs - Documents\_WORKFLOW\BOV_Master_NNN_Briggs.xlsx",Cover,B34,  Gold fill,LEG 3  —  TENANT & GUARANTOR CREDIT
"C:\Users\scott\OneDrive - NorthMarq Capital, LLC\Team Briggs - Documents\_WORKFLOW\BOV_Master_NNN_Briggs.xlsx",Cover,C34,Renewal / option / projection periods,
"C:\Users\scott\OneDrive - NorthMarq Capital, LLC\Team Briggs - Documents\_WORKFLOW\BOV_Master_NNN_Briggs.xlsx",Cover,B35,  Yellow fill,"Corporate credit quality, unit-level performance (sales / EBITDA), and importance of this location to the enterprise."
"C:\Users\scott\OneDrive - NorthMarq Capital, LLC\Team Briggs - Documents\_WORKFLOW\BOV_Master_NNN_Briggs.xlsx",Cover,C35,Key assumption input cells,
"C:\Users\scott\OneDrive - NorthMarq Capital, LLC\Team Briggs - Documents\_WORKFLOW\BOV_Master_NNN_Briggs.xlsx",Cover,B36,  Blue text,→
"C:\Users\scott\OneDrive - NorthMarq Capital, LLC\Team Briggs - Documents\_WORKFLOW\BOV_Master_NNN_Briggs.xlsx",Cover,C36,Input cells — enter data here,"=HYPERLINK(""#'Credit'!A1"",""Credit"")"
"C:\Users\scott\OneDrive - NorthMarq Capital, LLC\Team Briggs - Documents\_WORKFLOW\BOV_Master_NNN_Briggs.xlsx",Cover,B37,  Muted italic,
"C:\Users\scott\OneDrive - NorthMarq Capital, LLC\Team Briggs - Documents\_WORKFLOW\BOV_Master_NNN_Briggs.xlsx",Cover,C37,Formula / calculated cells (do not edit),
"C:\Users\scott\OneDrive - NorthMarq Capital, LLC\Team Briggs - Documents\_WORKFLOW\BOV_Master_NNN_Briggs.xlsx",Cover,B38,,SYNTHESIS  —  ANALYSIS & MODEL
"C:\Users\scott\OneDrive - NorthMarq Capital, LLC\Team Briggs - Documents\_WORKFLOW\BOV_Master_NNN_Briggs.xlsx",Cover,B39,,→
"C:\Users\scott\OneDrive - NorthMarq Capital, LLC\Team Briggs - Documents\_WORKFLOW\BOV_Master_NNN_Briggs.xlsx",Cover,C39,,"=HYPERLINK(""#'Executive Summary'!A1"",""Executive Summary"")"
"C:\Users\scott\OneDrive - NorthMarq Capital, LLC\Team Briggs - Documents\_WORKFLOW\BOV_Master_NNN_Briggs.xlsx",Cover,B40,,→
"C:\Users\scott\OneDrive - NorthMarq Capital, LLC\Team Briggs - Documents\_WORKFLOW\BOV_Master_NNN_Briggs.xlsx",Cover,C40,,"=HYPERLINK(""#'Pro Forma'!A1"",""Pro Forma"")"
"C:\Users\scott\OneDrive - NorthMarq Capital, LLC\Team Briggs - Documents\_WORKFLOW\BOV_Master_NNN_Briggs.xlsx",Cover,B41,,→
"C:\Users\scott\OneDrive - NorthMarq Capital, LLC\Team Briggs - Documents\_WORKFLOW\BOV_Master_NNN_Briggs.xlsx",Cover,C41,,"=HYPERLINK(""#'Assumptions & Flags'!A1"",""Assumptions & Flags"")"
"C:\Users\scott\OneDrive - NorthMarq Capital, LLC\Team Briggs - Documents\_WORKFLOW\BOV_Master_NNN_Briggs.xlsx",Cover,B42,,→
"C:\Users\scott\OneDrive - NorthMarq Capital, LLC\Team Briggs - Documents\_WORKFLOW\BOV_Master_NNN_Briggs.xlsx",Cover,C42,,"=HYPERLINK(""#'Sensitivity Analysis'!A1"",""Sensitivity Analysis"")"
"C:\Users\scott\OneDrive - NorthMarq Capital, LLC\Team Briggs - Documents\_WORKFLOW\BOV_Master_NNN_Briggs.xlsx",Cover,B43,,→
"C:\Users\scott\OneDrive - NorthMarq Capital, LLC\Team Briggs - Documents\_WORKFLOW\BOV_Master_NNN_Briggs.xlsx",Cover,C43,,"=HYPERLINK(""#'Amortization'!A1"",""Amortization"")"
"C:\Users\scott\OneDrive - NorthMarq Capital, LLC\Team Briggs - Documents\_WORKFLOW\BOV_Master_NNN_Briggs.xlsx",Cover,B45,,COLOR CONVENTIONS
"C:\Users\scott\OneDrive - NorthMarq Capital, LLC\Team Briggs - Documents\_WORKFLOW\BOV_Master_NNN_Briggs.xlsx",Cover,B46,,  NM Blue fill
"C:\Users\scott\OneDrive - NorthMarq Capital, LLC\Team Briggs - Documents\_WORKFLOW\BOV_Master_NNN_Briggs.xlsx",Cover,C46,,Contracted / executed lease periods
"C:\Users\scott\OneDrive - NorthMarq Capital, LLC\Team Briggs - Documents\_WORKFLOW\BOV_Master_NNN_Briggs.xlsx",Cover,B47,,  Gold fill
"C:\Users\scott\OneDrive - NorthMarq Capital, LLC\Team Briggs - Documents\_WORKFLOW\BOV_Master_NNN_Briggs.xlsx",Cover,C47,,Renewal / option / projection periods
"C:\Users\scott\OneDrive - NorthMarq Capital, LLC\Team Briggs - Documents\_WORKFLOW\BOV_Master_NNN_Briggs.xlsx",Cover,B48,,  Yellow fill
"C:\Users\scott\OneDrive - NorthMarq Capital, LLC\Team Briggs - Documents\_WORKFLOW\BOV_Master_NNN_Briggs.xlsx",Cover,C48,,Input cells — clears automatically when filled
"C:\Users\scott\OneDrive - NorthMarq Capital, LLC\Team Briggs - Documents\_WORKFLOW\BOV_Master_NNN_Briggs.xlsx",Cover,B49,,  Blue text
"C:\Users\scott\OneDrive - NorthMarq Capital, LLC\Team Briggs - Documents\_WORKFLOW\BOV_Master_NNN_Briggs.xlsx",Cover,C49,,User-entry fields
"C:\Users\scott\OneDrive - NorthMarq Capital, LLC\Team Briggs - Documents\_WORKFLOW\BOV_Master_NNN_Briggs.xlsx",Cover,B50,,  Muted italic
"C:\Users\scott\OneDrive - NorthMarq Capital, LLC\Team Briggs - Documents\_WORKFLOW\BOV_Master_NNN_Briggs.xlsx",Cover,C50,,Calculated / formula cells — do not edit
"C:\Users\scott\OneDrive - NorthMarq Capital, LLC\Team Briggs - Documents\_WORKFLOW\BOV_Master_NNN_Briggs.xlsx",Credit,*,<missing sheet>,<added sheet>
"C:\Users\scott\OneDrive - NorthMarq Capital, LLC\Team Briggs - Documents\_WORKFLOW\BOV_Master_NNN_Briggs.xlsx",Executive Summary,B2,[Property Name]  ·  Investment Snapshot  ·  [Analysis Date],"[Tenant Name  —  City, State]  ·  Investment Snapshot  ·  [Analysis Date]"
"C:\Users\scott\OneDrive - NorthMarq Capital, LLC\Team Briggs - Documents\_WORKFLOW\BOV_Master_NNN_Briggs.xlsx",Executive Summary,B5,Property Name,Property Name / Tenant
"C:\Users\scott\OneDrive - NorthMarq Capital, LLC\Team Briggs - Documents\_WORKFLOW\BOV_Master_NNN_Briggs.xlsx",Executive Summary,B7,Asset Type / Use,"City, State"
"C:\Users\scott\OneDrive - NorthMarq Capital, LLC\Team Briggs - Documents\_WORKFLOW\BOV_Master_NNN_Briggs.xlsx",Executive Summary,C7,Single-Tenant NNN,
"C:\Users\scott\OneDrive - NorthMarq Capital, LLC\Team Briggs - Documents\_WORKFLOW\BOV_Master_NNN_Briggs.xlsx",Executive Summary,B8,Year Built,Asset Type
"C:\Users\scott\OneDrive - NorthMarq Capital, LLC\Team Briggs - Documents\_WORKFLOW\BOV_Master_NNN_Briggs.xlsx",Executive Summary,C8,,Single-Tenant NNN
"C:\Users\scott\OneDrive - NorthMarq Capital, LLC\Team Briggs - Documents\_WORKFLOW\BOV_Master_NNN_Briggs.xlsx",Executive Summary,B9,Total GLA / RBA (SF),Year Built
"C:\Users\scott\OneDrive - NorthMarq Capital, LLC\Team Briggs - Documents\_WORKFLOW\BOV_Master_NNN_Briggs.xlsx",Executive Summary,B10,Tenant Name,Total GLA / RBA (SF)
"C:\Users\scott\OneDrive - NorthMarq Capital, LLC\Team Briggs - Documents\_WORKFLOW\BOV_Master_NNN_Briggs.xlsx",Executive Summary,B11,Guarantor,Land Area (Acres)
"C:\Users\scott\OneDrive - NorthMarq Capital, LLC\Team Briggs - Documents\_WORKFLOW\BOV_Master_NNN_Briggs.xlsx",Executive Summary,B13,Commencement Date,Lease Commencement
"C:\Users\scott\OneDrive - NorthMarq Capital, LLC\Team Briggs - Documents\_WORKFLOW\BOV_Master_NNN_Briggs.xlsx",Executive Summary,B14,Expiration Date,Lease Expiration
"C:\Users\scott\OneDrive - NorthMarq Capital, LLC\Team Briggs - Documents\_WORKFLOW\BOV_Master_NNN_Briggs.xlsx",Executive Summary,B18,Going-in Cap Rate,Tenant / Guarantor
"C:\Users\scott\OneDrive - NorthMarq Capital, LLC\Team Briggs - Documents\_WORKFLOW\BOV_Master_NNN_Briggs.xlsx",Executive Summary,B19,,Credit Rating
"C:\Users\scott\OneDrive - NorthMarq Capital, LLC\Team Briggs - Documents\_WORKFLOW\BOV_Master_NNN_Briggs.xlsx",Executive Summary,B20,PRICING STRATEGY,
"C:\Users\scott\OneDrive - NorthMarq Capital, LLC\Team Briggs - Documents\_WORKFLOW\BOV_Master_NNN_Briggs.xlsx",Executive Summary,B21,SCENARIO,PRICING STRATEGY
"C:\Users\scott\OneDrive - NorthMarq Capital, LLC\Team Briggs - Documents\_WORKFLOW\BOV_Master_NNN_Briggs.xlsx",Executive Summary,C21,DESCRIPTION,
"C:\Users\scott\OneDrive - NorthMarq Capital, LLC\Team Briggs - Documents\_WORKFLOW\BOV_Master_NNN_Briggs.xlsx",Executive Summary,D21,GROSS SALE PRICE,
"C:\Users\scott\OneDrive - NorthMarq Capital, LLC\Team Briggs - Documents\_WORKFLOW\BOV_Master_NNN_Briggs.xlsx",Executive Summary,E21,GOING-IN CAP,
"C:\Users\scott\OneDrive - NorthMarq Capital, LLC\Team Briggs - Documents\_WORKFLOW\BOV_Master_NNN_Briggs.xlsx",Executive Summary,F21,PRICE / SF,
"C:\Users\scott\OneDrive - NorthMarq Capital, LLC\Team Briggs - Documents\_WORKFLOW\BOV_Master_NNN_Briggs.xlsx",Executive Summary,B22,Low — Floor Value,RECOMMENDED ASKING PRICE
"C:\Users\scott\OneDrive - NorthMarq Capital, LLC\Team Briggs - Documents\_WORKFLOW\BOV_Master_NNN_Briggs.xlsx",Executive Summary,C22,[Floor pricing rationale],
"C:\Users\scott\OneDrive - NorthMarq Capital, LLC\Team Briggs - Documents\_WORKFLOW\BOV_Master_NNN_Briggs.xlsx",Executive Summary,B23,Mid — Recommended Value,
"C:\Users\scott\OneDrive - NorthMarq Capital, LLC\Team Briggs - Documents\_WORKFLOW\BOV_Master_NNN_Briggs.xlsx",Executive Summary,C23,[Recommended ask rationale],CAP RATE
"C:\Users\scott\OneDrive - NorthMarq Capital, LLC\Team Briggs - Documents\_WORKFLOW\BOV_Master_NNN_Briggs.xlsx",Executive Summary,D23,,PRICE
"C:\Users\scott\OneDrive - NorthMarq Capital, LLC\Team Briggs - Documents\_WORKFLOW\BOV_Master_NNN_Briggs.xlsx",Executive Summary,E23,,PRICE / SF
"C:\Users\scott\OneDrive - NorthMarq Capital, LLC\Team Briggs - Documents\_WORKFLOW\BOV_Master_NNN_Briggs.xlsx",Executive Summary,F23,,NOI
"C:\Users\scott\OneDrive - NorthMarq Capital, LLC\Team Briggs - Documents\_WORKFLOW\BOV_Master_NNN_Briggs.xlsx",Executive Summary,B24,High — Stretch Value,Asking Price
"C:\Users\scott\OneDrive - NorthMarq Capital, LLC\Team Briggs - Documents\_WORKFLOW\BOV_Master_NNN_Briggs.xlsx",Executive Summary,C24,[Stretch pricing rationale],"=IFERROR(IF('Assumptions & Flags'!$C$16="""","""",'Assumptions & Flags'!$C$16),"""")"
"C:\Users\scott\OneDrive - NorthMarq Capital, LLC\Team Briggs - Documents\_WORKFLOW\BOV_Master_NNN_Briggs.xlsx",Executive Summary,D24,,"=IFERROR(IF(OR('Assumptions & Flags'!$C$33="""",C24="""",C24=0),"""",'Assumptions & Flags'!$C$33/C24),"""")"
"C:\Users\scott\OneDrive - NorthMarq Capital, LLC\Team Briggs - Documents\_WORKFLOW\BOV_Master_NNN_Briggs.xlsx",Executive Summary,E24,,"=IFERROR(IF(OR(D24="""",'Assumptions & Flags'!$C$9="""",'Assumptions & Flags'!$C$9=0),"""",D24/'Assumptions & Flags'!$C$9),"""")"
"C:\Users\scott\OneDrive - NorthMarq Capital, LLC\Team Briggs - Documents\_WORKFLOW\BOV_Master_NNN_Briggs.xlsx",Executive Summary,F24,,"=IFERROR(IF('Assumptions & Flags'!$C$33="""","""",'Assumptions & Flags'!$C$33),"""")"
"C:\Users\scott\OneDrive - NorthMarq Capital, LLC\Team Briggs - Documents\_WORKFLOW\BOV_Master_NNN_Briggs.xlsx",Executive Summary,B26,BROKER RECOMMENDATION,EXPECTED TRADE RANGE
"C:\Users\scott\OneDrive - NorthMarq Capital, LLC\Team Briggs - Documents\_WORKFLOW\BOV_Master_NNN_Briggs.xlsx",Executive Summary,B27,"[Enter pricing recommendation and rationale. Include comparable cap rates, market conditions, tenant credit quality, lease term remaining, and any relevant risk factors affecting valuation.]",
"C:\Users\scott\OneDrive - NorthMarq Capital, LLC\Team Briggs - Documents\_WORKFLOW\BOV_Master_NNN_Briggs.xlsx",Executive Summary,C27,,CAP RATE
"C:\Users\scott\OneDrive - NorthMarq Capital, LLC\Team Briggs - Documents\_WORKFLOW\BOV_Master_NNN_Briggs.xlsx",Executive Summary,D27,,PRICE
"C:\Users\scott\OneDrive - NorthMarq Capital, LLC\Team Briggs - Documents\_WORKFLOW\BOV_Master_NNN_Briggs.xlsx",Executive Summary,E27,,PRICE / SF
"C:\Users\scott\OneDrive - NorthMarq Capital, LLC\Team Briggs - Documents\_WORKFLOW\BOV_Master_NNN_Briggs.xlsx",Executive Summary,F27,,NOTES
"C:\Users\scott\OneDrive - NorthMarq Capital, LLC\Team Briggs - Documents\_WORKFLOW\BOV_Master_NNN_Briggs.xlsx",Executive Summary,B28,,Low Indication
"C:\Users\scott\OneDrive - NorthMarq Capital, LLC\Team Briggs - Documents\_WORKFLOW\BOV_Master_NNN_Briggs.xlsx",Executive Summary,D28,,"=IFERROR(IF(OR('Assumptions & Flags'!$C$33="""",C28="""",C28=0),"""",'Assumptions & Flags'!$C$33/C28),"""")"
"C:\Users\scott\OneDrive - NorthMarq Capital, LLC\Team Briggs - Documents\_WORKFLOW\BOV_Master_NNN_Briggs.xlsx",Executive Summary,E28,,"=IFERROR(IF(OR(D28="""",'Assumptions & Flags'!$C$9="""",'Assumptions & Flags'!$C$9=0),"""",D28/'Assumptions & Flags'!$C$9),"""")"
"C:\Users\scott\OneDrive - NorthMarq Capital, LLC\Team Briggs - Documents\_WORKFLOW\BOV_Master_NNN_Briggs.xlsx",Executive Summary,B29,ENGAGEMENT TERMS,High Indication
"C:\Users\scott\OneDrive - NorthMarq Capital, LLC\Team Briggs - Documents\_WORKFLOW\BOV_Master_NNN_Briggs.xlsx",Executive Summary,D29,,"=IFERROR(IF(OR('Assumptions & Flags'!$C$33="""",C29="""",C29=0),"""",'Assumptions & Flags'!$C$33/C29),"""")"
"C:\Users\scott\OneDrive - NorthMarq Capital, LLC\Team Briggs - Documents\_WORKFLOW\BOV_Master_NNN_Briggs.xlsx",Executive Summary,E29,,"=IFERROR(IF(OR(D29="""",'Assumptions & Flags'!$C$9="""",'Assumptions & Flags'!$C$9=0),"""",D29/'Assumptions & Flags'!$C$9),"""")"
"C:\Users\scott\OneDrive - NorthMarq Capital, LLC\Team Briggs - Documents\_WORKFLOW\BOV_Master_NNN_Briggs.xlsx",Executive Summary,B30,Exclusive Listing Agreement,
"C:\Users\scott\OneDrive - NorthMarq Capital, LLC\Team Briggs - Documents\_WORKFLOW\BOV_Master_NNN_Briggs.xlsx",Executive Summary,C30,[Yes / No — Term],
"C:\Users\scott\OneDrive - NorthMarq Capital, LLC\Team Briggs - Documents\_WORKFLOW\BOV_Master_NNN_Briggs.xlsx",Executive Summary,B31,Listing Commission,BROKER RECOMMENDATION
"C:\Users\scott\OneDrive - NorthMarq Capital, LLC\Team Briggs - Documents\_WORKFLOW\BOV_Master_NNN_Briggs.xlsx",Executive Summary,C31,[X%],
"C:\Users\scott\OneDrive - NorthMarq Capital, LLC\Team Briggs - Documents\_WORKFLOW\BOV_Master_NNN_Briggs.xlsx",Executive Summary,B32,Co-Broker Commission,"[Enter pricing recommendation and rationale. Include comparable cap rates, market conditions, tenant credit, lease term remaining, and the competitive bid landscape expected to drive pricing into or beyond the indicated trade range.]"
"C:\Users\scott\OneDrive - NorthMarq Capital, LLC\Team Briggs - Documents\_WORKFLOW\BOV_Master_NNN_Briggs.xlsx",Executive Summary,C32,[X%],
"C:\Users\scott\OneDrive - NorthMarq Capital, LLC\Team Briggs - Documents\_WORKFLOW\BOV_Master_NNN_Briggs.xlsx",Executive Summary,B33,Proposed Marketing Period,
"C:\Users\scott\OneDrive - NorthMarq Capital, LLC\Team Briggs - Documents\_WORKFLOW\BOV_Master_NNN_Briggs.xlsx",Executive Summary,C33,[X weeks],
"C:\Users\scott\OneDrive - NorthMarq Capital, LLC\Team Briggs - Documents\_WORKFLOW\BOV_Master_NNN_Briggs.xlsx",Executive Summary,B34,Target Close Date,ENGAGEMENT PROPOSAL
"C:\Users\scott\OneDrive - NorthMarq Capital, LLC\Team Briggs - Documents\_WORKFLOW\BOV_Master_NNN_Briggs.xlsx",Executive Summary,B35,,TERM
"C:\Users\scott\OneDrive - NorthMarq Capital, LLC\Team Briggs - Documents\_WORKFLOW\BOV_Master_NNN_Briggs.xlsx",Executive Summary,C35,,DETAIL
"C:\Users\scott\OneDrive - NorthMarq Capital, LLC\Team Briggs - Documents\_WORKFLOW\BOV_Master_NNN_Briggs.xlsx",Executive Summary,B36,,Listing Type
"C:\Users\scott\OneDrive - NorthMarq Capital, LLC\Team Briggs - Documents\_WORKFLOW\BOV_Master_NNN_Briggs.xlsx",Executive Summary,C36,,Exclusive Right to Sell
"C:\Users\scott\OneDrive - NorthMarq Capital, LLC\Team Briggs - Documents\_WORKFLOW\BOV_Master_NNN_Briggs.xlsx",Executive Summary,B37,,Brokerage Commission
"C:\Users\scott\OneDrive - NorthMarq Capital, LLC\Team Briggs - Documents\_WORKFLOW\BOV_Master_NNN_Briggs.xlsx",Executive Summary,C37,,"[X]% of Gross Sales Price, Payable by Seller at Closing — Split 50/50 Between Procuring Broker and Listing Broker"
"C:\Users\scott\OneDrive - NorthMarq Capital, LLC\Team Briggs - Documents\_WORKFLOW\BOV_Master_NNN_Briggs.xlsx",Executive Summary,B38,,Transactional Brokerage Discount
"C:\Users\scott\OneDrive - NorthMarq Capital, LLC\Team Briggs - Documents\_WORKFLOW\BOV_Master_NNN_Briggs.xlsx",Executive Summary,C38,,"[X]% of Gross Sales Price, Payable by Seller at Closing — Applicable When Team Briggs Represents Both Buyer and Seller in the Transaction"
"C:\Users\scott\OneDrive - NorthMarq Capital, LLC\Team Briggs - Documents\_WORKFLOW\BOV_Master_NNN_Briggs.xlsx",Executive Summary,B39,,Listing Agreement Term
"C:\Users\scott\OneDrive - NorthMarq Capital, LLC\Team Briggs - Documents\_WORKFLOW\BOV_Master_NNN_Briggs.xlsx",Executive Summary,C39,,Six (6) Months
"C:\Users\scott\OneDrive - NorthMarq Capital, LLC\Team Briggs - Documents\_WORKFLOW\BOV_Master_NNN_Briggs.xlsx",Executive Summary,B40,,Additional Terms
"C:\Users\scott\OneDrive - NorthMarq Capital, LLC\Team Briggs - Documents\_WORKFLOW\BOV_Master_NNN_Briggs.xlsx",Executive Summary,C40,,All Marketing and Pursuit Costs Paid by NorthMarq Commercial in Advance Regardless of Closing
"C:\Users\scott\OneDrive - NorthMarq Capital, LLC\Team Briggs - Documents\_WORKFLOW\BOV_Master_NNN_Briggs.xlsx",Lease Abstract,B1,Lease Abstract,
"C:\Users\scott\OneDrive - NorthMarq Capital, LLC\Team Briggs - Documents\_WORKFLOW\BOV_Master_NNN_Briggs.xlsx",Lease Abstract,B2,Source: Executed Lease Agreement  ·  Discrepancies documented in Assumptions & Flags tab,LEASE ABSTRACT
"C:\Users\scott\OneDrive - NorthMarq Capital, LLC\Team Briggs - Documents\_WORKFLOW\BOV_Master_NNN_Briggs.xlsx",Lease Abstract,B3,,"Leg 2 of 3  ·  Executed lease terms, obligations, and economics  ·  Short-form summary at top  ·  Full article-by-article abstract below"
"C:\Users\scott\OneDrive - NorthMarq Capital, LLC\Team Briggs - Documents\_WORKFLOW\BOV_Master_NNN_Briggs.xlsx",Lease Abstract,B4,PROPERTY INFORMATION,
"C:\Users\scott\OneDrive - NorthMarq Capital, LLC\Team Briggs - Documents\_WORKFLOW\BOV_Master_NNN_Briggs.xlsx",Lease Abstract,B5,Property Name,"SHORT-FORM SUMMARY  —  For BOV, OM, or Valuation Memo"
"C:\Users\scott\OneDrive - NorthMarq Capital, LLC\Team Briggs - Documents\_WORKFLOW\BOV_Master_NNN_Briggs.xlsx",Lease Abstract,B6,Property Address,
"C:\Users\scott\OneDrive - NorthMarq Capital, LLC\Team Briggs - Documents\_WORKFLOW\BOV_Master_NNN_Briggs.xlsx",Lease Abstract,C6,,PROVISION
"C:\Users\scott\OneDrive - NorthMarq Capital, LLC\Team Briggs - Documents\_WORKFLOW\BOV_Master_NNN_Briggs.xlsx",Lease Abstract,D6,,ABBREVIATED SUMMARY
"C:\Users\scott\OneDrive - NorthMarq Capital, LLC\Team Briggs - Documents\_WORKFLOW\BOV_Master_NNN_Briggs.xlsx",Lease Abstract,B7,"City, State ZIP",
"C:\Users\scott\OneDrive - NorthMarq Capital, LLC\Team Briggs - Documents\_WORKFLOW\BOV_Master_NNN_Briggs.xlsx",Lease Abstract,C7,,Tenant (Lease)
"C:\Users\scott\OneDrive - NorthMarq Capital, LLC\Team Briggs - Documents\_WORKFLOW\BOV_Master_NNN_Briggs.xlsx",Lease Abstract,B8,Submarket / Market,
"C:\Users\scott\OneDrive - NorthMarq Capital, LLC\Team Briggs - Documents\_WORKFLOW\BOV_Master_NNN_Briggs.xlsx",Lease Abstract,C8,,Guarantor
"C:\Users\scott\OneDrive - NorthMarq Capital, LLC\Team Briggs - Documents\_WORKFLOW\BOV_Master_NNN_Briggs.xlsx",Lease Abstract,B9,GLA / RBA (SF),
"C:\Users\scott\OneDrive - NorthMarq Capital, LLC\Team Briggs - Documents\_WORKFLOW\BOV_Master_NNN_Briggs.xlsx",Lease Abstract,C9,,Lease Type
"C:\Users\scott\OneDrive - NorthMarq Capital, LLC\Team Briggs - Documents\_WORKFLOW\BOV_Master_NNN_Briggs.xlsx",Lease Abstract,B10,Land Area (Acres),
"C:\Users\scott\OneDrive - NorthMarq Capital, LLC\Team Briggs - Documents\_WORKFLOW\BOV_Master_NNN_Briggs.xlsx",Lease Abstract,C10,,Lease Commencement
"C:\Users\scott\OneDrive - NorthMarq Capital, LLC\Team Briggs - Documents\_WORKFLOW\BOV_Master_NNN_Briggs.xlsx",Lease Abstract,B11,Year Built,
"C:\Users\scott\OneDrive - NorthMarq Capital, LLC\Team Briggs - Documents\_WORKFLOW\BOV_Master_NNN_Briggs.xlsx",Lease Abstract,C11,,Lease Expiration
"C:\Users\scott\OneDrive - NorthMarq Capital, LLC\Team Briggs - Documents\_WORKFLOW\BOV_Master_NNN_Briggs.xlsx",Lease Abstract,B12,Parcel APN,
"C:\Users\scott\OneDrive - NorthMarq Capital, LLC\Team Briggs - Documents\_WORKFLOW\BOV_Master_NNN_Briggs.xlsx",Lease Abstract,C12,,Remaining Lease Term
"C:\Users\scott\OneDrive - NorthMarq Capital, LLC\Team Briggs - Documents\_WORKFLOW\BOV_Master_NNN_Briggs.xlsx",Lease Abstract,C13,,Year 1 Base Rent
"C:\Users\scott\OneDrive - NorthMarq Capital, LLC\Team Briggs - Documents\_WORKFLOW\BOV_Master_NNN_Briggs.xlsx",Lease Abstract,B14,TENANT & CREDIT INFORMATION,
"C:\Users\scott\OneDrive - NorthMarq Capital, LLC\Team Briggs - Documents\_WORKFLOW\BOV_Master_NNN_Briggs.xlsx",Lease Abstract,C14,,Rent Escalations
"C:\Users\scott\OneDrive - NorthMarq Capital, LLC\Team Briggs - Documents\_WORKFLOW\BOV_Master_NNN_Briggs.xlsx",Lease Abstract,B15,Tenant / Operator — Legal Entity Name,
"C:\Users\scott\OneDrive - NorthMarq Capital, LLC\Team Briggs - Documents\_WORKFLOW\BOV_Master_NNN_Briggs.xlsx",Lease Abstract,C15,,Renewal Options
"C:\Users\scott\OneDrive - NorthMarq Capital, LLC\Team Briggs - Documents\_WORKFLOW\BOV_Master_NNN_Briggs.xlsx",Lease Abstract,B16,Trade Name (dba),
"C:\Users\scott\OneDrive - NorthMarq Capital, LLC\Team Briggs - Documents\_WORKFLOW\BOV_Master_NNN_Briggs.xlsx",Lease Abstract,C16,,Renewal Rent Method
"C:\Users\scott\OneDrive - NorthMarq Capital, LLC\Team Briggs - Documents\_WORKFLOW\BOV_Master_NNN_Briggs.xlsx",Lease Abstract,B17,Guarantor,
"C:\Users\scott\OneDrive - NorthMarq Capital, LLC\Team Briggs - Documents\_WORKFLOW\BOV_Master_NNN_Briggs.xlsx",Lease Abstract,C17,,Expense Structure
"C:\Users\scott\OneDrive - NorthMarq Capital, LLC\Team Briggs - Documents\_WORKFLOW\BOV_Master_NNN_Briggs.xlsx",Lease Abstract,B18,Guaranty Type,
"C:\Users\scott\OneDrive - NorthMarq Capital, LLC\Team Briggs - Documents\_WORKFLOW\BOV_Master_NNN_Briggs.xlsx",Lease Abstract,C18,[Corporate / Personal / None],LL Responsibilities
"C:\Users\scott\OneDrive - NorthMarq Capital, LLC\Team Briggs - Documents\_WORKFLOW\BOV_Master_NNN_Briggs.xlsx",Lease Abstract,B19,Credit Rating (S&P / Moody's),
"C:\Users\scott\OneDrive - NorthMarq Capital, LLC\Team Briggs - Documents\_WORKFLOW\BOV_Master_NNN_Briggs.xlsx",Lease Abstract,C19,,Early Termination
"C:\Users\scott\OneDrive - NorthMarq Capital, LLC\Team Briggs - Documents\_WORKFLOW\BOV_Master_NNN_Briggs.xlsx",Lease Abstract,B20,Number of Locations,
"C:\Users\scott\OneDrive - NorthMarq Capital, LLC\Team Briggs - Documents\_WORKFLOW\BOV_Master_NNN_Briggs.xlsx",Lease Abstract,C20,,Assignment / Subletting
"C:\Users\scott\OneDrive - NorthMarq Capital, LLC\Team Briggs - Documents\_WORKFLOW\BOV_Master_NNN_Briggs.xlsx",Lease Abstract,C21,,ROFR / ROFO
"C:\Users\scott\OneDrive - NorthMarq Capital, LLC\Team Briggs - Documents\_WORKFLOW\BOV_Master_NNN_Briggs.xlsx",Lease Abstract,B22,LEASE TERMS,
"C:\Users\scott\OneDrive - NorthMarq Capital, LLC\Team Briggs - Documents\_WORKFLOW\BOV_Master_NNN_Briggs.xlsx",Lease Abstract,C22,,Option to Purchase
"C:\Users\scott\OneDrive - NorthMarq Capital, LLC\Team Briggs - Documents\_WORKFLOW\BOV_Master_NNN_Briggs.xlsx",Lease Abstract,B23,Lease Type,
"C:\Users\scott\OneDrive - NorthMarq Capital, LLC\Team Briggs - Documents\_WORKFLOW\BOV_Master_NNN_Briggs.xlsx",Lease Abstract,C23,NNN,Key Lease Strengths
"C:\Users\scott\OneDrive - NorthMarq Capital, LLC\Team Briggs - Documents\_WORKFLOW\BOV_Master_NNN_Briggs.xlsx",Lease Abstract,B24,Execution Date,
"C:\Users\scott\OneDrive - NorthMarq Capital, LLC\Team Briggs - Documents\_WORKFLOW\BOV_Master_NNN_Briggs.xlsx",Lease Abstract,C24,,Key Lease Risks
"C:\Users\scott\OneDrive - NorthMarq Capital, LLC\Team Briggs - Documents\_WORKFLOW\BOV_Master_NNN_Briggs.xlsx",Lease Abstract,B25,Commencement Date,
"C:\Users\scott\OneDrive - NorthMarq Capital, LLC\Team Briggs - Documents\_WORKFLOW\BOV_Master_NNN_Briggs.xlsx",Lease Abstract,C25,,Broker Commentary
"C:\Users\scott\OneDrive - NorthMarq Capital, LLC\Team Briggs - Documents\_WORKFLOW\BOV_Master_NNN_Briggs.xlsx",Lease Abstract,B26,Expiration Date,
"C:\Users\scott\OneDrive - NorthMarq Capital, LLC\Team Briggs - Documents\_WORKFLOW\BOV_Master_NNN_Briggs.xlsx",Lease Abstract,B27,Initial Term (Years),
"C:\Users\scott\OneDrive - NorthMarq Capital, LLC\Team Briggs - Documents\_WORKFLOW\BOV_Master_NNN_Briggs.xlsx",Lease Abstract,B28,Remaining Term,LONG-FORM ABSTRACT  —  Article / clause reference with source document and operative language
"C:\Users\scott\OneDrive - NorthMarq Capital, LLC\Team Briggs - Documents\_WORKFLOW\BOV_Master_NNN_Briggs.xlsx",Lease Abstract,C28,"=IFERROR(IF(C26="""","""",MAX(0,(C26-TODAY())/365.25)),""—"")",
"C:\Users\scott\OneDrive - NorthMarq Capital, LLC\Team Briggs - Documents\_WORKFLOW\BOV_Master_NNN_Briggs.xlsx",Lease Abstract,B29,Annual Base Rent,#
"C:\Users\scott\OneDrive - NorthMarq Capital, LLC\Team Briggs - Documents\_WORKFLOW\BOV_Master_NNN_Briggs.xlsx",Lease Abstract,C29,,ARTICLE / SECTION
"C:\Users\scott\OneDrive - NorthMarq Capital, LLC\Team Briggs - Documents\_WORKFLOW\BOV_Master_NNN_Briggs.xlsx",Lease Abstract,D29,,CLAUSE / PROVISION
"C:\Users\scott\OneDrive - NorthMarq Capital, LLC\Team Briggs - Documents\_WORKFLOW\BOV_Master_NNN_Briggs.xlsx",Lease Abstract,E29,,PAGE
"C:\Users\scott\OneDrive - NorthMarq Capital, LLC\Team Briggs - Documents\_WORKFLOW\BOV_Master_NNN_Briggs.xlsx",Lease Abstract,F29,,LEASE SECTION
"C:\Users\scott\OneDrive - NorthMarq Capital, LLC\Team Briggs - Documents\_WORKFLOW\BOV_Master_NNN_Briggs.xlsx",Lease Abstract,G29,,DOCUMENT SOURCE
"C:\Users\scott\OneDrive - NorthMarq Capital, LLC\Team Briggs - Documents\_WORKFLOW\BOV_Master_NNN_Briggs.xlsx",Lease Abstract,H29,,OPERATIVE LANGUAGE
"C:\Users\scott\OneDrive - NorthMarq Capital, LLC\Team Briggs - Documents\_WORKFLOW\BOV_Master_NNN_Briggs.xlsx",Lease Abstract,B30,Monthly Base Rent,1
"C:\Users\scott\OneDrive - NorthMarq Capital, LLC\Team Briggs - Documents\_WORKFLOW\BOV_Master_NNN_Briggs.xlsx",Lease Abstract,C30,,Lease Identification
"C:\Users\scott\OneDrive - NorthMarq Capital, LLC\Team Briggs - Documents\_WORKFLOW\BOV_Master_NNN_Briggs.xlsx",Lease Abstract,D30,,Lease Type / Form
"C:\Users\scott\OneDrive - NorthMarq Capital, LLC\Team Briggs - Documents\_WORKFLOW\BOV_Master_NNN_Briggs.xlsx",Lease Abstract,B31,Annual Rent / SF,2
"C:\Users\scott\OneDrive - NorthMarq Capital, LLC\Team Briggs - Documents\_WORKFLOW\BOV_Master_NNN_Briggs.xlsx",Lease Abstract,D31,,Execution Date
"C:\Users\scott\OneDrive - NorthMarq Capital, LLC\Team Briggs - Documents\_WORKFLOW\BOV_Master_NNN_Briggs.xlsx",Lease Abstract,B32,Rent Escalations,3
"C:\Users\scott\OneDrive - NorthMarq Capital, LLC\Team Briggs - Documents\_WORKFLOW\BOV_Master_NNN_Briggs.xlsx",Lease Abstract,C32,[% or fixed-step schedule per lease],
"C:\Users\scott\OneDrive - NorthMarq Capital, LLC\Team Briggs - Documents\_WORKFLOW\BOV_Master_NNN_Briggs.xlsx",Lease Abstract,D32,,Effective / Commencement Date
"C:\Users\scott\OneDrive - NorthMarq Capital, LLC\Team Briggs - Documents\_WORKFLOW\BOV_Master_NNN_Briggs.xlsx",Lease Abstract,B33,,4
"C:\Users\scott\OneDrive - NorthMarq Capital, LLC\Team Briggs - Documents\_WORKFLOW\BOV_Master_NNN_Briggs.xlsx",Lease Abstract,D33,,Lease Expiration Date
"C:\Users\scott\OneDrive - NorthMarq Capital, LLC\Team Briggs - Documents\_WORKFLOW\BOV_Master_NNN_Briggs.xlsx",Lease Abstract,B34,RENEWAL & OPTIONS,5
"C:\Users\scott\OneDrive - NorthMarq Capital, LLC\Team Briggs - Documents\_WORKFLOW\BOV_Master_NNN_Briggs.xlsx",Lease Abstract,D34,,Landlord of Record
"C:\Users\scott\OneDrive - NorthMarq Capital, LLC\Team Briggs - Documents\_WORKFLOW\BOV_Master_NNN_Briggs.xlsx",Lease Abstract,B35,Number of Options,6
"C:\Users\scott\OneDrive - NorthMarq Capital, LLC\Team Briggs - Documents\_WORKFLOW\BOV_Master_NNN_Briggs.xlsx",Lease Abstract,D35,,Tenant of Record
"C:\Users\scott\OneDrive - NorthMarq Capital, LLC\Team Briggs - Documents\_WORKFLOW\BOV_Master_NNN_Briggs.xlsx",Lease Abstract,B36,Option Term (each),7
"C:\Users\scott\OneDrive - NorthMarq Capital, LLC\Team Briggs - Documents\_WORKFLOW\BOV_Master_NNN_Briggs.xlsx",Lease Abstract,C36,[X years per option],
"C:\Users\scott\OneDrive - NorthMarq Capital, LLC\Team Briggs - Documents\_WORKFLOW\BOV_Master_NNN_Briggs.xlsx",Lease Abstract,D36,,Guarantor (if any)
"C:\Users\scott\OneDrive - NorthMarq Capital, LLC\Team Briggs - Documents\_WORKFLOW\BOV_Master_NNN_Briggs.xlsx",Lease Abstract,B37,Total Option Term,
"C:\Users\scott\OneDrive - NorthMarq Capital, LLC\Team Briggs - Documents\_WORKFLOW\BOV_Master_NNN_Briggs.xlsx",Lease Abstract,C37,[X years total],
"C:\Users\scott\OneDrive - NorthMarq Capital, LLC\Team Briggs - Documents\_WORKFLOW\BOV_Master_NNN_Briggs.xlsx",Lease Abstract,B38,Option Notice Period,8
"C:\Users\scott\OneDrive - NorthMarq Capital, LLC\Team Briggs - Documents\_WORKFLOW\BOV_Master_NNN_Briggs.xlsx",Lease Abstract,C38,[X days prior to expiration],Premises
"C:\Users\scott\OneDrive - NorthMarq Capital, LLC\Team Briggs - Documents\_WORKFLOW\BOV_Master_NNN_Briggs.xlsx",Lease Abstract,D38,,Demised Premises Address
"C:\Users\scott\OneDrive - NorthMarq Capital, LLC\Team Briggs - Documents\_WORKFLOW\BOV_Master_NNN_Briggs.xlsx",Lease Abstract,B39,Option Rent Basis,9
"C:\Users\scott\OneDrive - NorthMarq Capital, LLC\Team Briggs - Documents\_WORKFLOW\BOV_Master_NNN_Briggs.xlsx",Lease Abstract,C39,[FMV / Fixed / CPI-based],
"C:\Users\scott\OneDrive - NorthMarq Capital, LLC\Team Briggs - Documents\_WORKFLOW\BOV_Master_NNN_Briggs.xlsx",Lease Abstract,D39,,Leased SF (per lease)
"C:\Users\scott\OneDrive - NorthMarq Capital, LLC\Team Briggs - Documents\_WORKFLOW\BOV_Master_NNN_Briggs.xlsx",Lease Abstract,B40,Option Notes,10
"C:\Users\scott\OneDrive - NorthMarq Capital, LLC\Team Briggs - Documents\_WORKFLOW\BOV_Master_NNN_Briggs.xlsx",Lease Abstract,C40,"[Material conditions, caps, etc.]",
"C:\Users\scott\OneDrive - NorthMarq Capital, LLC\Team Briggs - Documents\_WORKFLOW\BOV_Master_NNN_Briggs.xlsx",Lease Abstract,D40,,Leased SF (per survey)
"C:\Users\scott\OneDrive - NorthMarq Capital, LLC\Team Briggs - Documents\_WORKFLOW\BOV_Master_NNN_Briggs.xlsx",Lease Abstract,B41,,11
"C:\Users\scott\OneDrive - NorthMarq Capital, LLC\Team Briggs - Documents\_WORKFLOW\BOV_Master_NNN_Briggs.xlsx",Lease Abstract,D41,,Exclusive Use / Permitted Use
"C:\Users\scott\OneDrive - NorthMarq Capital, LLC\Team Briggs - Documents\_WORKFLOW\BOV_Master_NNN_Briggs.xlsx",Lease Abstract,B42,EXPENSE RESPONSIBILITIES — NNN,12
"C:\Users\scott\OneDrive - NorthMarq Capital, LLC\Team Briggs - Documents\_WORKFLOW\BOV_Master_NNN_Briggs.xlsx",Lease Abstract,D42,,Prohibited Uses
"C:\Users\scott\OneDrive - NorthMarq Capital, LLC\Team Briggs - Documents\_WORKFLOW\BOV_Master_NNN_Briggs.xlsx",Lease Abstract,B43,Real Estate Taxes,
"C:\Users\scott\OneDrive - NorthMarq Capital, LLC\Team Briggs - Documents\_WORKFLOW\BOV_Master_NNN_Briggs.xlsx",Lease Abstract,C43,Tenant,
"C:\Users\scott\OneDrive - NorthMarq Capital, LLC\Team Briggs - Documents\_WORKFLOW\BOV_Master_NNN_Briggs.xlsx",Lease Abstract,B44,Insurance,13
"C:\Users\scott\OneDrive - NorthMarq Capital, LLC\Team Briggs - Documents\_WORKFLOW\BOV_Master_NNN_Briggs.xlsx",Lease Abstract,C44,Tenant,Rent
"C:\Users\scott\OneDrive - NorthMarq Capital, LLC\Team Briggs - Documents\_WORKFLOW\BOV_Master_NNN_Briggs.xlsx",Lease Abstract,D44,,Base Rent — Year 1
"C:\Users\scott\OneDrive - NorthMarq Capital, LLC\Team Briggs - Documents\_WORKFLOW\BOV_Master_NNN_Briggs.xlsx",Lease Abstract,B45,Roof & Structure,14
"C:\Users\scott\OneDrive - NorthMarq Capital, LLC\Team Briggs - Documents\_WORKFLOW\BOV_Master_NNN_Briggs.xlsx",Lease Abstract,C45,Tenant,
"C:\Users\scott\OneDrive - NorthMarq Capital, LLC\Team Briggs - Documents\_WORKFLOW\BOV_Master_NNN_Briggs.xlsx",Lease Abstract,D45,,Annual Rent Escalations
"C:\Users\scott\OneDrive - NorthMarq Capital, LLC\Team Briggs - Documents\_WORKFLOW\BOV_Master_NNN_Briggs.xlsx",Lease Abstract,B46,HVAC,15
"C:\Users\scott\OneDrive - NorthMarq Capital, LLC\Team Briggs - Documents\_WORKFLOW\BOV_Master_NNN_Briggs.xlsx",Lease Abstract,C46,Tenant,
"C:\Users\scott\OneDrive - NorthMarq Capital, LLC\Team Briggs - Documents\_WORKFLOW\BOV_Master_NNN_Briggs.xlsx",Lease Abstract,D46,,Rent Commencement Date
"C:\Users\scott\OneDrive - NorthMarq Capital, LLC\Team Briggs - Documents\_WORKFLOW\BOV_Master_NNN_Briggs.xlsx",Lease Abstract,B47,Common Area Maint.,16
"C:\Users\scott\OneDrive - NorthMarq Capital, LLC\Team Briggs - Documents\_WORKFLOW\BOV_Master_NNN_Briggs.xlsx",Lease Abstract,C47,Tenant,
"C:\Users\scott\OneDrive - NorthMarq Capital, LLC\Team Briggs - Documents\_WORKFLOW\BOV_Master_NNN_Briggs.xlsx",Lease Abstract,D47,,Rent Abatement / Free Rent
"C:\Users\scott\OneDrive - NorthMarq Capital, LLC\Team Briggs - Documents\_WORKFLOW\BOV_Master_NNN_Briggs.xlsx",Lease Abstract,B48,Utilities,17
"C:\Users\scott\OneDrive - NorthMarq Capital, LLC\Team Briggs - Documents\_WORKFLOW\BOV_Master_NNN_Briggs.xlsx",Lease Abstract,C48,Tenant,
"C:\Users\scott\OneDrive - NorthMarq Capital, LLC\Team Briggs - Documents\_WORKFLOW\BOV_Master_NNN_Briggs.xlsx",Lease Abstract,D48,,Percentage Rent
"C:\Users\scott\OneDrive - NorthMarq Capital, LLC\Team Briggs - Documents\_WORKFLOW\BOV_Master_NNN_Briggs.xlsx",Lease Abstract,B49,Management,
"C:\Users\scott\OneDrive - NorthMarq Capital, LLC\Team Briggs - Documents\_WORKFLOW\BOV_Master_NNN_Briggs.xlsx",Lease Abstract,C49,Landlord — if applicable,
"C:\Users\scott\OneDrive - NorthMarq Capital, LLC\Team Briggs - Documents\_WORKFLOW\BOV_Master_NNN_Briggs.xlsx",Lease Abstract,B50,Capital Reserves,18
"C:\Users\scott\OneDrive - NorthMarq Capital, LLC\Team Briggs - Documents\_WORKFLOW\BOV_Master_NNN_Briggs.xlsx",Lease Abstract,C50,Landlord — if applicable,Expense Structure
"C:\Users\scott\OneDrive - NorthMarq Capital, LLC\Team Briggs - Documents\_WORKFLOW\BOV_Master_NNN_Briggs.xlsx",Lease Abstract,D50,,Lease Structure (NNN / NN / Gross / MG)
"C:\Users\scott\OneDrive - NorthMarq Capital, LLC\Team Briggs - Documents\_WORKFLOW\BOV_Master_NNN_Briggs.xlsx",Lease Abstract,B51,,19
"C:\Users\scott\OneDrive - NorthMarq Capital, LLC\Team Briggs - Documents\_WORKFLOW\BOV_Master_NNN_Briggs.xlsx",Lease Abstract,D51,,Real Estate Taxes — Responsibility
"C:\Users\scott\OneDrive - NorthMarq Capital, LLC\Team Briggs - Documents\_WORKFLOW\BOV_Master_NNN_Briggs.xlsx",Lease Abstract,B52,SOURCE DOCUMENTS,20
"C:\Users\scott\OneDrive - NorthMarq Capital, LLC\Team Briggs - Documents\_WORKFLOW\BOV_Master_NNN_Briggs.xlsx",Lease Abstract,D52,,Insurance — Responsibility
"C:\Users\scott\OneDrive - NorthMarq Capital, LLC\Team Briggs - Documents\_WORKFLOW\BOV_Master_NNN_Briggs.xlsx",Lease Abstract,B53,Primary Source — Executed Lease,21
"C:\Users\scott\OneDrive - NorthMarq Capital, LLC\Team Briggs - Documents\_WORKFLOW\BOV_Master_NNN_Briggs.xlsx",Lease Abstract,C53,[Date of lease],
"C:\Users\scott\OneDrive - NorthMarq Capital, LLC\Team Briggs - Documents\_WORKFLOW\BOV_Master_NNN_Briggs.xlsx",Lease Abstract,D53,,CAM / Maintenance — Responsibility
"C:\Users\scott\OneDrive - NorthMarq Capital, LLC\Team Briggs - Documents\_WORKFLOW\BOV_Master_NNN_Briggs.xlsx",Lease Abstract,B54,Lease Amendments,22
"C:\Users\scott\OneDrive - NorthMarq Capital, LLC\Team Briggs - Documents\_WORKFLOW\BOV_Master_NNN_Briggs.xlsx",Lease Abstract,C54,"[List amendments and dates, or 'None']",
"C:\Users\scott\OneDrive - NorthMarq Capital, LLC\Team Briggs - Documents\_WORKFLOW\BOV_Master_NNN_Briggs.xlsx",Lease Abstract,D54,,Capital / Roof / Structure — Responsibility
"C:\Users\scott\OneDrive - NorthMarq Capital, LLC\Team Briggs - Documents\_WORKFLOW\BOV_Master_NNN_Briggs.xlsx",Lease Abstract,B55,Secondary Source — Rent Roll,23
"C:\Users\scott\OneDrive - NorthMarq Capital, LLC\Team Briggs - Documents\_WORKFLOW\BOV_Master_NNN_Briggs.xlsx",Lease Abstract,C55,[Date / note conflicts],
"C:\Users\scott\OneDrive - NorthMarq Capital, LLC\Team Briggs - Documents\_WORKFLOW\BOV_Master_NNN_Briggs.xlsx",Lease Abstract,D55,,Expense Cap (if any)
"C:\Users\scott\OneDrive - NorthMarq Capital, LLC\Team Briggs - Documents\_WORKFLOW\BOV_Master_NNN_Briggs.xlsx",Lease Abstract,B56,OM / Broker Proposal,24
"C:\Users\scott\OneDrive - NorthMarq Capital, LLC\Team Briggs - Documents\_WORKFLOW\BOV_Master_NNN_Briggs.xlsx",Lease Abstract,C56,[Date / note conflicts],
"C:\Users\scott\OneDrive - NorthMarq Capital, LLC\Team Briggs - Documents\_WORKFLOW\BOV_Master_NNN_Briggs.xlsx",Lease Abstract,D56,,Landlord Obligations
"C:\Users\scott\OneDrive - NorthMarq Capital, LLC\Team Briggs - Documents\_WORKFLOW\BOV_Master_NNN_Briggs.xlsx",Lease Abstract,B57,Document Location (OneDrive),
"C:\Users\scott\OneDrive - NorthMarq Capital, LLC\Team Briggs - Documents\_WORKFLOW\BOV_Master_NNN_Briggs.xlsx",Lease Abstract,C57,[Folder path],
"C:\Users\scott\OneDrive - NorthMarq Capital, LLC\Team Briggs - Documents\_WORKFLOW\BOV_Master_NNN_Briggs.xlsx",Lease Abstract,B58,,25
"C:\Users\scott\OneDrive - NorthMarq Capital, LLC\Team Briggs - Documents\_WORKFLOW\BOV_Master_NNN_Briggs.xlsx",Lease Abstract,C58,,Options & Renewals
"C:\Users\scott\OneDrive - NorthMarq Capital, LLC\Team Briggs - Documents\_WORKFLOW\BOV_Master_NNN_Briggs.xlsx",Lease Abstract,D58,,Number of Renewal Options
"C:\Users\scott\OneDrive - NorthMarq Capital, LLC\Team Briggs - Documents\_WORKFLOW\BOV_Master_NNN_Briggs.xlsx",Lease Abstract,B59,,26
"C:\Users\scott\OneDrive - NorthMarq Capital, LLC\Team Briggs - Documents\_WORKFLOW\BOV_Master_NNN_Briggs.xlsx",Lease Abstract,D59,,Option Term Length
"C:\Users\scott\OneDrive - NorthMarq Capital, LLC\Team Briggs - Documents\_WORKFLOW\BOV_Master_NNN_Briggs.xlsx",Lease Abstract,B60,,27
"C:\Users\scott\OneDrive - NorthMarq Capital, LLC\Team Briggs - Documents\_WORKFLOW\BOV_Master_NNN_Briggs.xlsx",Lease Abstract,D60,,Renewal Rent — Method
"C:\Users\scott\OneDrive - NorthMarq Capital, LLC\Team Briggs - Documents\_WORKFLOW\BOV_Master_NNN_Briggs.xlsx",Lease Abstract,B61,,28
"C:\Users\scott\OneDrive - NorthMarq Capital, LLC\Team Briggs - Documents\_WORKFLOW\BOV_Master_NNN_Briggs.xlsx",Lease Abstract,D61,,Renewal Notice Requirement
"C:\Users\scott\OneDrive - NorthMarq Capital, LLC\Team Briggs - Documents\_WORKFLOW\BOV_Master_NNN_Briggs.xlsx",Lease Abstract,B62,,29
"C:\Users\scott\OneDrive - NorthMarq Capital, LLC\Team Briggs - Documents\_WORKFLOW\BOV_Master_NNN_Briggs.xlsx",Lease Abstract,D62,,Option to Purchase
"C:\Users\scott\OneDrive - NorthMarq Capital, LLC\Team Briggs - Documents\_WORKFLOW\BOV_Master_NNN_Briggs.xlsx",Lease Abstract,B63,,30
"C:\Users\scott\OneDrive - NorthMarq Capital, LLC\Team Briggs - Documents\_WORKFLOW\BOV_Master_NNN_Briggs.xlsx",Lease Abstract,D63,,Right of First Refusal (ROFR)
"C:\Users\scott\OneDrive - NorthMarq Capital, LLC\Team Briggs - Documents\_WORKFLOW\BOV_Master_NNN_Briggs.xlsx",Lease Abstract,B64,,31
"C:\Users\scott\OneDrive - NorthMarq Capital, LLC\Team Briggs - Documents\_WORKFLOW\BOV_Master_NNN_Briggs.xlsx",Lease Abstract,D64,,Right of First Offer (ROFO)
"C:\Users\scott\OneDrive - NorthMarq Capital, LLC\Team Briggs - Documents\_WORKFLOW\BOV_Master_NNN_Briggs.xlsx",Lease Abstract,B66,,32
"C:\Users\scott\OneDrive - NorthMarq Capital, LLC\Team Briggs - Documents\_WORKFLOW\BOV_Master_NNN_Briggs.xlsx",Lease Abstract,C66,,Assignment & Subletting
"C:\Users\scott\OneDrive - NorthMarq Capital, LLC\Team Briggs - Documents\_WORKFLOW\BOV_Master_NNN_Briggs.xlsx",Lease Abstract,D66,,Assignment Rights
"C:\Users\scott\OneDrive - NorthMarq Capital, LLC\Team Briggs - Documents\_WORKFLOW\BOV_Master_NNN_Briggs.xlsx",Lease Abstract,B67,,33
"C:\Users\scott\OneDrive - NorthMarq Capital, LLC\Team Briggs - Documents\_WORKFLOW\BOV_Master_NNN_Briggs.xlsx",Lease Abstract,D67,,Subletting Rights
"C:\Users\scott\OneDrive - NorthMarq Capital, LLC\Team Briggs - Documents\_WORKFLOW\BOV_Master_NNN_Briggs.xlsx",Lease Abstract,B68,,34
"C:\Users\scott\OneDrive - NorthMarq Capital, LLC\Team Briggs - Documents\_WORKFLOW\BOV_Master_NNN_Briggs.xlsx",Lease Abstract,D68,,Change of Control Provisions
"C:\Users\scott\OneDrive - NorthMarq Capital, LLC\Team Briggs - Documents\_WORKFLOW\BOV_Master_NNN_Briggs.xlsx",Lease Abstract,B69,,35
"C:\Users\scott\OneDrive - NorthMarq Capital, LLC\Team Briggs - Documents\_WORKFLOW\BOV_Master_NNN_Briggs.xlsx",Lease Abstract,D69,,Release of Guarantor on Assignment
"C:\Users\scott\OneDrive - NorthMarq Capital, LLC\Team Briggs - Documents\_WORKFLOW\BOV_Master_NNN_Briggs.xlsx",Lease Abstract,B71,,36
"C:\Users\scott\OneDrive - NorthMarq Capital, LLC\Team Briggs - Documents\_WORKFLOW\BOV_Master_NNN_Briggs.xlsx",Lease Abstract,C71,,Termination & Default
"C:\Users\scott\OneDrive - NorthMarq Capital, LLC\Team Briggs - Documents\_WORKFLOW\BOV_Master_NNN_Briggs.xlsx",Lease Abstract,D71,,Early Termination Right
"C:\Users\scott\OneDrive - NorthMarq Capital, LLC\Team Briggs - Documents\_WORKFLOW\BOV_Master_NNN_Briggs.xlsx",Lease Abstract,B72,,37
"C:\Users\scott\OneDrive - NorthMarq Capital, LLC\Team Briggs - Documents\_WORKFLOW\BOV_Master_NNN_Briggs.xlsx",Lease Abstract,D72,,Termination Fee / Penalty
"C:\Users\scott\OneDrive - NorthMarq Capital, LLC\Team Briggs - Documents\_WORKFLOW\BOV_Master_NNN_Briggs.xlsx",Lease Abstract,B73,,38
"C:\Users\scott\OneDrive - NorthMarq Capital, LLC\Team Briggs - Documents\_WORKFLOW\BOV_Master_NNN_Briggs.xlsx",Lease Abstract,D73,,Default / Cure Periods
"C:\Users\scott\OneDrive - NorthMarq Capital, LLC\Team Briggs - Documents\_WORKFLOW\BOV_Master_NNN_Briggs.xlsx",Lease Abstract,B74,,39
"C:\Users\scott\OneDrive - NorthMarq Capital, LLC\Team Briggs - Documents\_WORKFLOW\BOV_Master_NNN_Briggs.xlsx",Lease Abstract,D74,,Co-Tenancy Provisions
"C:\Users\scott\OneDrive - NorthMarq Capital, LLC\Team Briggs - Documents\_WORKFLOW\BOV_Master_NNN_Briggs.xlsx",Lease Abstract,B75,,40
"C:\Users\scott\OneDrive - NorthMarq Capital, LLC\Team Briggs - Documents\_WORKFLOW\BOV_Master_NNN_Briggs.xlsx",Lease Abstract,D75,,Go-Dark Provision
"C:\Users\scott\OneDrive - NorthMarq Capital, LLC\Team Briggs - Documents\_WORKFLOW\BOV_Master_NNN_Briggs.xlsx",Lease Abstract,B77,,41
"C:\Users\scott\OneDrive - NorthMarq Capital, LLC\Team Briggs - Documents\_WORKFLOW\BOV_Master_NNN_Briggs.xlsx",Lease Abstract,C77,,Other Provisions
"C:\Users\scott\OneDrive - NorthMarq Capital, LLC\Team Briggs - Documents\_WORKFLOW\BOV_Master_NNN_Briggs.xlsx",Lease Abstract,D77,,TI Allowance / Landlord Work
"C:\Users\scott\OneDrive - NorthMarq Capital, LLC\Team Briggs - Documents\_WORKFLOW\BOV_Master_NNN_Briggs.xlsx",Lease Abstract,B78,,42
"C:\Users\scott\OneDrive - NorthMarq Capital, LLC\Team Briggs - Documents\_WORKFLOW\BOV_Master_NNN_Briggs.xlsx",Lease Abstract,D78,,Signage Rights
"C:\Users\scott\OneDrive - NorthMarq Capital, LLC\Team Briggs - Documents\_WORKFLOW\BOV_Master_NNN_Briggs.xlsx",Lease Abstract,B79,,43
"C:\Users\scott\OneDrive - NorthMarq Capital, LLC\Team Briggs - Documents\_WORKFLOW\BOV_Master_NNN_Briggs.xlsx",Lease Abstract,D79,,Parking Allocation
"C:\Users\scott\OneDrive - NorthMarq Capital, LLC\Team Briggs - Documents\_WORKFLOW\BOV_Master_NNN_Briggs.xlsx",Lease Abstract,B80,,44
"C:\Users\scott\OneDrive - NorthMarq Capital, LLC\Team Briggs - Documents\_WORKFLOW\BOV_Master_NNN_Briggs.xlsx",Lease Abstract,D80,,Subordination / SNDA / Estoppel
"C:\Users\scott\OneDrive - NorthMarq Capital, LLC\Team Briggs - Documents\_WORKFLOW\BOV_Master_NNN_Briggs.xlsx",Lease Abstract,B81,,45
"C:\Users\scott\OneDrive - NorthMarq Capital, LLC\Team Briggs - Documents\_WORKFLOW\BOV_Master_NNN_Briggs.xlsx",Lease Abstract,D81,,Condemnation Provisions
"C:\Users\scott\OneDrive - NorthMarq Capital, LLC\Team Briggs - Documents\_WORKFLOW\BOV_Master_NNN_Briggs.xlsx",Lease Abstract,B82,,46
"C:\Users\scott\OneDrive - NorthMarq Capital, LLC\Team Briggs - Documents\_WORKFLOW\BOV_Master_NNN_Briggs.xlsx",Lease Abstract,D82,,Casualty / Damage Provisions
"C:\Users\scott\OneDrive - NorthMarq Capital, LLC\Team Briggs - Documents\_WORKFLOW\BOV_Master_NNN_Briggs.xlsx",Lease Abstract,B83,,47
"C:\Users\scott\OneDrive - NorthMarq Capital, LLC\Team Briggs - Documents\_WORKFLOW\BOV_Master_NNN_Briggs.xlsx",Lease Abstract,D83,,Holdover Provisions
"C:\Users\scott\OneDrive - NorthMarq Capital, LLC\Team Briggs - Documents\_WORKFLOW\BOV_Master_NNN_Briggs.xlsx",Lease Abstract,B84,,48
"C:\Users\scott\OneDrive - NorthMarq Capital, LLC\Team Briggs - Documents\_WORKFLOW\BOV_Master_NNN_Briggs.xlsx",Lease Abstract,D84,,Notices
"C:\Users\scott\OneDrive - NorthMarq Capital, LLC\Team Briggs - Documents\_WORKFLOW\BOV_Master_NNN_Briggs.xlsx",Lease Abstract,B86,,"Page: lease page #  ·  Lease Section: cite the specific section ref (e.g. 'Section 1.1(i)(a)')  ·  Source: 'Executed Lease', 'Amendment No. 1', etc.  ·  Operative Language: quote or paraphrase the actual lease provision"
"C:\Users\scott\OneDrive - NorthMarq Capital, LLC\Team Briggs - Documents\_WORKFLOW\BOV_Master_NNN_Briggs.xlsx",Pro Forma,B1,Pro Forma — 10-Year Investment Model,
"C:\Users\scott\OneDrive - NorthMarq Capital, LLC\Team Briggs - Documents\_WORKFLOW\BOV_Master_NNN_Briggs.xlsx",Pro Forma,A2,,PRO FORMA  —  10-YEAR INVESTMENT MODEL
"C:\Users\scott\OneDrive - NorthMarq Capital, LLC\Team Briggs - Documents\_WORKFLOW\BOV_Master_NNN_Briggs.xlsx",Pro Forma,B2,[Property Name]  ·  Single-Tenant NNN  ·  Analysis Date: [Date]  ·  All assumptions → Assumptions & Flags tab,
"C:\Users\scott\OneDrive - NorthMarq Capital, LLC\Team Briggs - Documents\_WORKFLOW\BOV_Master_NNN_Briggs.xlsx",Pro Forma,A3,,Single-Tenant NNN  ·  All inputs on Assumptions & Flags tab  ·  Col C = Year 0 (purchase); Cols D–M = Operating Years 1–10
"C:\Users\scott\OneDrive - NorthMarq Capital, LLC\Team Briggs - Documents\_WORKFLOW\BOV_Master_NNN_Briggs.xlsx",Pro Forma,B4,LINE ITEM,
"C:\Users\scott\OneDrive - NorthMarq Capital, LLC\Team Briggs - Documents\_WORKFLOW\BOV_Master_NNN_Briggs.xlsx",Pro Forma,C4,NOTES,
"C:\Users\scott\OneDrive - NorthMarq Capital, LLC\Team Briggs - Documents\_WORKFLOW\BOV_Master_NNN_Briggs.xlsx",Pro Forma,D4,Year 1,
"C:\Users\scott\OneDrive - NorthMarq Capital, LLC\Team Briggs - Documents\_WORKFLOW\BOV_Master_NNN_Briggs.xlsx",Pro Forma,E4,Year 2,
"C:\Users\scott\OneDrive - NorthMarq Capital, LLC\Team Briggs - Documents\_WORKFLOW\BOV_Master_NNN_Briggs.xlsx",Pro Forma,F4,Year 3,
"C:\Users\scott\OneDrive - NorthMarq Capital, LLC\Team Briggs - Documents\_WORKFLOW\BOV_Master_NNN_Briggs.xlsx",Pro Forma,G4,Year 4,
"C:\Users\scott\OneDrive - NorthMarq Capital, LLC\Team Briggs - Documents\_WORKFLOW\BOV_Master_NNN_Briggs.xlsx",Pro Forma,H4,Year 5,
"C:\Users\scott\OneDrive - NorthMarq Capital, LLC\Team Briggs - Documents\_WORKFLOW\BOV_Master_NNN_Briggs.xlsx",Pro Forma,I4,Year 6,
"C:\Users\scott\OneDrive - NorthMarq Capital, LLC\Team Briggs - Documents\_WORKFLOW\BOV_Master_NNN_Briggs.xlsx",Pro Forma,J4,Year 7,
"C:\Users\scott\OneDrive - NorthMarq Capital, LLC\Team Briggs - Documents\_WORKFLOW\BOV_Master_NNN_Briggs.xlsx",Pro Forma,K4,Year 8,
"C:\Users\scott\OneDrive - NorthMarq Capital, LLC\Team Briggs - Documents\_WORKFLOW\BOV_Master_NNN_Briggs.xlsx",Pro Forma,L4,Year 9,
"C:\Users\scott\OneDrive - NorthMarq Capital, LLC\Team Briggs - Documents\_WORKFLOW\BOV_Master_NNN_Briggs.xlsx",Pro Forma,M4,Year 10,
"C:\Users\scott\OneDrive - NorthMarq Capital, LLC\Team Briggs - Documents\_WORKFLOW\BOV_Master_NNN_Briggs.xlsx",Pro Forma,N4,Exit,
"C:\Users\scott\OneDrive - NorthMarq Capital, LLC\Team Briggs - Documents\_WORKFLOW\BOV_Master_NNN_Briggs.xlsx",Pro Forma,C5,,Year 0 / Purchase
"C:\Users\scott\OneDrive - NorthMarq Capital, LLC\Team Briggs - Documents\_WORKFLOW\BOV_Master_NNN_Briggs.xlsx",Pro Forma,D5,,Year 1
"C:\Users\scott\OneDrive - NorthMarq Capital, LLC\Team Briggs - Documents\_WORKFLOW\BOV_Master_NNN_Briggs.xlsx",Pro Forma,E5,,Year 2
"C:\Users\scott\OneDrive - NorthMarq Capital, LLC\Team Briggs - Documents\_WORKFLOW\BOV_Master_NNN_Briggs.xlsx",Pro Forma,F5,,Year 3
"C:\Users\scott\OneDrive - NorthMarq Capital, LLC\Team Briggs - Documents\_WORKFLOW\BOV_Master_NNN_Briggs.xlsx",Pro Forma,G5,,Year 4
"C:\Users\scott\OneDrive - NorthMarq Capital, LLC\Team Briggs - Documents\_WORKFLOW\BOV_Master_NNN_Briggs.xlsx",Pro Forma,H5,,Year 5
"C:\Users\scott\OneDrive - NorthMarq Capital, LLC\Team Briggs - Documents\_WORKFLOW\BOV_Master_NNN_Briggs.xlsx",Pro Forma,I5,,Year 6
"C:\Users\scott\OneDrive - NorthMarq Capital, LLC\Team Briggs - Documents\_WORKFLOW\BOV_Master_NNN_Briggs.xlsx",Pro Forma,J5,,Year 7
"C:\Users\scott\OneDrive - NorthMarq Capital, LLC\Team Briggs - Documents\_WORKFLOW\BOV_Master_NNN_Briggs.xlsx",Pro Forma,K5,,Year 8
"C:\Users\scott\OneDrive - NorthMarq Capital, LLC\Team Briggs - Documents\_WORKFLOW\BOV_Master_NNN_Briggs.xlsx",Pro Forma,L5,,Year 9
"C:\Users\scott\OneDrive - NorthMarq Capital, LLC\Team Briggs - Documents\_WORKFLOW\BOV_Master_NNN_Briggs.xlsx",Pro Forma,M5,,Year 10
"C:\Users\scott\OneDrive - NorthMarq Capital, LLC\Team Briggs - Documents\_WORKFLOW\BOV_Master_NNN_Briggs.xlsx",Pro Forma,A6,,Year-End Date
"C:\Users\scott\OneDrive - NorthMarq Capital, LLC\Team Briggs - Documents\_WORKFLOW\BOV_Master_NNN_Briggs.xlsx",Pro Forma,B6,REVENUE,
"C:\Users\scott\OneDrive - NorthMarq Capital, LLC\Team Briggs - Documents\_WORKFLOW\BOV_Master_NNN_Briggs.xlsx",Pro Forma,D6,,"=IFERROR(DATE(YEAR('Assumptions & Flags'!$C$13)+1,MONTH('Assumptions & Flags'!$C$13),DAY('Assumptions & Flags'!$C$13)-1),"""")"
"C:\Users\scott\OneDrive - NorthMarq Capital, LLC\Team Briggs - Documents\_WORKFLOW\BOV_Master_NNN_Briggs.xlsx",Pro Forma,E6,,"=IFERROR(DATE(YEAR('Assumptions & Flags'!$C$13)+2,MONTH('Assumptions & Flags'!$C$13),DAY('Assumptions & Flags'!$C$13)-1),"""")"
"C:\Users\scott\OneDrive - NorthMarq Capital, LLC\Team Briggs - Documents\_WORKFLOW\BOV_Master_NNN_Briggs.xlsx",Pro Forma,F6,,"=IFERROR(DATE(YEAR('Assumptions & Flags'!$C$13)+3,MONTH('Assumptions & Flags'!$C$13),DAY('Assumptions & Flags'!$C$13)-1),"""")"
"C:\Users\scott\OneDrive - NorthMarq Capital, LLC\Team Briggs - Documents\_WORKFLOW\BOV_Master_NNN_Briggs.xlsx",Pro Forma,G6,,"=IFERROR(DATE(YEAR('Assumptions & Flags'!$C$13)+4,MONTH('Assumptions & Flags'!$C$13),DAY('Assumptions & Flags'!$C$13)-1),"""")"
"C:\Users\scott\OneDrive - NorthMarq Capital, LLC\Team Briggs - Documents\_WORKFLOW\BOV_Master_NNN_Briggs.xlsx",Pro Forma,H6,,"=IFERROR(DATE(YEAR('Assumptions & Flags'!$C$13)+5,MONTH('Assumptions & Flags'!$C$13),DAY('Assumptions & Flags'!$C$13)-1),"""")"
"C:\Users\scott\OneDrive - NorthMarq Capital, LLC\Team Briggs - Documents\_WORKFLOW\BOV_Master_NNN_Briggs.xlsx",Pro Forma,I6,,"=IFERROR(DATE(YEAR('Assumptions & Flags'!$C$13)+6,MONTH('Assumptions & Flags'!$C$13),DAY('Assumptions & Flags'!$C$13)-1),"""")"
"C:\Users\scott\OneDrive - NorthMarq Capital, LLC\Team Briggs - Documents\_WORKFLOW\BOV_Master_NNN_Briggs.xlsx",Pro Forma,J6,,"=IFERROR(DATE(YEAR('Assumptions & Flags'!$C$13)+7,MONTH('Assumptions & Flags'!$C$13),DAY('Assumptions & Flags'!$C$13)-1),"""")"
"C:\Users\scott\OneDrive - NorthMarq Capital, LLC\Team Briggs - Documents\_WORKFLOW\BOV_Master_NNN_Briggs.xlsx",Pro Forma,K6,,"=IFERROR(DATE(YEAR('Assumptions & Flags'!$C$13)+8,MONTH('Assumptions & Flags'!$C$13),DAY('Assumptions & Flags'!$C$13)-1),"""")"
"C:\Users\scott\OneDrive - NorthMarq Capital, LLC\Team Briggs - Documents\_WORKFLOW\BOV_Master_NNN_Briggs.xlsx",Pro Forma,L6,,"=IFERROR(DATE(YEAR('Assumptions & Flags'!$C$13)+9,MONTH('Assumptions & Flags'!$C$13),DAY('Assumptions & Flags'!$C$13)-1),"""")"
"C:\Users\scott\OneDrive - NorthMarq Capital, LLC\Team Briggs - Documents\_WORKFLOW\BOV_Master_NNN_Briggs.xlsx",Pro Forma,M6,,"=IFERROR(DATE(YEAR('Assumptions & Flags'!$C$13)+10,MONTH('Assumptions & Flags'!$C$13),DAY('Assumptions & Flags'!$C$13)-1),"""")"
"C:\Users\scott\OneDrive - NorthMarq Capital, LLC\Team Briggs - Documents\_WORKFLOW\BOV_Master_NNN_Briggs.xlsx",Pro Forma,A7,,REVENUE
"C:\Users\scott\OneDrive - NorthMarq Capital, LLC\Team Briggs - Documents\_WORKFLOW\BOV_Master_NNN_Briggs.xlsx",Pro Forma,B7,Base Rent  [Tenant Name],
"C:\Users\scott\OneDrive - NorthMarq Capital, LLC\Team Briggs - Documents\_WORKFLOW\BOV_Master_NNN_Briggs.xlsx",Pro Forma,C7,Annual,
"C:\Users\scott\OneDrive - NorthMarq Capital, LLC\Team Briggs - Documents\_WORKFLOW\BOV_Master_NNN_Briggs.xlsx",Pro Forma,D7,='Assumptions & Flags'!$C$9,
"C:\Users\scott\OneDrive - NorthMarq Capital, LLC\Team Briggs - Documents\_WORKFLOW\BOV_Master_NNN_Briggs.xlsx",Pro Forma,E7,"=IFERROR(IF(D7="""","""",D7*(1+'Assumptions & Flags'!$C$26)),"""")",
"C:\Users\scott\OneDrive - NorthMarq Capital, LLC\Team Briggs - Documents\_WORKFLOW\BOV_Master_NNN_Briggs.xlsx",Pro Forma,F7,"=IFERROR(IF(E7="""","""",E7*(1+'Assumptions & Flags'!$C$26)),"""")",
"C:\Users\scott\OneDrive - NorthMarq Capital, LLC\Team Briggs - Documents\_WORKFLOW\BOV_Master_NNN_Briggs.xlsx",Pro Forma,G7,"=IFERROR(IF(F7="""","""",F7*(1+'Assumptions & Flags'!$C$26)),"""")",
"C:\Users\scott\OneDrive - NorthMarq Capital, LLC\Team Briggs - Documents\_WORKFLOW\BOV_Master_NNN_Briggs.xlsx",Pro Forma,H7,"=IFERROR(IF(G7="""","""",G7*(1+'Assumptions & Flags'!$C$26)),"""")",
"C:\Users\scott\OneDrive - NorthMarq Capital, LLC\Team Briggs - Documents\_WORKFLOW\BOV_Master_NNN_Briggs.xlsx",Pro Forma,I7,"=IFERROR(IF(H7="""","""",H7*(1+'Assumptions & Flags'!$C$26)),"""")",
"C:\Users\scott\OneDrive - NorthMarq Capital, LLC\Team Briggs - Documents\_WORKFLOW\BOV_Master_NNN_Briggs.xlsx",Pro Forma,J7,"=IFERROR(IF(I7="""","""",I7*(1+'Assumptions & Flags'!$C$26)),"""")",
"C:\Users\scott\OneDrive - NorthMarq Capital, LLC\Team Briggs - Documents\_WORKFLOW\BOV_Master_NNN_Briggs.xlsx",Pro Forma,K7,"=IFERROR(IF(J7="""","""",J7*(1+'Assumptions & Flags'!$C$26)),"""")",
"C:\Users\scott\OneDrive - NorthMarq Capital, LLC\Team Briggs - Documents\_WORKFLOW\BOV_Master_NNN_Briggs.xlsx",Pro Forma,L7,"=IFERROR(IF(K7="""","""",K7*(1+'Assumptions & Flags'!$C$26)),"""")",
"C:\Users\scott\OneDrive - NorthMarq Capital, LLC\Team Briggs - Documents\_WORKFLOW\BOV_Master_NNN_Briggs.xlsx",Pro Forma,M7,"=IFERROR(IF(L7="""","""",L7*(1+'Assumptions & Flags'!$C$26)),"""")",
"C:\Users\scott\OneDrive - NorthMarq Capital, LLC\Team Briggs - Documents\_WORKFLOW\BOV_Master_NNN_Briggs.xlsx",Pro Forma,A8,,Base Rent
"C:\Users\scott\OneDrive - NorthMarq Capital, LLC\Team Briggs - Documents\_WORKFLOW\BOV_Master_NNN_Briggs.xlsx",Pro Forma,B8,Effective Gross Revenue,
"C:\Users\scott\OneDrive - NorthMarq Capital, LLC\Team Briggs - Documents\_WORKFLOW\BOV_Master_NNN_Briggs.xlsx",Pro Forma,C8,Base Rent,
"C:\Users\scott\OneDrive - NorthMarq Capital, LLC\Team Briggs - Documents\_WORKFLOW\BOV_Master_NNN_Briggs.xlsx",Pro Forma,D8,"=IFERROR(IF(D7="""","""",D7*(1-'Assumptions & Flags'!$C$24)),"""")","=IFERROR(IF('Assumptions & Flags'!$C$24="""","""",'Assumptions & Flags'!$C$24),"""")"
"C:\Users\scott\OneDrive - NorthMarq Capital, LLC\Team Briggs - Documents\_WORKFLOW\BOV_Master_NNN_Briggs.xlsx",Pro Forma,E8,"=IFERROR(IF(E7="""","""",E7*(1-'Assumptions & Flags'!$C$24)),"""")","=IFERROR(IF(D8="""","""",D8*(1+'Assumptions & Flags'!$C$25)),"""")"
"C:\Users\scott\OneDrive - NorthMarq Capital, LLC\Team Briggs - Documents\_WORKFLOW\BOV_Master_NNN_Briggs.xlsx",Pro Forma,F8,"=IFERROR(IF(F7="""","""",F7*(1-'Assumptions & Flags'!$C$24)),"""")","=IFERROR(IF(E8="""","""",E8*(1+'Assumptions & Flags'!$C$25)),"""")"
"C:\Users\scott\OneDrive - NorthMarq Capital, LLC\Team Briggs - Documents\_WORKFLOW\BOV_Master_NNN_Briggs.xlsx",Pro Forma,G8,"=IFERROR(IF(G7="""","""",G7*(1-'Assumptions & Flags'!$C$24)),"""")","=IFERROR(IF(F8="""","""",F8*(1+'Assumptions & Flags'!$C$25)),"""")"
"C:\Users\scott\OneDrive - NorthMarq Capital, LLC\Team Briggs - Documents\_WORKFLOW\BOV_Master_NNN_Briggs.xlsx",Pro Forma,H8,"=IFERROR(IF(H7="""","""",H7*(1-'Assumptions & Flags'!$C$24)),"""")","=IFERROR(IF(G8="""","""",G8*(1+'Assumptions & Flags'!$C$25)),"""")"
"C:\Users\scott\OneDrive - NorthMarq Capital, LLC\Team Briggs - Documents\_WORKFLOW\BOV_Master_NNN_Briggs.xlsx",Pro Forma,I8,"=IFERROR(IF(I7="""","""",I7*(1-'Assumptions & Flags'!$C$24)),"""")","=IFERROR(IF(H8="""","""",H8*(1+'Assumptions & Flags'!$C$25)),"""")"
"C:\Users\scott\OneDrive - NorthMarq Capital, LLC\Team Briggs - Documents\_WORKFLOW\BOV_Master_NNN_Briggs.xlsx",Pro Forma,J8,"=IFERROR(IF(J7="""","""",J7*(1-'Assumptions & Flags'!$C$24)),"""")","=IFERROR(IF(I8="""","""",I8*(1+'Assumptions & Flags'!$C$25)),"""")"
"C:\Users\scott\OneDrive - NorthMarq Capital, LLC\Team Briggs - Documents\_WORKFLOW\BOV_Master_NNN_Briggs.xlsx",Pro Forma,K8,"=IFERROR(IF(K7="""","""",K7*(1-'Assumptions & Flags'!$C$24)),"""")","=IFERROR(IF(J8="""","""",J8*(1+'Assumptions & Flags'!$C$25)),"""")"
"C:\Users\scott\OneDrive - NorthMarq Capital, LLC\Team Briggs - Documents\_WORKFLOW\BOV_Master_NNN_Briggs.xlsx",Pro Forma,L8,"=IFERROR(IF(L7="""","""",L7*(1-'Assumptions & Flags'!$C$24)),"""")","=IFERROR(IF(K8="""","""",K8*(1+'Assumptions & Flags'!$C$25)),"""")"
"C:\Users\scott\OneDrive - NorthMarq Capital, LLC\Team Briggs - Documents\_WORKFLOW\BOV_Master_NNN_Briggs.xlsx",Pro Forma,M8,"=IFERROR(IF(M7="""","""",M7*(1-'Assumptions & Flags'!$C$24)),"""")","=IFERROR(IF(L8="""","""",L8*(1+'Assumptions & Flags'!$C$25)),"""")"
"C:\Users\scott\OneDrive - NorthMarq Capital, LLC\Team Briggs - Documents\_WORKFLOW\BOV_Master_NNN_Briggs.xlsx",Pro Forma,N8,,NNN base rent
"C:\Users\scott\OneDrive - NorthMarq Capital, LLC\Team Briggs - Documents\_WORKFLOW\BOV_Master_NNN_Briggs.xlsx",Pro Forma,A9,,Tenant Reimbursements (NNN)
"C:\Users\scott\OneDrive - NorthMarq Capital, LLC\Team Briggs - Documents\_WORKFLOW\BOV_Master_NNN_Briggs.xlsx",Pro Forma,D9,,"=IFERROR(IF('Assumptions & Flags'!$C$26="""","""",'Assumptions & Flags'!$C$26),"""")"
"C:\Users\scott\OneDrive - NorthMarq Capital, LLC\Team Briggs - Documents\_WORKFLOW\BOV_Master_NNN_Briggs.xlsx",Pro Forma,E9,,"=IFERROR(IF('Assumptions & Flags'!$C$26="""","""",'Assumptions & Flags'!$C$26),"""")"
"C:\Users\scott\OneDrive - NorthMarq Capital, LLC\Team Briggs - Documents\_WORKFLOW\BOV_Master_NNN_Briggs.xlsx",Pro Forma,F9,,"=IFERROR(IF('Assumptions & Flags'!$C$26="""","""",'Assumptions & Flags'!$C$26),"""")"
"C:\Users\scott\OneDrive - NorthMarq Capital, LLC\Team Briggs - Documents\_WORKFLOW\BOV_Master_NNN_Briggs.xlsx",Pro Forma,G9,,"=IFERROR(IF('Assumptions & Flags'!$C$26="""","""",'Assumptions & Flags'!$C$26),"""")"
"C:\Users\scott\OneDrive - NorthMarq Capital, LLC\Team Briggs - Documents\_WORKFLOW\BOV_Master_NNN_Briggs.xlsx",Pro Forma,H9,,"=IFERROR(IF('Assumptions & Flags'!$C$26="""","""",'Assumptions & Flags'!$C$26),"""")"
"C:\Users\scott\OneDrive - NorthMarq Capital, LLC\Team Briggs - Documents\_WORKFLOW\BOV_Master_NNN_Briggs.xlsx",Pro Forma,I9,,"=IFERROR(IF('Assumptions & Flags'!$C$26="""","""",'Assumptions & Flags'!$C$26),"""")"
"C:\Users\scott\OneDrive - NorthMarq Capital, LLC\Team Briggs - Documents\_WORKFLOW\BOV_Master_NNN_Briggs.xlsx",Pro Forma,J9,,"=IFERROR(IF('Assumptions & Flags'!$C$26="""","""",'Assumptions & Flags'!$C$26),"""")"
"C:\Users\scott\OneDrive - NorthMarq Capital, LLC\Team Briggs - Documents\_WORKFLOW\BOV_Master_NNN_Briggs.xlsx",Pro Forma,K9,,"=IFERROR(IF('Assumptions & Flags'!$C$26="""","""",'Assumptions & Flags'!$C$26),"""")"
"C:\Users\scott\OneDrive - NorthMarq Capital, LLC\Team Briggs - Documents\_WORKFLOW\BOV_Master_NNN_Briggs.xlsx",Pro Forma,L9,,"=IFERROR(IF('Assumptions & Flags'!$C$26="""","""",'Assumptions & Flags'!$C$26),"""")"
"C:\Users\scott\OneDrive - NorthMarq Capital, LLC\Team Briggs - Documents\_WORKFLOW\BOV_Master_NNN_Briggs.xlsx",Pro Forma,M9,,"=IFERROR(IF('Assumptions & Flags'!$C$26="""","""",'Assumptions & Flags'!$C$26),"""")"
"C:\Users\scott\OneDrive - NorthMarq Capital, LLC\Team Briggs - Documents\_WORKFLOW\BOV_Master_NNN_Briggs.xlsx",Pro Forma,N9,,From Assumptions
"C:\Users\scott\OneDrive - NorthMarq Capital, LLC\Team Briggs - Documents\_WORKFLOW\BOV_Master_NNN_Briggs.xlsx",Pro Forma,A10,,Other Income
"C:\Users\scott\OneDrive - NorthMarq Capital, LLC\Team Briggs - Documents\_WORKFLOW\BOV_Master_NNN_Briggs.xlsx",Pro Forma,B10,EXPENSES,
"C:\Users\scott\OneDrive - NorthMarq Capital, LLC\Team Briggs - Documents\_WORKFLOW\BOV_Master_NNN_Briggs.xlsx",Pro Forma,D10,,0
"C:\Users\scott\OneDrive - NorthMarq Capital, LLC\Team Briggs - Documents\_WORKFLOW\BOV_Master_NNN_Briggs.xlsx",Pro Forma,E10,,0
"C:\Users\scott\OneDrive - NorthMarq Capital, LLC\Team Briggs - Documents\_WORKFLOW\BOV_Master_NNN_Briggs.xlsx",Pro Forma,F10,,0
"C:\Users\scott\OneDrive - NorthMarq Capital, LLC\Team Briggs - Documents\_WORKFLOW\BOV_Master_NNN_Briggs.xlsx",Pro Forma,G10,,0
"C:\Users\scott\OneDrive - NorthMarq Capital, LLC\Team Briggs - Documents\_WORKFLOW\BOV_Master_NNN_Briggs.xlsx",Pro Forma,H10,,0
"C:\Users\scott\OneDrive - NorthMarq Capital, LLC\Team Briggs - Documents\_WORKFLOW\BOV_Master_NNN_Briggs.xlsx",Pro Forma,I10,,0
"C:\Users\scott\OneDrive - NorthMarq Capital, LLC\Team Briggs - Documents\_WORKFLOW\BOV_Master_NNN_Briggs.xlsx",Pro Forma,J10,,0
"C:\Users\scott\OneDrive - NorthMarq Capital, LLC\Team Briggs - Documents\_WORKFLOW\BOV_Master_NNN_Briggs.xlsx",Pro Forma,K10,,0
"C:\Users\scott\OneDrive - NorthMarq Capital, LLC\Team Briggs - Documents\_WORKFLOW\BOV_Master_NNN_Briggs.xlsx",Pro Forma,L10,,0
"C:\Users\scott\OneDrive - NorthMarq Capital, LLC\Team Briggs - Documents\_WORKFLOW\BOV_Master_NNN_Briggs.xlsx",Pro Forma,M10,,0
"C:\Users\scott\OneDrive - NorthMarq Capital, LLC\Team Briggs - Documents\_WORKFLOW\BOV_Master_NNN_Briggs.xlsx",Pro Forma,A11,,EFFECTIVE GROSS REVENUE
"C:\Users\scott\OneDrive - NorthMarq Capital, LLC\Team Briggs - Documents\_WORKFLOW\BOV_Master_NNN_Briggs.xlsx",Pro Forma,B11,"NNN — all operating expenses (taxes, insurance, CAM, HVAC) are tenant-responsible",
"C:\Users\scott\OneDrive - NorthMarq Capital, LLC\Team Briggs - Documents\_WORKFLOW\BOV_Master_NNN_Briggs.xlsx",Pro Forma,D11,,"=IFERROR(IFERROR(D8,0)+IFERROR(D9,0)+IFERROR(D10,0),"""")"
"C:\Users\scott\OneDrive - NorthMarq Capital, LLC\Team Briggs - Documents\_WORKFLOW\BOV_Master_NNN_Briggs.xlsx",Pro Forma,E11,,"=IFERROR(IFERROR(E8,0)+IFERROR(E9,0)+IFERROR(E10,0),"""")"
"C:\Users\scott\OneDrive - NorthMarq Capital, LLC\Team Briggs - Documents\_WORKFLOW\BOV_Master_NNN_Briggs.xlsx",Pro Forma,F11,,"=IFERROR(IFERROR(F8,0)+IFERROR(F9,0)+IFERROR(F10,0),"""")"
"C:\Users\scott\OneDrive - NorthMarq Capital, LLC\Team Briggs - Documents\_WORKFLOW\BOV_Master_NNN_Briggs.xlsx",Pro Forma,G11,,"=IFERROR(IFERROR(G8,0)+IFERROR(G9,0)+IFERROR(G10,0),"""")"
"C:\Users\scott\OneDrive - NorthMarq Capital, LLC\Team Briggs - Documents\_WORKFLOW\BOV_Master_NNN_Briggs.xlsx",Pro Forma,H11,,"=IFERROR(IFERROR(H8,0)+IFERROR(H9,0)+IFERROR(H10,0),"""")"
"C:\Users\scott\OneDrive - NorthMarq Capital, LLC\Team Briggs - Documents\_WORKFLOW\BOV_Master_NNN_Briggs.xlsx",Pro Forma,I11,,"=IFERROR(IFERROR(I8,0)+IFERROR(I9,0)+IFERROR(I10,0),"""")"
"C:\Users\scott\OneDrive - NorthMarq Capital, LLC\Team Briggs - Documents\_WORKFLOW\BOV_Master_NNN_Briggs.xlsx",Pro Forma,J11,,"=IFERROR(IFERROR(J8,0)+IFERROR(J9,0)+IFERROR(J10,0),"""")"
"C:\Users\scott\OneDrive - NorthMarq Capital, LLC\Team Briggs - Documents\_WORKFLOW\BOV_Master_NNN_Briggs.xlsx",Pro Forma,K11,,"=IFERROR(IFERROR(K8,0)+IFERROR(K9,0)+IFERROR(K10,0),"""")"
"C:\Users\scott\OneDrive - NorthMarq Capital, LLC\Team Briggs - Documents\_WORKFLOW\BOV_Master_NNN_Briggs.xlsx",Pro Forma,L11,,"=IFERROR(IFERROR(L8,0)+IFERROR(L9,0)+IFERROR(L10,0),"""")"
"C:\Users\scott\OneDrive - NorthMarq Capital, LLC\Team Briggs - Documents\_WORKFLOW\BOV_Master_NNN_Briggs.xlsx",Pro Forma,M11,,"=IFERROR(IFERROR(M8,0)+IFERROR(M9,0)+IFERROR(M10,0),"""")"
"C:\Users\scott\OneDrive - NorthMarq Capital, LLC\Team Briggs - Documents\_WORKFLOW\BOV_Master_NNN_Briggs.xlsx",Pro Forma,B12,Management Fee,
"C:\Users\scott\OneDrive - NorthMarq Capital, LLC\Team Briggs - Documents\_WORKFLOW\BOV_Master_NNN_Briggs.xlsx",Pro Forma,C12,% EGR,
"C:\Users\scott\OneDrive - NorthMarq Capital, LLC\Team Briggs - Documents\_WORKFLOW\BOV_Master_NNN_Briggs.xlsx",Pro Forma,D12,"=IFERROR(IF(D8="""","""",D8*'Assumptions & Flags'!$C$25),"""")",
"C:\Users\scott\OneDrive - NorthMarq Capital, LLC\Team Briggs - Documents\_WORKFLOW\BOV_Master_NNN_Briggs.xlsx",Pro Forma,E12,"=IFERROR(IF(E8="""","""",E8*'Assumptions & Flags'!$C$25),"""")",
"C:\Users\scott\OneDrive - NorthMarq Capital, LLC\Team Briggs - Documents\_WORKFLOW\BOV_Master_NNN_Briggs.xlsx",Pro Forma,F12,"=IFERROR(IF(F8="""","""",F8*'Assumptions & Flags'!$C$25),"""")",
"C:\Users\scott\OneDrive - NorthMarq Capital, LLC\Team Briggs - Documents\_WORKFLOW\BOV_Master_NNN_Briggs.xlsx",Pro Forma,G12,"=IFERROR(IF(G8="""","""",G8*'Assumptions & Flags'!$C$25),"""")",
"C:\Users\scott\OneDrive - NorthMarq Capital, LLC\Team Briggs - Documents\_WORKFLOW\BOV_Master_NNN_Briggs.xlsx",Pro Forma,H12,"=IFERROR(IF(H8="""","""",H8*'Assumptions & Flags'!$C$25),"""")",
"C:\Users\scott\OneDrive - NorthMarq Capital, LLC\Team Briggs - Documents\_WORKFLOW\BOV_Master_NNN_Briggs.xlsx",Pro Forma,I12,"=IFERROR(IF(I8="""","""",I8*'Assumptions & Flags'!$C$25),"""")",
"C:\Users\scott\OneDrive - NorthMarq Capital, LLC\Team Briggs - Documents\_WORKFLOW\BOV_Master_NNN_Briggs.xlsx",Pro Forma,J12,"=IFERROR(IF(J8="""","""",J8*'Assumptions & Flags'!$C$25),"""")",
"C:\Users\scott\OneDrive - NorthMarq Capital, LLC\Team Briggs - Documents\_WORKFLOW\BOV_Master_NNN_Briggs.xlsx",Pro Forma,K12,"=IFERROR(IF(K8="""","""",K8*'Assumptions & Flags'!$C$25),"""")",
"C:\Users\scott\OneDrive - NorthMarq Capital, LLC\Team Briggs - Documents\_WORKFLOW\BOV_Master_NNN_Briggs.xlsx",Pro Forma,L12,"=IFERROR(IF(L8="""","""",L8*'Assumptions & Flags'!$C$25),"""")",
"C:\Users\scott\OneDrive - NorthMarq Capital, LLC\Team Briggs - Documents\_WORKFLOW\BOV_Master_NNN_Briggs.xlsx",Pro Forma,M12,"=IFERROR(IF(M8="""","""",M8*'Assumptions & Flags'!$C$25),"""")",
"C:\Users\scott\OneDrive - NorthMarq Capital, LLC\Team Briggs - Documents\_WORKFLOW\BOV_Master_NNN_Briggs.xlsx",Pro Forma,A13,,EXPENSES
"C:\Users\scott\OneDrive - NorthMarq Capital, LLC\Team Briggs - Documents\_WORKFLOW\BOV_Master_NNN_Briggs.xlsx",Pro Forma,B13,Total Expenses,
"C:\Users\scott\OneDrive - NorthMarq Capital, LLC\Team Briggs - Documents\_WORKFLOW\BOV_Master_NNN_Briggs.xlsx",Pro Forma,C13,NNN ≈ $0,
"C:\Users\scott\OneDrive - NorthMarq Capital, LLC\Team Briggs - Documents\_WORKFLOW\BOV_Master_NNN_Briggs.xlsx",Pro Forma,D13,"=IFERROR(IF(D12="""","""",D12),"""")",
"C:\Users\scott\OneDrive - NorthMarq Capital, LLC\Team Briggs - Documents\_WORKFLOW\BOV_Master_NNN_Briggs.xlsx",Pro Forma,E13,"=IFERROR(IF(E12="""","""",E12),"""")",
"C:\Users\scott\OneDrive - NorthMarq Capital, LLC\Team Briggs - Documents\_WORKFLOW\BOV_Master_NNN_Briggs.xlsx",Pro Forma,F13,"=IFERROR(IF(F12="""","""",F12),"""")",
"C:\Users\scott\OneDrive - NorthMarq Capital, LLC\Team Briggs - Documents\_WORKFLOW\BOV_Master_NNN_Briggs.xlsx",Pro Forma,G13,"=IFERROR(IF(G12="""","""",G12),"""")",
"C:\Users\scott\OneDrive - NorthMarq Capital, LLC\Team Briggs - Documents\_WORKFLOW\BOV_Master_NNN_Briggs.xlsx",Pro Forma,H13,"=IFERROR(IF(H12="""","""",H12),"""")",
"C:\Users\scott\OneDrive - NorthMarq Capital, LLC\Team Briggs - Documents\_WORKFLOW\BOV_Master_NNN_Briggs.xlsx",Pro Forma,I13,"=IFERROR(IF(I12="""","""",I12),"""")",
"C:\Users\scott\OneDrive - NorthMarq Capital, LLC\Team Briggs - Documents\_WORKFLOW\BOV_Master_NNN_Briggs.xlsx",Pro Forma,J13,"=IFERROR(IF(J12="""","""",J12),"""")",
"C:\Users\scott\OneDrive - NorthMarq Capital, LLC\Team Briggs - Documents\_WORKFLOW\BOV_Master_NNN_Briggs.xlsx",Pro Forma,K13,"=IFERROR(IF(K12="""","""",K12),"""")",
"C:\Users\scott\OneDrive - NorthMarq Capital, LLC\Team Briggs - Documents\_WORKFLOW\BOV_Master_NNN_Briggs.xlsx",Pro Forma,L13,"=IFERROR(IF(L12="""","""",L12),"""")",
"C:\Users\scott\OneDrive - NorthMarq Capital, LLC\Team Briggs - Documents\_WORKFLOW\BOV_Master_NNN_Briggs.xlsx",Pro Forma,M13,"=IFERROR(IF(M12="""","""",M12),"""")",
"C:\Users\scott\OneDrive - NorthMarq Capital, LLC\Team Briggs - Documents\_WORKFLOW\BOV_Master_NNN_Briggs.xlsx",Pro Forma,A14,,Management Fee
"C:\Users\scott\OneDrive - NorthMarq Capital, LLC\Team Briggs - Documents\_WORKFLOW\BOV_Master_NNN_Briggs.xlsx",Pro Forma,D14,,"=IFERROR(IF(D11="""","""",D11*'Assumptions & Flags'!$C$30),"""")"
"C:\Users\scott\OneDrive - NorthMarq Capital, LLC\Team Briggs - Documents\_WORKFLOW\BOV_Master_NNN_Briggs.xlsx",Pro Forma,E14,,"=IFERROR(IF(E11="""","""",E11*'Assumptions & Flags'!$C$30),"""")"
"C:\Users\scott\OneDrive - NorthMarq Capital, LLC\Team Briggs - Documents\_WORKFLOW\BOV_Master_NNN_Briggs.xlsx",Pro Forma,F14,,"=IFERROR(IF(F11="""","""",F11*'Assumptions & Flags'!$C$30),"""")"
"C:\Users\scott\OneDrive - NorthMarq Capital, LLC\Team Briggs - Documents\_WORKFLOW\BOV_Master_NNN_Briggs.xlsx",Pro Forma,G14,,"=IFERROR(IF(G11="""","""",G11*'Assumptions & Flags'!$C$30),"""")"
"C:\Users\scott\OneDrive - NorthMarq Capital, LLC\Team Briggs - Documents\_WORKFLOW\BOV_Master_NNN_Briggs.xlsx",Pro Forma,H14,,"=IFERROR(IF(H11="""","""",H11*'Assumptions & Flags'!$C$30),"""")"
"C:\Users\scott\OneDrive - NorthMarq Capital, LLC\Team Briggs - Documents\_WORKFLOW\BOV_Master_NNN_Briggs.xlsx",Pro Forma,I14,,"=IFERROR(IF(I11="""","""",I11*'Assumptions & Flags'!$C$30),"""")"
"C:\Users\scott\OneDrive - NorthMarq Capital, LLC\Team Briggs - Documents\_WORKFLOW\BOV_Master_NNN_Briggs.xlsx",Pro Forma,J14,,"=IFERROR(IF(J11="""","""",J11*'Assumptions & Flags'!$C$30),"""")"
"C:\Users\scott\OneDrive - NorthMarq Capital, LLC\Team Briggs - Documents\_WORKFLOW\BOV_Master_NNN_Briggs.xlsx",Pro Forma,K14,,"=IFERROR(IF(K11="""","""",K11*'Assumptions & Flags'!$C$30),"""")"
"C:\Users\scott\OneDrive - NorthMarq Capital, LLC\Team Briggs - Documents\_WORKFLOW\BOV_Master_NNN_Briggs.xlsx",Pro Forma,L14,,"=IFERROR(IF(L11="""","""",L11*'Assumptions & Flags'!$C$30),"""")"
"C:\Users\scott\OneDrive - NorthMarq Capital, LLC\Team Briggs - Documents\_WORKFLOW\BOV_Master_NNN_Briggs.xlsx",Pro Forma,M14,,"=IFERROR(IF(M11="""","""",M11*'Assumptions & Flags'!$C$30),"""")"
"C:\Users\scott\OneDrive - NorthMarq Capital, LLC\Team Briggs - Documents\_WORKFLOW\BOV_Master_NNN_Briggs.xlsx",Pro Forma,A15,,Real Estate Taxes (LL Responsibility)
"C:\Users\scott\OneDrive - NorthMarq Capital, LLC\Team Briggs - Documents\_WORKFLOW\BOV_Master_NNN_Briggs.xlsx",Pro Forma,B15,NET OPERATING INCOME,
"C:\Users\scott\OneDrive - NorthMarq Capital, LLC\Team Briggs - Documents\_WORKFLOW\BOV_Master_NNN_Briggs.xlsx",Pro Forma,N15,,NNN = $0 typically
"C:\Users\scott\OneDrive - NorthMarq Capital, LLC\Team Briggs - Documents\_WORKFLOW\BOV_Master_NNN_Briggs.xlsx",Pro Forma,A16,,Insurance (LL Responsibility)
"C:\Users\scott\OneDrive - NorthMarq Capital, LLC\Team Briggs - Documents\_WORKFLOW\BOV_Master_NNN_Briggs.xlsx",Pro Forma,B16,Net Operating Income (NOI),
"C:\Users\scott\OneDrive - NorthMarq Capital, LLC\Team Briggs - Documents\_WORKFLOW\BOV_Master_NNN_Briggs.xlsx",Pro Forma,C16,EGR − Exp,
"C:\Users\scott\OneDrive - NorthMarq Capital, LLC\Team Briggs - Documents\_WORKFLOW\BOV_Master_NNN_Briggs.xlsx",Pro Forma,D16,"=IFERROR(IF(OR(D8=""""),"""",D8-D13),"""")",
"C:\Users\scott\OneDrive - NorthMarq Capital, LLC\Team Briggs - Documents\_WORKFLOW\BOV_Master_NNN_Briggs.xlsx",Pro Forma,E16,"=IFERROR(IF(OR(E8=""""),"""",E8-E13),"""")",
"C:\Users\scott\OneDrive - NorthMarq Capital, LLC\Team Briggs - Documents\_WORKFLOW\BOV_Master_NNN_Briggs.xlsx",Pro Forma,F16,"=IFERROR(IF(OR(F8=""""),"""",F8-F13),"""")",
"C:\Users\scott\OneDrive - NorthMarq Capital, LLC\Team Briggs - Documents\_WORKFLOW\BOV_Master_NNN_Briggs.xlsx",Pro Forma,G16,"=IFERROR(IF(OR(G8=""""),"""",G8-G13),"""")",
"C:\Users\scott\OneDrive - NorthMarq Capital, LLC\Team Briggs - Documents\_WORKFLOW\BOV_Master_NNN_Briggs.xlsx",Pro Forma,H16,"=IFERROR(IF(OR(H8=""""),"""",H8-H13),"""")",
"C:\Users\scott\OneDrive - NorthMarq Capital, LLC\Team Briggs - Documents\_WORKFLOW\BOV_Master_NNN_Briggs.xlsx",Pro Forma,I16,"=IFERROR(IF(OR(I8=""""),"""",I8-I13),"""")",
"C:\Users\scott\OneDrive - NorthMarq Capital, LLC\Team Briggs - Documents\_WORKFLOW\BOV_Master_NNN_Briggs.xlsx",Pro Forma,J16,"=IFERROR(IF(OR(J8=""""),"""",J8-J13),"""")",
"C:\Users\scott\OneDrive - NorthMarq Capital, LLC\Team Briggs - Documents\_WORKFLOW\BOV_Master_NNN_Briggs.xlsx",Pro Forma,K16,"=IFERROR(IF(OR(K8=""""),"""",K8-K13),"""")",
"C:\Users\scott\OneDrive - NorthMarq Capital, LLC\Team Briggs - Documents\_WORKFLOW\BOV_Master_NNN_Briggs.xlsx",Pro Forma,L16,"=IFERROR(IF(OR(L8=""""),"""",L8-L13),"""")",
"C:\Users\scott\OneDrive - NorthMarq Capital, LLC\Team Briggs - Documents\_WORKFLOW\BOV_Master_NNN_Briggs.xlsx",Pro Forma,M16,"=IFERROR(IF(OR(M8=""""),"""",M8-M13),"""")",
"C:\Users\scott\OneDrive - NorthMarq Capital, LLC\Team Briggs - Documents\_WORKFLOW\BOV_Master_NNN_Briggs.xlsx",Pro Forma,A17,,Capital / Replacement Reserves
"C:\Users\scott\OneDrive - NorthMarq Capital, LLC\Team Briggs - Documents\_WORKFLOW\BOV_Master_NNN_Briggs.xlsx",Pro Forma,B17,NOI / SF,
"C:\Users\scott\OneDrive - NorthMarq Capital, LLC\Team Briggs - Documents\_WORKFLOW\BOV_Master_NNN_Briggs.xlsx",Pro Forma,C17,÷ RBA,
"C:\Users\scott\OneDrive - NorthMarq Capital, LLC\Team Briggs - Documents\_WORKFLOW\BOV_Master_NNN_Briggs.xlsx",Pro Forma,D17,"=IFERROR(IF(OR(D16="""",'Assumptions & Flags'!$C$10=""""),"""",D16/'Assumptions & Flags'!$C$10),"""")","=IFERROR(IF('Assumptions & Flags'!$C$31="""","""",'Assumptions & Flags'!$C$31),"""")"
"C:\Users\scott\OneDrive - NorthMarq Capital, LLC\Team Briggs - Documents\_WORKFLOW\BOV_Master_NNN_Briggs.xlsx",Pro Forma,E17,"=IFERROR(IF(OR(E16="""",'Assumptions & Flags'!$C$10=""""),"""",E16/'Assumptions & Flags'!$C$10),"""")","=IFERROR(IF('Assumptions & Flags'!$C$31="""","""",'Assumptions & Flags'!$C$31),"""")"
"C:\Users\scott\OneDrive - NorthMarq Capital, LLC\Team Briggs - Documents\_WORKFLOW\BOV_Master_NNN_Briggs.xlsx",Pro Forma,F17,"=IFERROR(IF(OR(F16="""",'Assumptions & Flags'!$C$10=""""),"""",F16/'Assumptions & Flags'!$C$10),"""")","=IFERROR(IF('Assumptions & Flags'!$C$31="""","""",'Assumptions & Flags'!$C$31),"""")"
"C:\Users\scott\OneDrive - NorthMarq Capital, LLC\Team Briggs - Documents\_WORKFLOW\BOV_Master_NNN_Briggs.xlsx",Pro Forma,G17,"=IFERROR(IF(OR(G16="""",'Assumptions & Flags'!$C$10=""""),"""",G16/'Assumptions & Flags'!$C$10),"""")","=IFERROR(IF('Assumptions & Flags'!$C$31="""","""",'Assumptions & Flags'!$C$31),"""")"
"C:\Users\scott\OneDrive - NorthMarq Capital, LLC\Team Briggs - Documents\_WORKFLOW\BOV_Master_NNN_Briggs.xlsx",Pro Forma,H17,"=IFERROR(IF(OR(H16="""",'Assumptions & Flags'!$C$10=""""),"""",H16/'Assumptions & Flags'!$C$10),"""")","=IFERROR(IF('Assumptions & Flags'!$C$31="""","""",'Assumptions & Flags'!$C$31),"""")"
"C:\Users\scott\OneDrive - NorthMarq Capital, LLC\Team Briggs - Documents\_WORKFLOW\BOV_Master_NNN_Briggs.xlsx",Pro Forma,I17,"=IFERROR(IF(OR(I16="""",'Assumptions & Flags'!$C$10=""""),"""",I16/'Assumptions & Flags'!$C$10),"""")","=IFERROR(IF('Assumptions & Flags'!$C$31="""","""",'Assumptions & Flags'!$C$31),"""")"
"C:\Users\scott\OneDrive - NorthMarq Capital, LLC\Team Briggs - Documents\_WORKFLOW\BOV_Master_NNN_Briggs.xlsx",Pro Forma,J17,"=IFERROR(IF(OR(J16="""",'Assumptions & Flags'!$C$10=""""),"""",J16/'Assumptions & Flags'!$C$10),"""")","=IFERROR(IF('Assumptions & Flags'!$C$31="""","""",'Assumptions & Flags'!$C$31),"""")"
"C:\Users\scott\OneDrive - NorthMarq Capital, LLC\Team Briggs - Documents\_WORKFLOW\BOV_Master_NNN_Briggs.xlsx",Pro Forma,K17,"=IFERROR(IF(OR(K16="""",'Assumptions & Flags'!$C$10=""""),"""",K16/'Assumptions & Flags'!$C$10),"""")","=IFERROR(IF('Assumptions & Flags'!$C$31="""","""",'Assumptions & Flags'!$C$31),"""")"
"C:\Users\scott\OneDrive - NorthMarq Capital, LLC\Team Briggs - Documents\_WORKFLOW\BOV_Master_NNN_Briggs.xlsx",Pro Forma,L17,"=IFERROR(IF(OR(L16="""",'Assumptions & Flags'!$C$10=""""),"""",L16/'Assumptions & Flags'!$C$10),"""")","=IFERROR(IF('Assumptions & Flags'!$C$31="""","""",'Assumptions & Flags'!$C$31),"""")"
"C:\Users\scott\OneDrive - NorthMarq Capital, LLC\Team Briggs - Documents\_WORKFLOW\BOV_Master_NNN_Briggs.xlsx",Pro Forma,M17,"=IFERROR(IF(OR(M16="""",'Assumptions & Flags'!$C$10=""""),"""",M16/'Assumptions & Flags'!$C$10),"""")","=IFERROR(IF('Assumptions & Flags'!$C$31="""","""",'Assumptions & Flags'!$C$31),"""")"
"C:\Users\scott\OneDrive - NorthMarq Capital, LLC\Team Briggs - Documents\_WORKFLOW\BOV_Master_NNN_Briggs.xlsx",Pro Forma,A18,,TOTAL OPERATING EXPENSES
"C:\Users\scott\OneDrive - NorthMarq Capital, LLC\Team Briggs - Documents\_WORKFLOW\BOV_Master_NNN_Briggs.xlsx",Pro Forma,D18,,"=IFERROR(SUM(D14:D17),"""")"
"C:\Users\scott\OneDrive - NorthMarq Capital, LLC\Team Briggs - Documents\_WORKFLOW\BOV_Master_NNN_Briggs.xlsx",Pro Forma,E18,,"=IFERROR(SUM(E14:E17),"""")"
"C:\Users\scott\OneDrive - NorthMarq Capital, LLC\Team Briggs - Documents\_WORKFLOW\BOV_Master_NNN_Briggs.xlsx",Pro Forma,F18,,"=IFERROR(SUM(F14:F17),"""")"
"C:\Users\scott\OneDrive - NorthMarq Capital, LLC\Team Briggs - Documents\_WORKFLOW\BOV_Master_NNN_Briggs.xlsx",Pro Forma,G18,,"=IFERROR(SUM(G14:G17),"""")"
"C:\Users\scott\OneDrive - NorthMarq Capital, LLC\Team Briggs - Documents\_WORKFLOW\BOV_Master_NNN_Briggs.xlsx",Pro Forma,H18,,"=IFERROR(SUM(H14:H17),"""")"
"C:\Users\scott\OneDrive - NorthMarq Capital, LLC\Team Briggs - Documents\_WORKFLOW\BOV_Master_NNN_Briggs.xlsx",Pro Forma,I18,,"=IFERROR(SUM(I14:I17),"""")"
"C:\Users\scott\OneDrive - NorthMarq Capital, LLC\Team Briggs - Documents\_WORKFLOW\BOV_Master_NNN_Briggs.xlsx",Pro Forma,J18,,"=IFERROR(SUM(J14:J17),"""")"
"C:\Users\scott\OneDrive - NorthMarq Capital, LLC\Team Briggs - Documents\_WORKFLOW\BOV_Master_NNN_Briggs.xlsx",Pro Forma,K18,,"=IFERROR(SUM(K14:K17),"""")"
"C:\Users\scott\OneDrive - NorthMarq Capital, LLC\Team Briggs - Documents\_WORKFLOW\BOV_Master_NNN_Briggs.xlsx",Pro Forma,L18,,"=IFERROR(SUM(L14:L17),"""")"
"C:\Users\scott\OneDrive - NorthMarq Capital, LLC\Team Briggs - Documents\_WORKFLOW\BOV_Master_NNN_Briggs.xlsx",Pro Forma,M18,,"=IFERROR(SUM(M14:M17),"""")"
"C:\Users\scott\OneDrive - NorthMarq Capital, LLC\Team Briggs - Documents\_WORKFLOW\BOV_Master_NNN_Briggs.xlsx",Pro Forma,B19,VALUATION MATRIX — Year 1 NOI,
"C:\Users\scott\OneDrive - NorthMarq Capital, LLC\Team Briggs - Documents\_WORKFLOW\BOV_Master_NNN_Briggs.xlsx",Pro Forma,A20,,NET OPERATING INCOME (NOI)
"C:\Users\scott\OneDrive - NorthMarq Capital, LLC\Team Briggs - Documents\_WORKFLOW\BOV_Master_NNN_Briggs.xlsx",Pro Forma,B20,NOI Scenario,
"C:\Users\scott\OneDrive - NorthMarq Capital, LLC\Team Briggs - Documents\_WORKFLOW\BOV_Master_NNN_Briggs.xlsx",Pro Forma,C20,± Adj.,
"C:\Users\scott\OneDrive - NorthMarq Capital, LLC\Team Briggs - Documents\_WORKFLOW\BOV_Master_NNN_Briggs.xlsx",Pro Forma,D20,0.045,"=IFERROR(D11-D18,"""")"
"C:\Users\scott\OneDrive - NorthMarq Capital, LLC\Team Briggs - Documents\_WORKFLOW\BOV_Master_NNN_Briggs.xlsx",Pro Forma,E20,0.05,"=IFERROR(E11-E18,"""")"
"C:\Users\scott\OneDrive - NorthMarq Capital, LLC\Team Briggs - Documents\_WORKFLOW\BOV_Master_NNN_Briggs.xlsx",Pro Forma,F20,0.055,"=IFERROR(F11-F18,"""")"
"C:\Users\scott\OneDrive - NorthMarq Capital, LLC\Team Briggs - Documents\_WORKFLOW\BOV_Master_NNN_Briggs.xlsx",Pro Forma,G20,0.06,"=IFERROR(G11-G18,"""")"
"C:\Users\scott\OneDrive - NorthMarq Capital, LLC\Team Briggs - Documents\_WORKFLOW\BOV_Master_NNN_Briggs.xlsx",Pro Forma,H20,0.065,"=IFERROR(H11-H18,"""")"
"C:\Users\scott\OneDrive - NorthMarq Capital, LLC\Team Briggs - Documents\_WORKFLOW\BOV_Master_NNN_Briggs.xlsx",Pro Forma,I20,0.07,"=IFERROR(I11-I18,"""")"
"C:\Users\scott\OneDrive - NorthMarq Capital, LLC\Team Briggs - Documents\_WORKFLOW\BOV_Master_NNN_Briggs.xlsx",Pro Forma,J20,0.075,"=IFERROR(J11-J18,"""")"
"C:\Users\scott\OneDrive - NorthMarq Capital, LLC\Team Briggs - Documents\_WORKFLOW\BOV_Master_NNN_Briggs.xlsx",Pro Forma,K20,,"=IFERROR(K11-K18,"""")"
"C:\Users\scott\OneDrive - NorthMarq Capital, LLC\Team Briggs - Documents\_WORKFLOW\BOV_Master_NNN_Briggs.xlsx",Pro Forma,L20,,"=IFERROR(L11-L18,"""")"
"C:\Users\scott\OneDrive - NorthMarq Capital, LLC\Team Briggs - Documents\_WORKFLOW\BOV_Master_NNN_Briggs.xlsx",Pro Forma,M20,,"=IFERROR(M11-M18,"""")"
"C:\Users\scott\OneDrive - NorthMarq Capital, LLC\Team Briggs - Documents\_WORKFLOW\BOV_Master_NNN_Briggs.xlsx",Pro Forma,B21,−10% NOI,
"C:\Users\scott\OneDrive - NorthMarq Capital, LLC\Team Briggs - Documents\_WORKFLOW\BOV_Master_NNN_Briggs.xlsx",Pro Forma,C21,-0.1,
"C:\Users\scott\OneDrive - NorthMarq Capital, LLC\Team Briggs - Documents\_WORKFLOW\BOV_Master_NNN_Briggs.xlsx",Pro Forma,D21,"=IFERROR(IF(D16="""","""",D16*0.9/D20),"""")",
"C:\Users\scott\OneDrive - NorthMarq Capital, LLC\Team Briggs - Documents\_WORKFLOW\BOV_Master_NNN_Briggs.xlsx",Pro Forma,E21,"=IFERROR(IF(D16="""","""",D16*0.9/E20),"""")",
"C:\Users\scott\OneDrive - NorthMarq Capital, LLC\Team Briggs - Documents\_WORKFLOW\BOV_Master_NNN_Briggs.xlsx",Pro Forma,F21,"=IFERROR(IF(D16="""","""",D16*0.9/F20),"""")",
"C:\Users\scott\OneDrive - NorthMarq Capital, LLC\Team Briggs - Documents\_WORKFLOW\BOV_Master_NNN_Briggs.xlsx",Pro Forma,G21,"=IFERROR(IF(D16="""","""",D16*0.9/G20),"""")",
"C:\Users\scott\OneDrive - NorthMarq Capital, LLC\Team Briggs - Documents\_WORKFLOW\BOV_Master_NNN_Briggs.xlsx",Pro Forma,H21,"=IFERROR(IF(D16="""","""",D16*0.9/H20),"""")",
"C:\Users\scott\OneDrive - NorthMarq Capital, LLC\Team Briggs - Documents\_WORKFLOW\BOV_Master_NNN_Briggs.xlsx",Pro Forma,I21,"=IFERROR(IF(D16="""","""",D16*0.9/I20),"""")",
"C:\Users\scott\OneDrive - NorthMarq Capital, LLC\Team Briggs - Documents\_WORKFLOW\BOV_Master_NNN_Briggs.xlsx",Pro Forma,J21,"=IFERROR(IF(D16="""","""",D16*0.9/J20),"""")",
"C:\Users\scott\OneDrive - NorthMarq Capital, LLC\Team Briggs - Documents\_WORKFLOW\BOV_Master_NNN_Briggs.xlsx",Pro Forma,A22,,UNLEVERAGED INVESTMENT ANALYSIS
"C:\Users\scott\OneDrive - NorthMarq Capital, LLC\Team Briggs - Documents\_WORKFLOW\BOV_Master_NNN_Briggs.xlsx",Pro Forma,B22,−5% NOI,
"C:\Users\scott\OneDrive - NorthMarq Capital, LLC\Team Briggs - Documents\_WORKFLOW\BOV_Master_NNN_Briggs.xlsx",Pro Forma,C22,-0.05,
"C:\Users\scott\OneDrive - NorthMarq Capital, LLC\Team Briggs - Documents\_WORKFLOW\BOV_Master_NNN_Briggs.xlsx",Pro Forma,D22,"=IFERROR(IF(D16="""","""",D16*0.95/D20),"""")",
"C:\Users\scott\OneDrive - NorthMarq Capital, LLC\Team Briggs - Documents\_WORKFLOW\BOV_Master_NNN_Briggs.xlsx",Pro Forma,E22,"=IFERROR(IF(D16="""","""",D16*0.95/E20),"""")",
"C:\Users\scott\OneDrive - NorthMarq Capital, LLC\Team Briggs - Documents\_WORKFLOW\BOV_Master_NNN_Briggs.xlsx",Pro Forma,F22,"=IFERROR(IF(D16="""","""",D16*0.95/F20),"""")",
"C:\Users\scott\OneDrive - NorthMarq Capital, LLC\Team Briggs - Documents\_WORKFLOW\BOV_Master_NNN_Briggs.xlsx",Pro Forma,G22,"=IFERROR(IF(D16="""","""",D16*0.95/G20),"""")",
"C:\Users\scott\OneDrive - NorthMarq Capital, LLC\Team Briggs - Documents\_WORKFLOW\BOV_Master_NNN_Briggs.xlsx",Pro Forma,H22,"=IFERROR(IF(D16="""","""",D16*0.95/H20),"""")",
"C:\Users\scott\OneDrive - NorthMarq Capital, LLC\Team Briggs - Documents\_WORKFLOW\BOV_Master_NNN_Briggs.xlsx",Pro Forma,I22,"=IFERROR(IF(D16="""","""",D16*0.95/I20),"""")",
"C:\Users\scott\OneDrive - NorthMarq Capital, LLC\Team Briggs - Documents\_WORKFLOW\BOV_Master_NNN_Briggs.xlsx",Pro Forma,J22,"=IFERROR(IF(D16="""","""",D16*0.95/J20),"""")",
"C:\Users\scott\OneDrive - NorthMarq Capital, LLC\Team Briggs - Documents\_WORKFLOW\BOV_Master_NNN_Briggs.xlsx",Pro Forma,A23,,"Purchase Price (Year 0, negative outflow)"
"C:\Users\scott\OneDrive - NorthMarq Capital, LLC\Team Briggs - Documents\_WORKFLOW\BOV_Master_NNN_Briggs.xlsx",Pro Forma,B23,Base NOI,
"C:\Users\scott\OneDrive - NorthMarq Capital, LLC\Team Briggs - Documents\_WORKFLOW\BOV_Master_NNN_Briggs.xlsx",Pro Forma,C23,—,"=IFERROR(IF('Assumptions & Flags'!$C$36="""","""",-'Assumptions & Flags'!$C$36),"""")"
"C:\Users\scott\OneDrive - NorthMarq Capital, LLC\Team Briggs - Documents\_WORKFLOW\BOV_Master_NNN_Briggs.xlsx",Pro Forma,D23,"=IFERROR(IF(D16="""","""",D16*1/D20),"""")",
"C:\Users\scott\OneDrive - NorthMarq Capital, LLC\Team Briggs - Documents\_WORKFLOW\BOV_Master_NNN_Briggs.xlsx",Pro Forma,E23,"=IFERROR(IF(D16="""","""",D16*1/E20),"""")",
"C:\Users\scott\OneDrive - NorthMarq Capital, LLC\Team Briggs - Documents\_WORKFLOW\BOV_Master_NNN_Briggs.xlsx",Pro Forma,F23,"=IFERROR(IF(D16="""","""",D16*1/F20),"""")",
"C:\Users\scott\OneDrive - NorthMarq Capital, LLC\Team Briggs - Documents\_WORKFLOW\BOV_Master_NNN_Briggs.xlsx",Pro Forma,G23,"=IFERROR(IF(D16="""","""",D16*1/G20),"""")",
"C:\Users\scott\OneDrive - NorthMarq Capital, LLC\Team Briggs - Documents\_WORKFLOW\BOV_Master_NNN_Briggs.xlsx",Pro Forma,H23,"=IFERROR(IF(D16="""","""",D16*1/H20),"""")",
"C:\Users\scott\OneDrive - NorthMarq Capital, LLC\Team Briggs - Documents\_WORKFLOW\BOV_Master_NNN_Briggs.xlsx",Pro Forma,I23,"=IFERROR(IF(D16="""","""",D16*1/I20),"""")",
"C:\Users\scott\OneDrive - NorthMarq Capital, LLC\Team Briggs - Documents\_WORKFLOW\BOV_Master_NNN_Briggs.xlsx",Pro Forma,J23,"=IFERROR(IF(D16="""","""",D16*1/J20),"""")",
"C:\Users\scott\OneDrive - NorthMarq Capital, LLC\Team Briggs - Documents\_WORKFLOW\BOV_Master_NNN_Briggs.xlsx",Pro Forma,N23,,Col C = Year 0 outflow
"C:\Users\scott\OneDrive - NorthMarq Capital, LLC\Team Briggs - Documents\_WORKFLOW\BOV_Master_NNN_Briggs.xlsx",Pro Forma,A24,,Annual NOI Cash Flows (Years 1-10)
"C:\Users\scott\OneDrive - NorthMarq Capital, LLC\Team Briggs - Documents\_WORKFLOW\BOV_Master_NNN_Briggs.xlsx",Pro Forma,B24,+5% NOI,
"C:\Users\scott\OneDrive - NorthMarq Capital, LLC\Team Briggs - Documents\_WORKFLOW\BOV_Master_NNN_Briggs.xlsx",Pro Forma,C24,0.05,
"C:\Users\scott\OneDrive - NorthMarq Capital, LLC\Team Briggs - Documents\_WORKFLOW\BOV_Master_NNN_Briggs.xlsx",Pro Forma,D24,"=IFERROR(IF(D16="""","""",D16*1.05/D20),"""")","=IFERROR(D20,"""")"
"C:\Users\scott\OneDrive - NorthMarq Capital, LLC\Team Briggs - Documents\_WORKFLOW\BOV_Master_NNN_Briggs.xlsx",Pro Forma,E24,"=IFERROR(IF(D16="""","""",D16*1.05/E20),"""")","=IFERROR(E20,"""")"
"C:\Users\scott\OneDrive - NorthMarq Capital, LLC\Team Briggs - Documents\_WORKFLOW\BOV_Master_NNN_Briggs.xlsx",Pro Forma,F24,"=IFERROR(IF(D16="""","""",D16*1.05/F20),"""")","=IFERROR(F20,"""")"
"C:\Users\scott\OneDrive - NorthMarq Capital, LLC\Team Briggs - Documents\_WORKFLOW\BOV_Master_NNN_Briggs.xlsx",Pro Forma,G24,"=IFERROR(IF(D16="""","""",D16*1.05/G20),"""")","=IFERROR(G20,"""")"
"C:\Users\scott\OneDrive - NorthMarq Capital, LLC\Team Briggs - Documents\_WORKFLOW\BOV_Master_NNN_Briggs.xlsx",Pro Forma,H24,"=IFERROR(IF(D16="""","""",D16*1.05/H20),"""")","=IFERROR(H20,"""")"
"C:\Users\scott\OneDrive - NorthMarq Capital, LLC\Team Briggs - Documents\_WORKFLOW\BOV_Master_NNN_Briggs.xlsx",Pro Forma,I24,"=IFERROR(IF(D16="""","""",D16*1.05/I20),"""")","=IFERROR(I20,"""")"
"C:\Users\scott\OneDrive - NorthMarq Capital, LLC\Team Briggs - Documents\_WORKFLOW\BOV_Master_NNN_Briggs.xlsx",Pro Forma,J24,"=IFERROR(IF(D16="""","""",D16*1.05/J20),"""")","=IFERROR(J20,"""")"
"C:\Users\scott\OneDrive - NorthMarq Capital, LLC\Team Briggs - Documents\_WORKFLOW\BOV_Master_NNN_Briggs.xlsx",Pro Forma,K24,,"=IFERROR(K20,"""")"
"C:\Users\scott\OneDrive - NorthMarq Capital, LLC\Team Briggs - Documents\_WORKFLOW\BOV_Master_NNN_Briggs.xlsx",Pro Forma,L24,,"=IFERROR(L20,"""")"
"C:\Users\scott\OneDrive - NorthMarq Capital, LLC\Team Briggs - Documents\_WORKFLOW\BOV_Master_NNN_Briggs.xlsx",Pro Forma,M24,,"=IFERROR(M20,"""")"
"C:\Users\scott\OneDrive - NorthMarq Capital, LLC\Team Briggs - Documents\_WORKFLOW\BOV_Master_NNN_Briggs.xlsx",Pro Forma,A25,,Net Reversion (Year 10)
"C:\Users\scott\OneDrive - NorthMarq Capital, LLC\Team Briggs - Documents\_WORKFLOW\BOV_Master_NNN_Briggs.xlsx",Pro Forma,B25,+10% NOI,
"C:\Users\scott\OneDrive - NorthMarq Capital, LLC\Team Briggs - Documents\_WORKFLOW\BOV_Master_NNN_Briggs.xlsx",Pro Forma,C25,0.1,
"C:\Users\scott\OneDrive - NorthMarq Capital, LLC\Team Briggs - Documents\_WORKFLOW\BOV_Master_NNN_Briggs.xlsx",Pro Forma,D25,"=IFERROR(IF(D16="""","""",D16*1.1/D20),"""")",
"C:\Users\scott\OneDrive - NorthMarq Capital, LLC\Team Briggs - Documents\_WORKFLOW\BOV_Master_NNN_Briggs.xlsx",Pro Forma,E25,"=IFERROR(IF(D16="""","""",D16*1.1/E20),"""")",
"C:\Users\scott\OneDrive - NorthMarq Capital, LLC\Team Briggs - Documents\_WORKFLOW\BOV_Master_NNN_Briggs.xlsx",Pro Forma,F25,"=IFERROR(IF(D16="""","""",D16*1.1/F20),"""")",
"C:\Users\scott\OneDrive - NorthMarq Capital, LLC\Team Briggs - Documents\_WORKFLOW\BOV_Master_NNN_Briggs.xlsx",Pro Forma,G25,"=IFERROR(IF(D16="""","""",D16*1.1/G20),"""")",
"C:\Users\scott\OneDrive - NorthMarq Capital, LLC\Team Briggs - Documents\_WORKFLOW\BOV_Master_NNN_Briggs.xlsx",Pro Forma,H25,"=IFERROR(IF(D16="""","""",D16*1.1/H20),"""")",
"C:\Users\scott\OneDrive - NorthMarq Capital, LLC\Team Briggs - Documents\_WORKFLOW\BOV_Master_NNN_Briggs.xlsx",Pro Forma,I25,"=IFERROR(IF(D16="""","""",D16*1.1/I20),"""")",
"C:\Users\scott\OneDrive - NorthMarq Capital, LLC\Team Briggs - Documents\_WORKFLOW\BOV_Master_NNN_Briggs.xlsx",Pro Forma,J25,"=IFERROR(IF(D16="""","""",D16*1.1/J20),"""")",
"C:\Users\scott\OneDrive - NorthMarq Capital, LLC\Team Briggs - Documents\_WORKFLOW\BOV_Master_NNN_Briggs.xlsx",Pro Forma,M25,,"=IFERROR('Assumptions & Flags'!$I$25,"""")"
"C:\Users\scott\OneDrive - NorthMarq Capital, LLC\Team Briggs - Documents\_WORKFLOW\BOV_Master_NNN_Briggs.xlsx",Pro Forma,N25,,Gross − 5% bkg − 1% costs
"C:\Users\scott\OneDrive - NorthMarq Capital, LLC\Team Briggs - Documents\_WORKFLOW\BOV_Master_NNN_Briggs.xlsx",Pro Forma,A26,,UNLEVERAGED CASH FLOW (for IRR)
"C:\Users\scott\OneDrive - NorthMarq Capital, LLC\Team Briggs - Documents\_WORKFLOW\BOV_Master_NNN_Briggs.xlsx",Pro Forma,C26,,"=IFERROR(C23,"""")"
"C:\Users\scott\OneDrive - NorthMarq Capital, LLC\Team Briggs - Documents\_WORKFLOW\BOV_Master_NNN_Briggs.xlsx",Pro Forma,D26,,"=IFERROR(D24,"""")"
"C:\Users\scott\OneDrive - NorthMarq Capital, LLC\Team Briggs - Documents\_WORKFLOW\BOV_Master_NNN_Briggs.xlsx",Pro Forma,E26,,"=IFERROR(E24,"""")"
"C:\Users\scott\OneDrive - NorthMarq Capital, LLC\Team Briggs - Documents\_WORKFLOW\BOV_Master_NNN_Briggs.xlsx",Pro Forma,F26,,"=IFERROR(F24,"""")"
"C:\Users\scott\OneDrive - NorthMarq Capital, LLC\Team Briggs - Documents\_WORKFLOW\BOV_Master_NNN_Briggs.xlsx",Pro Forma,G26,,"=IFERROR(G24,"""")"
"C:\Users\scott\OneDrive - NorthMarq Capital, LLC\Team Briggs - Documents\_WORKFLOW\BOV_Master_NNN_Briggs.xlsx",Pro Forma,H26,,"=IFERROR(H24,"""")"
"C:\Users\scott\OneDrive - NorthMarq Capital, LLC\Team Briggs - Documents\_WORKFLOW\BOV_Master_NNN_Briggs.xlsx",Pro Forma,I26,,"=IFERROR(I24,"""")"
"C:\Users\scott\OneDrive - NorthMarq Capital, LLC\Team Briggs - Documents\_WORKFLOW\BOV_Master_NNN_Briggs.xlsx",Pro Forma,J26,,"=IFERROR(J24,"""")"
"C:\Users\scott\OneDrive - NorthMarq Capital, LLC\Team Briggs - Documents\_WORKFLOW\BOV_Master_NNN_Briggs.xlsx",Pro Forma,K26,,"=IFERROR(K24,"""")"
"C:\Users\scott\OneDrive - NorthMarq Capital, LLC\Team Briggs - Documents\_WORKFLOW\BOV_Master_NNN_Briggs.xlsx",Pro Forma,L26,,"=IFERROR(L24,"""")"
"C:\Users\scott\OneDrive - NorthMarq Capital, LLC\Team Briggs - Documents\_WORKFLOW\BOV_Master_NNN_Briggs.xlsx",Pro Forma,M26,,"=IFERROR(IF(M24="""","""",M24+M25),"""")"
"C:\Users\scott\OneDrive - NorthMarq Capital, LLC\Team Briggs - Documents\_WORKFLOW\BOV_Master_NNN_Briggs.xlsx",Pro Forma,B27,DISPOSITION ANALYSIS,
"C:\Users\scott\OneDrive - NorthMarq Capital, LLC\Team Briggs - Documents\_WORKFLOW\BOV_Master_NNN_Briggs.xlsx",Pro Forma,B28,Exit NOI  (Year 10 NOI),
"C:\Users\scott\OneDrive - NorthMarq Capital, LLC\Team Briggs - Documents\_WORKFLOW\BOV_Master_NNN_Briggs.xlsx",Pro Forma,C28,Yr 10 NOI,UNLEVERAGED IRR
"C:\Users\scott\OneDrive - NorthMarq Capital, LLC\Team Briggs - Documents\_WORKFLOW\BOV_Master_NNN_Briggs.xlsx",Pro Forma,G28,,EQUITY REALIZATION MULTIPLE
"C:\Users\scott\OneDrive - NorthMarq Capital, LLC\Team Briggs - Documents\_WORKFLOW\BOV_Master_NNN_Briggs.xlsx",Pro Forma,K28,,AVG CASH-ON-CASH RETURN
"C:\Users\scott\OneDrive - NorthMarq Capital, LLC\Team Briggs - Documents\_WORKFLOW\BOV_Master_NNN_Briggs.xlsx",Pro Forma,N28,"=IFERROR(IF(M16="""","""",M16),"""")",
"C:\Users\scott\OneDrive - NorthMarq Capital, LLC\Team Briggs - Documents\_WORKFLOW\BOV_Master_NNN_Briggs.xlsx",Pro Forma,B29,Gross Sale Proceeds,
"C:\Users\scott\OneDrive - NorthMarq Capital, LLC\Team Briggs - Documents\_WORKFLOW\BOV_Master_NNN_Briggs.xlsx",Pro Forma,C29,÷ Exit Cap,"=IFERROR(IF(C26="""","""",IRR(C26:M26)),"""")"
"C:\Users\scott\OneDrive - NorthMarq Capital, LLC\Team Briggs - Documents\_WORKFLOW\BOV_Master_NNN_Briggs.xlsx",Pro Forma,G29,,"=IFERROR(IF(OR(C26="""",C26=0),"""",SUM(D26:M26)/(-C26)),"""")"
"C:\Users\scott\OneDrive - NorthMarq Capital, LLC\Team Briggs - Documents\_WORKFLOW\BOV_Master_NNN_Briggs.xlsx",Pro Forma,K29,,"=IFERROR(IF(OR(C26="""",C26=0),"""",AVERAGE(D26:L26)/(-C26)),"""")"
"C:\Users\scott\OneDrive - NorthMarq Capital, LLC\Team Briggs - Documents\_WORKFLOW\BOV_Master_NNN_Briggs.xlsx",Pro Forma,N29,"=IFERROR(IF(OR(N28="""",'Assumptions & Flags'!$C$15="""",'Assumptions & Flags'!$C$15=0),"""",N28/'Assumptions & Flags'!$C$15),"""")",
"C:\Users\scott\OneDrive - NorthMarq Capital, LLC\Team Briggs - Documents\_WORKFLOW\BOV_Master_NNN_Briggs.xlsx",Pro Forma,B30,Less: Brokerage Fee (5%),
"C:\Users\scott\OneDrive - NorthMarq Capital, LLC\Team Briggs - Documents\_WORKFLOW\BOV_Master_NNN_Briggs.xlsx",Pro Forma,C30,5%,
"C:\Users\scott\OneDrive - NorthMarq Capital, LLC\Team Briggs - Documents\_WORKFLOW\BOV_Master_NNN_Briggs.xlsx",Pro Forma,N30,"=IFERROR(IF(N29="""","""",N29*'Assumptions & Flags'!$C$29),"""")",
"C:\Users\scott\OneDrive - NorthMarq Capital, LLC\Team Briggs - Documents\_WORKFLOW\BOV_Master_NNN_Briggs.xlsx",Pro Forma,B31,Less: Transaction Costs (1%),
"C:\Users\scott\OneDrive - NorthMarq Capital, LLC\Team Briggs - Documents\_WORKFLOW\BOV_Master_NNN_Briggs.xlsx",Pro Forma,C31,1%,
"C:\Users\scott\OneDrive - NorthMarq Capital, LLC\Team Briggs - Documents\_WORKFLOW\BOV_Master_NNN_Briggs.xlsx",Pro Forma,N31,"=IFERROR(IF(N29="""","""",N29*'Assumptions & Flags'!$C$30),"""")",
"C:\Users\scott\OneDrive - NorthMarq Capital, LLC\Team Briggs - Documents\_WORKFLOW\BOV_Master_NNN_Briggs.xlsx",Pro Forma,A32,,CASH FLOW AFTER DEBT SERVICE  —  LEVERAGED ANALYSIS
"C:\Users\scott\OneDrive - NorthMarq Capital, LLC\Team Briggs - Documents\_WORKFLOW\BOV_Master_NNN_Briggs.xlsx",Pro Forma,B32,Net Reversion,
"C:\Users\scott\OneDrive - NorthMarq Capital, LLC\Team Briggs - Documents\_WORKFLOW\BOV_Master_NNN_Briggs.xlsx",Pro Forma,C32,GSP−Fees,
"C:\Users\scott\OneDrive - NorthMarq Capital, LLC\Team Briggs - Documents\_WORKFLOW\BOV_Master_NNN_Briggs.xlsx",Pro Forma,N32,"=IFERROR(IF(OR(N29="""",N30="""",N31=""""),"""",N29-N30-N31),"""")",
"C:\Users\scott\OneDrive - NorthMarq Capital, LLC\Team Briggs - Documents\_WORKFLOW\BOV_Master_NNN_Briggs.xlsx",Pro Forma,A33,,Net Operating Income
"C:\Users\scott\OneDrive - NorthMarq Capital, LLC\Team Briggs - Documents\_WORKFLOW\BOV_Master_NNN_Briggs.xlsx",Pro Forma,D33,,"=IFERROR(D20,"""")"
"C:\Users\scott\OneDrive - NorthMarq Capital, LLC\Team Briggs - Documents\_WORKFLOW\BOV_Master_NNN_Briggs.xlsx",Pro Forma,E33,,"=IFERROR(E20,"""")"
"C:\Users\scott\OneDrive - NorthMarq Capital, LLC\Team Briggs - Documents\_WORKFLOW\BOV_Master_NNN_Briggs.xlsx",Pro Forma,F33,,"=IFERROR(F20,"""")"
"C:\Users\scott\OneDrive - NorthMarq Capital, LLC\Team Briggs - Documents\_WORKFLOW\BOV_Master_NNN_Briggs.xlsx",Pro Forma,G33,,"=IFERROR(G20,"""")"
"C:\Users\scott\OneDrive - NorthMarq Capital, LLC\Team Briggs - Documents\_WORKFLOW\BOV_Master_NNN_Briggs.xlsx",Pro Forma,H33,,"=IFERROR(H20,"""")"
"C:\Users\scott\OneDrive - NorthMarq Capital, LLC\Team Briggs - Documents\_WORKFLOW\BOV_Master_NNN_Briggs.xlsx",Pro Forma,I33,,"=IFERROR(I20,"""")"
"C:\Users\scott\OneDrive - NorthMarq Capital, LLC\Team Briggs - Documents\_WORKFLOW\BOV_Master_NNN_Briggs.xlsx",Pro Forma,J33,,"=IFERROR(J20,"""")"
"C:\Users\scott\OneDrive - NorthMarq Capital, LLC\Team Briggs - Documents\_WORKFLOW\BOV_Master_NNN_Briggs.xlsx",Pro Forma,K33,,"=IFERROR(K20,"""")"
"C:\Users\scott\OneDrive - NorthMarq Capital, LLC\Team Briggs - Documents\_WORKFLOW\BOV_Master_NNN_Briggs.xlsx",Pro Forma,L33,,"=IFERROR(L20,"""")"
"C:\Users\scott\OneDrive - NorthMarq Capital, LLC\Team Briggs - Documents\_WORKFLOW\BOV_Master_NNN_Briggs.xlsx",Pro Forma,M33,,"=IFERROR(M20,"""")"
"C:\Users\scott\OneDrive - NorthMarq Capital, LLC\Team Briggs - Documents\_WORKFLOW\BOV_Master_NNN_Briggs.xlsx",Pro Forma,A34,,Annual Debt Service
"C:\Users\scott\OneDrive - NorthMarq Capital, LLC\Team Briggs - Documents\_WORKFLOW\BOV_Master_NNN_Briggs.xlsx",Pro Forma,B34,CASH INVESTMENT OUTCOMES — UNLEVERAGED,
"C:\Users\scott\OneDrive - NorthMarq Capital, LLC\Team Briggs - Documents\_WORKFLOW\BOV_Master_NNN_Briggs.xlsx",Pro Forma,D34,,"=IFERROR(IF('Assumptions & Flags'!$I$14="""","""",'Assumptions & Flags'!$I$14),"""")"
"C:\Users\scott\OneDrive - NorthMarq Capital, LLC\Team Briggs - Documents\_WORKFLOW\BOV_Master_NNN_Briggs.xlsx",Pro Forma,E34,,"=IFERROR(IF('Assumptions & Flags'!$I$14="""","""",'Assumptions & Flags'!$I$14),"""")"
"C:\Users\scott\OneDrive - NorthMarq Capital, LLC\Team Briggs - Documents\_WORKFLOW\BOV_Master_NNN_Briggs.xlsx",Pro Forma,F34,,"=IFERROR(IF('Assumptions & Flags'!$I$14="""","""",'Assumptions & Flags'!$I$14),"""")"
"C:\Users\scott\OneDrive - NorthMarq Capital, LLC\Team Briggs - Documents\_WORKFLOW\BOV_Master_NNN_Briggs.xlsx",Pro Forma,G34,,"=IFERROR(IF('Assumptions & Flags'!$I$14="""","""",'Assumptions & Flags'!$I$14),"""")"
"C:\Users\scott\OneDrive - NorthMarq Capital, LLC\Team Briggs - Documents\_WORKFLOW\BOV_Master_NNN_Briggs.xlsx",Pro Forma,H34,,"=IFERROR(IF('Assumptions & Flags'!$I$14="""","""",'Assumptions & Flags'!$I$14),"""")"
"C:\Users\scott\OneDrive - NorthMarq Capital, LLC\Team Briggs - Documents\_WORKFLOW\BOV_Master_NNN_Briggs.xlsx",Pro Forma,I34,,"=IFERROR(IF('Assumptions & Flags'!$I$14="""","""",'Assumptions & Flags'!$I$14),"""")"
"C:\Users\scott\OneDrive - NorthMarq Capital, LLC\Team Briggs - Documents\_WORKFLOW\BOV_Master_NNN_Briggs.xlsx",Pro Forma,J34,,"=IFERROR(IF('Assumptions & Flags'!$I$14="""","""",'Assumptions & Flags'!$I$14),"""")"
"C:\Users\scott\OneDrive - NorthMarq Capital, LLC\Team Briggs - Documents\_WORKFLOW\BOV_Master_NNN_Briggs.xlsx",Pro Forma,K34,,"=IFERROR(IF('Assumptions & Flags'!$I$14="""","""",'Assumptions & Flags'!$I$14),"""")"
"C:\Users\scott\OneDrive - NorthMarq Capital, LLC\Team Briggs - Documents\_WORKFLOW\BOV_Master_NNN_Briggs.xlsx",Pro Forma,L34,,"=IFERROR(IF('Assumptions & Flags'!$I$14="""","""",'Assumptions & Flags'!$I$14),"""")"
"C:\Users\scott\OneDrive - NorthMarq Capital, LLC\Team Briggs - Documents\_WORKFLOW\BOV_Master_NNN_Briggs.xlsx",Pro Forma,M34,,"=IFERROR(IF('Assumptions & Flags'!$I$14="""","""",'Assumptions & Flags'!$I$14),"""")"
"C:\Users\scott\OneDrive - NorthMarq Capital, LLC\Team Briggs - Documents\_WORKFLOW\BOV_Master_NNN_Briggs.xlsx",Pro Forma,N34,,From Assumptions — I14
"C:\Users\scott\OneDrive - NorthMarq Capital, LLC\Team Briggs - Documents\_WORKFLOW\BOV_Master_NNN_Briggs.xlsx",Pro Forma,A35,,CASH FLOW AFTER DEBT SERVICE
"C:\Users\scott\OneDrive - NorthMarq Capital, LLC\Team Briggs - Documents\_WORKFLOW\BOV_Master_NNN_Briggs.xlsx",Pro Forma,B35,CASH FLOWS,
"C:\Users\scott\OneDrive - NorthMarq Capital, LLC\Team Briggs - Documents\_WORKFLOW\BOV_Master_NNN_Briggs.xlsx",Pro Forma,C35,Year 0,
"C:\Users\scott\OneDrive - NorthMarq Capital, LLC\Team Briggs - Documents\_WORKFLOW\BOV_Master_NNN_Briggs.xlsx",Pro Forma,D35,Year 1,"=IFERROR(IF(D33="""","""",D33-D34),"""")"
"C:\Users\scott\OneDrive - NorthMarq Capital, LLC\Team Briggs - Documents\_WORKFLOW\BOV_Master_NNN_Briggs.xlsx",Pro Forma,E35,Year 2,"=IFERROR(IF(E33="""","""",E33-E34),"""")"
"C:\Users\scott\OneDrive - NorthMarq Capital, LLC\Team Briggs - Documents\_WORKFLOW\BOV_Master_NNN_Briggs.xlsx",Pro Forma,F35,Year 3,"=IFERROR(IF(F33="""","""",F33-F34),"""")"
"C:\Users\scott\OneDrive - NorthMarq Capital, LLC\Team Briggs - Documents\_WORKFLOW\BOV_Master_NNN_Briggs.xlsx",Pro Forma,G35,Year 4,"=IFERROR(IF(G33="""","""",G33-G34),"""")"
"C:\Users\scott\OneDrive - NorthMarq Capital, LLC\Team Briggs - Documents\_WORKFLOW\BOV_Master_NNN_Briggs.xlsx",Pro Forma,H35,Year 5,"=IFERROR(IF(H33="""","""",H33-H34),"""")"
"C:\Users\scott\OneDrive - NorthMarq Capital, LLC\Team Briggs - Documents\_WORKFLOW\BOV_Master_NNN_Briggs.xlsx",Pro Forma,I35,Year 6,"=IFERROR(IF(I33="""","""",I33-I34),"""")"
"C:\Users\scott\OneDrive - NorthMarq Capital, LLC\Team Briggs - Documents\_WORKFLOW\BOV_Master_NNN_Briggs.xlsx",Pro Forma,J35,Year 7,"=IFERROR(IF(J33="""","""",J33-J34),"""")"
"C:\Users\scott\OneDrive - NorthMarq Capital, LLC\Team Briggs - Documents\_WORKFLOW\BOV_Master_NNN_Briggs.xlsx",Pro Forma,K35,Year 8,"=IFERROR(IF(K33="""","""",K33-K34),"""")"
"C:\Users\scott\OneDrive - NorthMarq Capital, LLC\Team Briggs - Documents\_WORKFLOW\BOV_Master_NNN_Briggs.xlsx",Pro Forma,L35,Year 9,"=IFERROR(IF(L33="""","""",L33-L34),"""")"
"C:\Users\scott\OneDrive - NorthMarq Capital, LLC\Team Briggs - Documents\_WORKFLOW\BOV_Master_NNN_Briggs.xlsx",Pro Forma,M35,Year 10,"=IFERROR(IF(M33="""","""",M33-M34),"""")"
"C:\Users\scott\OneDrive - NorthMarq Capital, LLC\Team Briggs - Documents\_WORKFLOW\BOV_Master_NNN_Briggs.xlsx",Pro Forma,N35,Exit,
"C:\Users\scott\OneDrive - NorthMarq Capital, LLC\Team Briggs - Documents\_WORKFLOW\BOV_Master_NNN_Briggs.xlsx",Pro Forma,A36,,Debt Coverage Ratio (DCR)
"C:\Users\scott\OneDrive - NorthMarq Capital, LLC\Team Briggs - Documents\_WORKFLOW\BOV_Master_NNN_Briggs.xlsx",Pro Forma,B36,Unleveraged Cash Flows,
"C:\Users\scott\OneDrive - NorthMarq Capital, LLC\Team Briggs - Documents\_WORKFLOW\BOV_Master_NNN_Briggs.xlsx",Pro Forma,C36,"=IFERROR(IF('Assumptions & Flags'!$C$13="""","""",-'Assumptions & Flags'!$C$13),"""")",
"C:\Users\scott\OneDrive - NorthMarq Capital, LLC\Team Briggs - Documents\_WORKFLOW\BOV_Master_NNN_Briggs.xlsx",Pro Forma,D36,"=IFERROR(IF(D16="""","""",D16),"""")","=IFERROR(IF(OR(D34="""",D34=0),"""",D33/D34),"""")"
"C:\Users\scott\OneDrive - NorthMarq Capital, LLC\Team Briggs - Documents\_WORKFLOW\BOV_Master_NNN_Briggs.xlsx",Pro Forma,E36,"=IFERROR(IF(E16="""","""",E16),"""")","=IFERROR(IF(OR(E34="""",E34=0),"""",E33/E34),"""")"
"C:\Users\scott\OneDrive - NorthMarq Capital, LLC\Team Briggs - Documents\_WORKFLOW\BOV_Master_NNN_Briggs.xlsx",Pro Forma,F36,"=IFERROR(IF(F16="""","""",F16),"""")","=IFERROR(IF(OR(F34="""",F34=0),"""",F33/F34),"""")"
"C:\Users\scott\OneDrive - NorthMarq Capital, LLC\Team Briggs - Documents\_WORKFLOW\BOV_Master_NNN_Briggs.xlsx",Pro Forma,G36,"=IFERROR(IF(G16="""","""",G16),"""")","=IFERROR(IF(OR(G34="""",G34=0),"""",G33/G34),"""")"
"C:\Users\scott\OneDrive - NorthMarq Capital, LLC\Team Briggs - Documents\_WORKFLOW\BOV_Master_NNN_Briggs.xlsx",Pro Forma,H36,"=IFERROR(IF(H16="""","""",H16),"""")","=IFERROR(IF(OR(H34="""",H34=0),"""",H33/H34),"""")"
"C:\Users\scott\OneDrive - NorthMarq Capital, LLC\Team Briggs - Documents\_WORKFLOW\BOV_Master_NNN_Briggs.xlsx",Pro Forma,I36,"=IFERROR(IF(I16="""","""",I16),"""")","=IFERROR(IF(OR(I34="""",I34=0),"""",I33/I34),"""")"
"C:\Users\scott\OneDrive - NorthMarq Capital, LLC\Team Briggs - Documents\_WORKFLOW\BOV_Master_NNN_Briggs.xlsx",Pro Forma,J36,"=IFERROR(IF(J16="""","""",J16),"""")","=IFERROR(IF(OR(J34="""",J34=0),"""",J33/J34),"""")"
"C:\Users\scott\OneDrive - NorthMarq Capital, LLC\Team Briggs - Documents\_WORKFLOW\BOV_Master_NNN_Briggs.xlsx",Pro Forma,K36,"=IFERROR(IF(K16="""","""",K16),"""")","=IFERROR(IF(OR(K34="""",K34=0),"""",K33/K34),"""")"
"C:\Users\scott\OneDrive - NorthMarq Capital, LLC\Team Briggs - Documents\_WORKFLOW\BOV_Master_NNN_Briggs.xlsx",Pro Forma,L36,"=IFERROR(IF(L16="""","""",L16),"""")","=IFERROR(IF(OR(L34="""",L34=0),"""",L33/L34),"""")"
"C:\Users\scott\OneDrive - NorthMarq Capital, LLC\Team Briggs - Documents\_WORKFLOW\BOV_Master_NNN_Briggs.xlsx",Pro Forma,M36,"=IFERROR(IF(OR(M16="""",N32=""""),"""",M16+N32),"""")","=IFERROR(IF(OR(M34="""",M34=0),"""",M33/M34),"""")"
"C:\Users\scott\OneDrive - NorthMarq Capital, LLC\Team Briggs - Documents\_WORKFLOW\BOV_Master_NNN_Briggs.xlsx",Pro Forma,N36,↑ incl. reversion,
"C:\Users\scott\OneDrive - NorthMarq Capital, LLC\Team Briggs - Documents\_WORKFLOW\BOV_Master_NNN_Briggs.xlsx",Pro Forma,A38,,"Equity Investment (Year 0, negative)"
"C:\Users\scott\OneDrive - NorthMarq Capital, LLC\Team Briggs - Documents\_WORKFLOW\BOV_Master_NNN_Briggs.xlsx",Pro Forma,B38,Unleveraged IRR,
"C:\Users\scott\OneDrive - NorthMarq Capital, LLC\Team Briggs - Documents\_WORKFLOW\BOV_Master_NNN_Briggs.xlsx",Pro Forma,C38,"=IFERROR(IF(C36="""","""",IRR(C36:M36)),"""")","=IFERROR(IF('Assumptions & Flags'!$I$9="""","""",-'Assumptions & Flags'!$I$9),"""")"
"C:\Users\scott\OneDrive - NorthMarq Capital, LLC\Team Briggs - Documents\_WORKFLOW\BOV_Master_NNN_Briggs.xlsx",Pro Forma,N38,,Down payment from I9
"C:\Users\scott\OneDrive - NorthMarq Capital, LLC\Team Briggs - Documents\_WORKFLOW\BOV_Master_NNN_Briggs.xlsx",Pro Forma,A39,,Net Reversion After Debt Payoff
"C:\Users\scott\OneDrive - NorthMarq Capital, LLC\Team Briggs - Documents\_WORKFLOW\BOV_Master_NNN_Briggs.xlsx",Pro Forma,B39,Equity Realization Multiple,
"C:\Users\scott\OneDrive - NorthMarq Capital, LLC\Team Briggs - Documents\_WORKFLOW\BOV_Master_NNN_Briggs.xlsx",Pro Forma,C39,"=IFERROR(IF(OR(C36="""",C36=0),"""",SUM(D36:M36)/(-C36)),"""")",
"C:\Users\scott\OneDrive - NorthMarq Capital, LLC\Team Briggs - Documents\_WORKFLOW\BOV_Master_NNN_Briggs.xlsx",Pro Forma,M39,,"=IFERROR('Assumptions & Flags'!$I$27,"""")"
"C:\Users\scott\OneDrive - NorthMarq Capital, LLC\Team Briggs - Documents\_WORKFLOW\BOV_Master_NNN_Briggs.xlsx",Pro Forma,N39,,Net Rev − loan balance
"C:\Users\scott\OneDrive - NorthMarq Capital, LLC\Team Briggs - Documents\_WORKFLOW\BOV_Master_NNN_Briggs.xlsx",Pro Forma,A40,,LEVERAGED CASH FLOW (for IRR)
"C:\Users\scott\OneDrive - NorthMarq Capital, LLC\Team Briggs - Documents\_WORKFLOW\BOV_Master_NNN_Briggs.xlsx",Pro Forma,B40,Avg. Cash-on-Cash Return,
"C:\Users\scott\OneDrive - NorthMarq Capital, LLC\Team Briggs - Documents\_WORKFLOW\BOV_Master_NNN_Briggs.xlsx",Pro Forma,C40,"=IFERROR(IF(OR(C36="""",C36=0),"""",AVERAGE(D36:L36)/(-C36)),"""")","=IFERROR(C38,"""")"
"C:\Users\scott\OneDrive - NorthMarq Capital, LLC\Team Briggs - Documents\_WORKFLOW\BOV_Master_NNN_Briggs.xlsx",Pro Forma,D40,,"=IFERROR(D35,"""")"
"C:\Users\scott\OneDrive - NorthMarq Capital, LLC\Team Briggs - Documents\_WORKFLOW\BOV_Master_NNN_Briggs.xlsx",Pro Forma,E40,,"=IFERROR(E35,"""")"
"C:\Users\scott\OneDrive - NorthMarq Capital, LLC\Team Briggs - Documents\_WORKFLOW\BOV_Master_NNN_Briggs.xlsx",Pro Forma,F40,,"=IFERROR(F35,"""")"
"C:\Users\scott\OneDrive - NorthMarq Capital, LLC\Team Briggs - Documents\_WORKFLOW\BOV_Master_NNN_Briggs.xlsx",Pro Forma,G40,,"=IFERROR(G35,"""")"
"C:\Users\scott\OneDrive - NorthMarq Capital, LLC\Team Briggs - Documents\_WORKFLOW\BOV_Master_NNN_Briggs.xlsx",Pro Forma,H40,,"=IFERROR(H35,"""")"
"C:\Users\scott\OneDrive - NorthMarq Capital, LLC\Team Briggs - Documents\_WORKFLOW\BOV_Master_NNN_Briggs.xlsx",Pro Forma,I40,,"=IFERROR(I35,"""")"
"C:\Users\scott\OneDrive - NorthMarq Capital, LLC\Team Briggs - Documents\_WORKFLOW\BOV_Master_NNN_Briggs.xlsx",Pro Forma,J40,,"=IFERROR(J35,"""")"
"C:\Users\scott\OneDrive - NorthMarq Capital, LLC\Team Briggs - Documents\_WORKFLOW\BOV_Master_NNN_Briggs.xlsx",Pro Forma,K40,,"=IFERROR(K35,"""")"
"C:\Users\scott\OneDrive - NorthMarq Capital, LLC\Team Briggs - Documents\_WORKFLOW\BOV_Master_NNN_Briggs.xlsx",Pro Forma,L40,,"=IFERROR(L35,"""")"
"C:\Users\scott\OneDrive - NorthMarq Capital, LLC\Team Briggs - Documents\_WORKFLOW\BOV_Master_NNN_Briggs.xlsx",Pro Forma,M40,,"=IFERROR(IF(M35="""","""",M35+M39),"""")"
"C:\Users\scott\OneDrive - NorthMarq Capital, LLC\Team Briggs - Documents\_WORKFLOW\BOV_Master_NNN_Briggs.xlsx",Pro Forma,B42,CASH FLOW AFTER DEBT SERVICE,
"C:\Users\scott\OneDrive - NorthMarq Capital, LLC\Team Briggs - Documents\_WORKFLOW\BOV_Master_NNN_Briggs.xlsx",Pro Forma,C42,,LEVERAGED IRR
"C:\Users\scott\OneDrive - NorthMarq Capital, LLC\Team Briggs - Documents\_WORKFLOW\BOV_Master_NNN_Briggs.xlsx",Pro Forma,G42,,EQUITY REALIZATION MULTIPLE
"C:\Users\scott\OneDrive - NorthMarq Capital, LLC\Team Briggs - Documents\_WORKFLOW\BOV_Master_NNN_Briggs.xlsx",Pro Forma,K42,,AVG CASH-ON-CASH RETURN
"C:\Users\scott\OneDrive - NorthMarq Capital, LLC\Team Briggs - Documents\_WORKFLOW\BOV_Master_NNN_Briggs.xlsx",Pro Forma,B43,Net Operating Income,
"C:\Users\scott\OneDrive - NorthMarq Capital, LLC\Team Briggs - Documents\_WORKFLOW\BOV_Master_NNN_Briggs.xlsx",Pro Forma,C43,Pro Forma NOI,"=IFERROR(IF(C40="""","""",IRR(C40:M40)),"""")"
"C:\Users\scott\OneDrive - NorthMarq Capital, LLC\Team Briggs - Documents\_WORKFLOW\BOV_Master_NNN_Briggs.xlsx",Pro Forma,D43,"=IFERROR(IF(D16="""","""",D16),"""")",
"C:\Users\scott\OneDrive - NorthMarq Capital, LLC\Team Briggs - Documents\_WORKFLOW\BOV_Master_NNN_Briggs.xlsx",Pro Forma,E43,"=IFERROR(IF(E16="""","""",E16),"""")",
"C:\Users\scott\OneDrive - NorthMarq Capital, LLC\Team Briggs - Documents\_WORKFLOW\BOV_Master_NNN_Briggs.xlsx",Pro Forma,F43,"=IFERROR(IF(F16="""","""",F16),"""")",
"C:\Users\scott\OneDrive - NorthMarq Capital, LLC\Team Briggs - Documents\_WORKFLOW\BOV_Master_NNN_Briggs.xlsx",Pro Forma,G43,"=IFERROR(IF(G16="""","""",G16),"""")","=IFERROR(IF(OR(C40="""",C40=0),"""",SUM(D40:M40)/(-C40)),"""")"
"C:\Users\scott\OneDrive - NorthMarq Capital, LLC\Team Briggs - Documents\_WORKFLOW\BOV_Master_NNN_Briggs.xlsx",Pro Forma,H43,"=IFERROR(IF(H16="""","""",H16),"""")",
"C:\Users\scott\OneDrive - NorthMarq Capital, LLC\Team Briggs - Documents\_WORKFLOW\BOV_Master_NNN_Briggs.xlsx",Pro Forma,I43,"=IFERROR(IF(I16="""","""",I16),"""")",
"C:\Users\scott\OneDrive - NorthMarq Capital, LLC\Team Briggs - Documents\_WORKFLOW\BOV_Master_NNN_Briggs.xlsx",Pro Forma,J43,"=IFERROR(IF(J16="""","""",J16),"""")",
"C:\Users\scott\OneDrive - NorthMarq Capital, LLC\Team Briggs - Documents\_WORKFLOW\BOV_Master_NNN_Briggs.xlsx",Pro Forma,K43,"=IFERROR(IF(K16="""","""",K16),"""")","=IFERROR(IF(OR(C40="""",C40=0),"""",AVERAGE(D40:L40)/(-C40)),"""")"
"C:\Users\scott\OneDrive - NorthMarq Capital, LLC\Team Briggs - Documents\_WORKFLOW\BOV_Master_NNN_Briggs.xlsx",Pro Forma,L43,"=IFERROR(IF(L16="""","""",L16),"""")",
"C:\Users\scott\OneDrive - NorthMarq Capital, LLC\Team Briggs - Documents\_WORKFLOW\BOV_Master_NNN_Briggs.xlsx",Pro Forma,M43,"=IFERROR(IF(M16="""","""",M16),"""")",
"C:\Users\scott\OneDrive - NorthMarq Capital, LLC\Team Briggs - Documents\_WORKFLOW\BOV_Master_NNN_Briggs.xlsx",Pro Forma,B44,Annual Debt Service,
"C:\Users\scott\OneDrive - NorthMarq Capital, LLC\Team Briggs - Documents\_WORKFLOW\BOV_Master_NNN_Briggs.xlsx",Pro Forma,C44,PMT×12,
"C:\Users\scott\OneDrive - NorthMarq Capital, LLC\Team Briggs - Documents\_WORKFLOW\BOV_Master_NNN_Briggs.xlsx",Pro Forma,D44,"=IFERROR(IF('Assumptions & Flags'!$C$37="""","""",-'Assumptions & Flags'!$C$37),"""")",
"C:\Users\scott\OneDrive - NorthMarq Capital, LLC\Team Briggs - Documents\_WORKFLOW\BOV_Master_NNN_Briggs.xlsx",Pro Forma,E44,"=IFERROR(IF('Assumptions & Flags'!$C$37="""","""",-'Assumptions & Flags'!$C$37),"""")",
"C:\Users\scott\OneDrive - NorthMarq Capital, LLC\Team Briggs - Documents\_WORKFLOW\BOV_Master_NNN_Briggs.xlsx",Pro Forma,F44,"=IFERROR(IF('Assumptions & Flags'!$C$37="""","""",-'Assumptions & Flags'!$C$37),"""")",
"C:\Users\scott\OneDrive - NorthMarq Capital, LLC\Team Briggs - Documents\_WORKFLOW\BOV_Master_NNN_Briggs.xlsx",Pro Forma,G44,"=IFERROR(IF('Assumptions & Flags'!$C$37="""","""",-'Assumptions & Flags'!$C$37),"""")",
"C:\Users\scott\OneDrive - NorthMarq Capital, LLC\Team Briggs - Documents\_WORKFLOW\BOV_Master_NNN_Briggs.xlsx",Pro Forma,H44,"=IFERROR(IF('Assumptions & Flags'!$C$37="""","""",-'Assumptions & Flags'!$C$37),"""")",
"C:\Users\scott\OneDrive - NorthMarq Capital, LLC\Team Briggs - Documents\_WORKFLOW\BOV_Master_NNN_Briggs.xlsx",Pro Forma,I44,"=IFERROR(IF('Assumptions & Flags'!$C$37="""","""",-'Assumptions & Flags'!$C$37),"""")",
"C:\Users\scott\OneDrive - NorthMarq Capital, LLC\Team Briggs - Documents\_WORKFLOW\BOV_Master_NNN_Briggs.xlsx",Pro Forma,J44,"=IFERROR(IF('Assumptions & Flags'!$C$37="""","""",-'Assumptions & Flags'!$C$37),"""")",
"C:\Users\scott\OneDrive - NorthMarq Capital, LLC\Team Briggs - Documents\_WORKFLOW\BOV_Master_NNN_Briggs.xlsx",Pro Forma,K44,"=IFERROR(IF('Assumptions & Flags'!$C$37="""","""",-'Assumptions & Flags'!$C$37),"""")",
"C:\Users\scott\OneDrive - NorthMarq Capital, LLC\Team Briggs - Documents\_WORKFLOW\BOV_Master_NNN_Briggs.xlsx",Pro Forma,L44,"=IFERROR(IF('Assumptions & Flags'!$C$37="""","""",-'Assumptions & Flags'!$C$37),"""")",
"C:\Users\scott\OneDrive - NorthMarq Capital, LLC\Team Briggs - Documents\_WORKFLOW\BOV_Master_NNN_Briggs.xlsx",Pro Forma,M44,"=IFERROR(IF('Assumptions & Flags'!$C$37="""","""",-'Assumptions & Flags'!$C$37),"""")",
"C:\Users\scott\OneDrive - NorthMarq Capital, LLC\Team Briggs - Documents\_WORKFLOW\BOV_Master_NNN_Briggs.xlsx",Pro Forma,B45,Cash Flow After Debt Service,
"C:\Users\scott\OneDrive - NorthMarq Capital, LLC\Team Briggs - Documents\_WORKFLOW\BOV_Master_NNN_Briggs.xlsx",Pro Forma,C45,NOI − DS,
"C:\Users\scott\OneDrive - NorthMarq Capital, LLC\Team Briggs - Documents\_WORKFLOW\BOV_Master_NNN_Briggs.xlsx",Pro Forma,D45,"=IFERROR(IF(OR(D43=""""),"""",D43+D44),"""")",
"C:\Users\scott\OneDrive - NorthMarq Capital, LLC\Team Briggs - Documents\_WORKFLOW\BOV_Master_NNN_Briggs.xlsx",Pro Forma,E45,"=IFERROR(IF(OR(E43=""""),"""",E43+E44),"""")",
"C:\Users\scott\OneDrive - NorthMarq Capital, LLC\Team Briggs - Documents\_WORKFLOW\BOV_Master_NNN_Briggs.xlsx",Pro Forma,F45,"=IFERROR(IF(OR(F43=""""),"""",F43+F44),"""")",
"C:\Users\scott\OneDrive - NorthMarq Capital, LLC\Team Briggs - Documents\_WORKFLOW\BOV_Master_NNN_Briggs.xlsx",Pro Forma,G45,"=IFERROR(IF(OR(G43=""""),"""",G43+G44),"""")",
"C:\Users\scott\OneDrive - NorthMarq Capital, LLC\Team Briggs - Documents\_WORKFLOW\BOV_Master_NNN_Briggs.xlsx",Pro Forma,H45,"=IFERROR(IF(OR(H43=""""),"""",H43+H44),"""")",
"C:\Users\scott\OneDrive - NorthMarq Capital, LLC\Team Briggs - Documents\_WORKFLOW\BOV_Master_NNN_Briggs.xlsx",Pro Forma,I45,"=IFERROR(IF(OR(I43=""""),"""",I43+I44),"""")",
"C:\Users\scott\OneDrive - NorthMarq Capital, LLC\Team Briggs - Documents\_WORKFLOW\BOV_Master_NNN_Briggs.xlsx",Pro Forma,J45,"=IFERROR(IF(OR(J43=""""),"""",J43+J44),"""")",
"C:\Users\scott\OneDrive - NorthMarq Capital, LLC\Team Briggs - Documents\_WORKFLOW\BOV_Master_NNN_Briggs.xlsx",Pro Forma,K45,"=IFERROR(IF(OR(K43=""""),"""",K43+K44),"""")",
"C:\Users\scott\OneDrive - NorthMarq Capital, LLC\Team Briggs - Documents\_WORKFLOW\BOV_Master_NNN_Briggs.xlsx",Pro Forma,L45,"=IFERROR(IF(OR(L43=""""),"""",L43+L44),"""")",
"C:\Users\scott\OneDrive - NorthMarq Capital, LLC\Team Briggs - Documents\_WORKFLOW\BOV_Master_NNN_Briggs.xlsx",Pro Forma,M45,"=IFERROR(IF(OR(M43=""""),"""",M43+M44),"""")",
"C:\Users\scott\OneDrive - NorthMarq Capital, LLC\Team Briggs - Documents\_WORKFLOW\BOV_Master_NNN_Briggs.xlsx",Pro Forma,A46,,DISPOSITION ANALYSIS  —  Year 10 Exit (detail reference)
"C:\Users\scott\OneDrive - NorthMarq Capital, LLC\Team Briggs - Documents\_WORKFLOW\BOV_Master_NNN_Briggs.xlsx",Pro Forma,B46,Remaining Loan Balance (End of Year),
"C:\Users\scott\OneDrive - NorthMarq Capital, LLC\Team Briggs - Documents\_WORKFLOW\BOV_Master_NNN_Briggs.xlsx",Pro Forma,C46,Amort.,
"C:\Users\scott\OneDrive - NorthMarq Capital, LLC\Team Briggs - Documents\_WORKFLOW\BOV_Master_NNN_Briggs.xlsx",Pro Forma,D46,"=IFERROR(IF(OR('Assumptions & Flags'!$C$34="""",'Assumptions & Flags'!$C$20="""",'Assumptions & Flags'!$C$21=""""),"""",'Assumptions & Flags'!$C$34*(1+'Assumptions & Flags'!$C$20/12)^(1*12)-('Assumptions & Flags'!$C$37/12)*((1+'Assumptions & Flags'!$C$20/12)^(1*12)-1)/('Assumptions & Flags'!$C$20/12)),"""")",
"C:\Users\scott\OneDrive - NorthMarq Capital, LLC\Team Briggs - Documents\_WORKFLOW\BOV_Master_NNN_Briggs.xlsx",Pro Forma,E46,"=IFERROR(IF(OR('Assumptions & Flags'!$C$34="""",'Assumptions & Flags'!$C$20="""",'Assumptions & Flags'!$C$21=""""),"""",'Assumptions & Flags'!$C$34*(1+'Assumptions & Flags'!$C$20/12)^(2*12)-('Assumptions & Flags'!$C$37/12)*((1+'Assumptions & Flags'!$C$20/12)^(2*12)-1)/('Assumptions & Flags'!$C$20/12)),"""")",
"C:\Users\scott\OneDrive - NorthMarq Capital, LLC\Team Briggs - Documents\_WORKFLOW\BOV_Master_NNN_Briggs.xlsx",Pro Forma,F46,"=IFERROR(IF(OR('Assumptions & Flags'!$C$34="""",'Assumptions & Flags'!$C$20="""",'Assumptions & Flags'!$C$21=""""),"""",'Assumptions & Flags'!$C$34*(1+'Assumptions & Flags'!$C$20/12)^(3*12)-('Assumptions & Flags'!$C$37/12)*((1+'Assumptions & Flags'!$C$20/12)^(3*12)-1)/('Assumptions & Flags'!$C$20/12)),"""")",
"C:\Users\scott\OneDrive - NorthMarq Capital, LLC\Team Briggs - Documents\_WORKFLOW\BOV_Master_NNN_Briggs.xlsx",Pro Forma,G46,"=IFERROR(IF(OR('Assumptions & Flags'!$C$34="""",'Assumptions & Flags'!$C$20="""",'Assumptions & Flags'!$C$21=""""),"""",'Assumptions & Flags'!$C$34*(1+'Assumptions & Flags'!$C$20/12)^(4*12)-('Assumptions & Flags'!$C$37/12)*((1+'Assumptions & Flags'!$C$20/12)^(4*12)-1)/('Assumptions & Flags'!$C$20/12)),"""")",
"C:\Users\scott\OneDrive - NorthMarq Capital, LLC\Team Briggs - Documents\_WORKFLOW\BOV_Master_NNN_Briggs.xlsx",Pro Forma,H46,"=IFERROR(IF(OR('Assumptions & Flags'!$C$34="""",'Assumptions & Flags'!$C$20="""",'Assumptions & Flags'!$C$21=""""),"""",'Assumptions & Flags'!$C$34*(1+'Assumptions & Flags'!$C$20/12)^(5*12)-('Assumptions & Flags'!$C$37/12)*((1+'Assumptions & Flags'!$C$20/12)^(5*12)-1)/('Assumptions & Flags'!$C$20/12)),"""")",
"C:\Users\scott\OneDrive - NorthMarq Capital, LLC\Team Briggs - Documents\_WORKFLOW\BOV_Master_NNN_Briggs.xlsx",Pro Forma,I46,"=IFERROR(IF(OR('Assumptions & Flags'!$C$34="""",'Assumptions & Flags'!$C$20="""",'Assumptions & Flags'!$C$21=""""),"""",'Assumptions & Flags'!$C$34*(1+'Assumptions & Flags'!$C$20/12)^(6*12)-('Assumptions & Flags'!$C$37/12)*((1+'Assumptions & Flags'!$C$20/12)^(6*12)-1)/('Assumptions & Flags'!$C$20/12)),"""")",
"C:\Users\scott\OneDrive - NorthMarq Capital, LLC\Team Briggs - Documents\_WORKFLOW\BOV_Master_NNN_Briggs.xlsx",Pro Forma,J46,"=IFERROR(IF(OR('Assumptions & Flags'!$C$34="""",'Assumptions & Flags'!$C$20="""",'Assumptions & Flags'!$C$21=""""),"""",'Assumptions & Flags'!$C$34*(1+'Assumptions & Flags'!$C$20/12)^(7*12)-('Assumptions & Flags'!$C$37/12)*((1+'Assumptions & Flags'!$C$20/12)^(7*12)-1)/('Assumptions & Flags'!$C$20/12)),"""")",
"C:\Users\scott\OneDrive - NorthMarq Capital, LLC\Team Briggs - Documents\_WORKFLOW\BOV_Master_NNN_Briggs.xlsx",Pro Forma,K46,"=IFERROR(IF(OR('Assumptions & Flags'!$C$34="""",'Assumptions & Flags'!$C$20="""",'Assumptions & Flags'!$C$21=""""),"""",'Assumptions & Flags'!$C$34*(1+'Assumptions & Flags'!$C$20/12)^(8*12)-('Assumptions & Flags'!$C$37/12)*((1+'Assumptions & Flags'!$C$20/12)^(8*12)-1)/('Assumptions & Flags'!$C$20/12)),"""")",
"C:\Users\scott\OneDrive - NorthMarq Capital, LLC\Team Briggs - Documents\_WORKFLOW\BOV_Master_NNN_Briggs.xlsx",Pro Forma,L46,"=IFERROR(IF(OR('Assumptions & Flags'!$C$34="""",'Assumptions & Flags'!$C$20="""",'Assumptions & Flags'!$C$21=""""),"""",'Assumptions & Flags'!$C$34*(1+'Assumptions & Flags'!$C$20/12)^(9*12)-('Assumptions & Flags'!$C$37/12)*((1+'Assumptions & Flags'!$C$20/12)^(9*12)-1)/('Assumptions & Flags'!$C$20/12)),"""")",
"C:\Users\scott\OneDrive - NorthMarq Capital, LLC\Team Briggs - Documents\_WORKFLOW\BOV_Master_NNN_Briggs.xlsx",Pro Forma,M46,"=IFERROR(IF(OR('Assumptions & Flags'!$C$34="""",'Assumptions & Flags'!$C$20="""",'Assumptions & Flags'!$C$21=""""),"""",'Assumptions & Flags'!$C$34*(1+'Assumptions & Flags'!$C$20/12)^(10*12)-('Assumptions & Flags'!$C$37/12)*((1+'Assumptions & Flags'!$C$20/12)^(10*12)-1)/('Assumptions & Flags'!$C$20/12)),"""")",
"C:\Users\scott\OneDrive - NorthMarq Capital, LLC\Team Briggs - Documents\_WORKFLOW\BOV_Master_NNN_Briggs.xlsx",Pro Forma,A47,,Exit NOI (Year 10)
"C:\Users\scott\OneDrive - NorthMarq Capital, LLC\Team Briggs - Documents\_WORKFLOW\BOV_Master_NNN_Briggs.xlsx",Pro Forma,C47,,"=IFERROR(M20,"""")"
"C:\Users\scott\OneDrive - NorthMarq Capital, LLC\Team Briggs - Documents\_WORKFLOW\BOV_Master_NNN_Briggs.xlsx",Pro Forma,A48,,Exit Cap Rate
"C:\Users\scott\OneDrive - NorthMarq Capital, LLC\Team Briggs - Documents\_WORKFLOW\BOV_Master_NNN_Briggs.xlsx",Pro Forma,B48,LEVERAGED INVESTMENT OUTCOMES,
"C:\Users\scott\OneDrive - NorthMarq Capital, LLC\Team Briggs - Documents\_WORKFLOW\BOV_Master_NNN_Briggs.xlsx",Pro Forma,C48,,"=IFERROR('Assumptions & Flags'!$I$20,"""")"
"C:\Users\scott\OneDrive - NorthMarq Capital, LLC\Team Briggs - Documents\_WORKFLOW\BOV_Master_NNN_Briggs.xlsx",Pro Forma,A49,,GROSS SALE PROCEEDS
"C:\Users\scott\OneDrive - NorthMarq Capital, LLC\Team Briggs - Documents\_WORKFLOW\BOV_Master_NNN_Briggs.xlsx",Pro Forma,B49,CASH FLOWS,
"C:\Users\scott\OneDrive - NorthMarq Capital, LLC\Team Briggs - Documents\_WORKFLOW\BOV_Master_NNN_Briggs.xlsx",Pro Forma,C49,Year 0,"=IFERROR(IF(OR(C47="""",C48="""",C48=0),"""",C47/C48),"""")"
"C:\Users\scott\OneDrive - NorthMarq Capital, LLC\Team Briggs - Documents\_WORKFLOW\BOV_Master_NNN_Briggs.xlsx",Pro Forma,D49,Year 1,
"C:\Users\scott\OneDrive - NorthMarq Capital, LLC\Team Briggs - Documents\_WORKFLOW\BOV_Master_NNN_Briggs.xlsx",Pro Forma,E49,Year 2,
"C:\Users\scott\OneDrive - NorthMarq Capital, LLC\Team Briggs - Documents\_WORKFLOW\BOV_Master_NNN_Briggs.xlsx",Pro Forma,F49,Year 3,
"C:\Users\scott\OneDrive - NorthMarq Capital, LLC\Team Briggs - Documents\_WORKFLOW\BOV_Master_NNN_Briggs.xlsx",Pro Forma,G49,Year 4,
"C:\Users\scott\OneDrive - NorthMarq Capital, LLC\Team Briggs - Documents\_WORKFLOW\BOV_Master_NNN_Briggs.xlsx",Pro Forma,H49,Year 5,
"C:\Users\scott\OneDrive - NorthMarq Capital, LLC\Team Briggs - Documents\_WORKFLOW\BOV_Master_NNN_Briggs.xlsx",Pro Forma,I49,Year 6,
"C:\Users\scott\OneDrive - NorthMarq Capital, LLC\Team Briggs - Documents\_WORKFLOW\BOV_Master_NNN_Briggs.xlsx",Pro Forma,J49,Year 7,
"C:\Users\scott\OneDrive - NorthMarq Capital, LLC\Team Briggs - Documents\_WORKFLOW\BOV_Master_NNN_Briggs.xlsx",Pro Forma,K49,Year 8,
"C:\Users\scott\OneDrive - NorthMarq Capital, LLC\Team Briggs - Documents\_WORKFLOW\BOV_Master_NNN_Briggs.xlsx",Pro Forma,L49,Year 9,
"C:\Users\scott\OneDrive - NorthMarq Capital, LLC\Team Briggs - Documents\_WORKFLOW\BOV_Master_NNN_Briggs.xlsx",Pro Forma,M49,Year 10,
"C:\Users\scott\OneDrive - NorthMarq Capital, LLC\Team Briggs - Documents\_WORKFLOW\BOV_Master_NNN_Briggs.xlsx",Pro Forma,N49,Exit,
"C:\Users\scott\OneDrive - NorthMarq Capital, LLC\Team Briggs - Documents\_WORKFLOW\BOV_Master_NNN_Briggs.xlsx",Pro Forma,A50,,Less: Brokerage Fee (5%)
"C:\Users\scott\OneDrive - NorthMarq Capital, LLC\Team Briggs - Documents\_WORKFLOW\BOV_Master_NNN_Briggs.xlsx",Pro Forma,B50,Leveraged Cash Flows,
"C:\Users\scott\OneDrive - NorthMarq Capital, LLC\Team Briggs - Documents\_WORKFLOW\BOV_Master_NNN_Briggs.xlsx",Pro Forma,C50,"=IFERROR(IF('Assumptions & Flags'!$C$35="""","""",-'Assumptions & Flags'!$C$35),"""")","=IFERROR(IF(C49="""","""",-C49*0.05),"""")"
"C:\Users\scott\OneDrive - NorthMarq Capital, LLC\Team Briggs - Documents\_WORKFLOW\BOV_Master_NNN_Briggs.xlsx",Pro Forma,D50,"=IFERROR(IF(D45="""","""",D45),"""")",
"C:\Users\scott\OneDrive - NorthMarq Capital, LLC\Team Briggs - Documents\_WORKFLOW\BOV_Master_NNN_Briggs.xlsx",Pro Forma,E50,"=IFERROR(IF(E45="""","""",E45),"""")",
"C:\Users\scott\OneDrive - NorthMarq Capital, LLC\Team Briggs - Documents\_WORKFLOW\BOV_Master_NNN_Briggs.xlsx",Pro Forma,F50,"=IFERROR(IF(F45="""","""",F45),"""")",
"C:\Users\scott\OneDrive - NorthMarq Capital, LLC\Team Briggs - Documents\_WORKFLOW\BOV_Master_NNN_Briggs.xlsx",Pro Forma,G50,"=IFERROR(IF(G45="""","""",G45),"""")",
"C:\Users\scott\OneDrive - NorthMarq Capital, LLC\Team Briggs - Documents\_WORKFLOW\BOV_Master_NNN_Briggs.xlsx",Pro Forma,H50,"=IFERROR(IF(H45="""","""",H45),"""")",
"C:\Users\scott\OneDrive - NorthMarq Capital, LLC\Team Briggs - Documents\_WORKFLOW\BOV_Master_NNN_Briggs.xlsx",Pro Forma,I50,"=IFERROR(IF(I45="""","""",I45),"""")",
"C:\Users\scott\OneDrive - NorthMarq Capital, LLC\Team Briggs - Documents\_WORKFLOW\BOV_Master_NNN_Briggs.xlsx",Pro Forma,J50,"=IFERROR(IF(J45="""","""",J45),"""")",
"C:\Users\scott\OneDrive - NorthMarq Capital, LLC\Team Briggs - Documents\_WORKFLOW\BOV_Master_NNN_Briggs.xlsx",Pro Forma,K50,"=IFERROR(IF(K45="""","""",K45),"""")",
"C:\Users\scott\OneDrive - NorthMarq Capital, LLC\Team Briggs - Documents\_WORKFLOW\BOV_Master_NNN_Briggs.xlsx",Pro Forma,L50,"=IFERROR(IF(L45="""","""",L45),"""")",
"C:\Users\scott\OneDrive - NorthMarq Capital, LLC\Team Briggs - Documents\_WORKFLOW\BOV_Master_NNN_Briggs.xlsx",Pro Forma,M50,"=IFERROR(IF(OR(M45="""",N32="""",M46=""""),"""",M45+N32-M46),"""")",
"C:\Users\scott\OneDrive - NorthMarq Capital, LLC\Team Briggs - Documents\_WORKFLOW\BOV_Master_NNN_Briggs.xlsx",Pro Forma,N50,↑ incl. reversion,
"C:\Users\scott\OneDrive - NorthMarq Capital, LLC\Team Briggs - Documents\_WORKFLOW\BOV_Master_NNN_Briggs.xlsx",Pro Forma,A51,,Less: Transaction Costs (1%)
"C:\Users\scott\OneDrive - NorthMarq Capital, LLC\Team Briggs - Documents\_WORKFLOW\BOV_Master_NNN_Briggs.xlsx",Pro Forma,C51,,"=IFERROR(IF(C49="""","""",-C49*0.01),"""")"
"C:\Users\scott\OneDrive - NorthMarq Capital, LLC\Team Briggs - Documents\_WORKFLOW\BOV_Master_NNN_Briggs.xlsx",Pro Forma,A52,,NET REVERSION (Unleveraged)
"C:\Users\scott\OneDrive - NorthMarq Capital, LLC\Team Briggs - Documents\_WORKFLOW\BOV_Master_NNN_Briggs.xlsx",Pro Forma,B52,Leveraged IRR,
"C:\Users\scott\OneDrive - NorthMarq Capital, LLC\Team Briggs - Documents\_WORKFLOW\BOV_Master_NNN_Briggs.xlsx",Pro Forma,C52,"=IFERROR(IF(C50="""","""",IRR(C50:M50)),"""")","=IFERROR(IF(C49="""","""",C49+C50+C51),"""")"
"C:\Users\scott\OneDrive - NorthMarq Capital, LLC\Team Briggs - Documents\_WORKFLOW\BOV_Master_NNN_Briggs.xlsx",Pro Forma,A53,,Less: Remaining Loan Balance
"C:\Users\scott\OneDrive - NorthMarq Capital, LLC\Team Briggs - Documents\_WORKFLOW\BOV_Master_NNN_Briggs.xlsx",Pro Forma,B53,Equity Realization Multiple,
"C:\Users\scott\OneDrive - NorthMarq Capital, LLC\Team Briggs - Documents\_WORKFLOW\BOV_Master_NNN_Briggs.xlsx",Pro Forma,C53,"=IFERROR(IF(OR(C50="""",C50=0),"""",SUM(D50:M50)/(-C50)),"""")","=IFERROR('Assumptions & Flags'!$I$26,"""")"
"C:\Users\scott\OneDrive - NorthMarq Capital, LLC\Team Briggs - Documents\_WORKFLOW\BOV_Master_NNN_Briggs.xlsx",Pro Forma,A54,,NET REVERSION AFTER DEBT PAYOFF
"C:\Users\scott\OneDrive - NorthMarq Capital, LLC\Team Briggs - Documents\_WORKFLOW\BOV_Master_NNN_Briggs.xlsx",Pro Forma,B54,Avg. Annual Cash-on-Cash Return,
"C:\Users\scott\OneDrive - NorthMarq Capital, LLC\Team Briggs - Documents\_WORKFLOW\BOV_Master_NNN_Briggs.xlsx",Pro Forma,C54,"=IFERROR(IF(OR(C50="""",C50=0),"""",AVERAGE(D50:L50)/(-C50)),"""")","=IFERROR(IF(C52="""","""",C52-C53),"""")"
"C:\Users\scott\OneDrive - NorthMarq Capital, LLC\Team Briggs - Documents\_WORKFLOW\BOV_Master_NNN_Briggs.xlsx",Pro Forma,A55,,Brokerage: 5%  ·  Transaction Costs: 1%  ·  Gross Proceeds = Exit NOI ÷ Exit Cap Rate  ·  All inputs on Assumptions & Flags tab
"C:\Users\scott\OneDrive - NorthMarq Capital, LLC\Team Briggs - Documents\_WORKFLOW\BOV_Master_NNN_Briggs.xlsx",Pro Forma,B56,KEY ASSUMPTIONS — SEE ASSUMPTIONS & FLAGS TAB FOR FULL DETAIL,
"C:\Users\scott\OneDrive - NorthMarq Capital, LLC\Team Briggs - Documents\_WORKFLOW\BOV_Master_NNN_Briggs.xlsx",Pro Forma,B57,Purchase Price,
"C:\Users\scott\OneDrive - NorthMarq Capital, LLC\Team Briggs - Documents\_WORKFLOW\BOV_Master_NNN_Briggs.xlsx",Pro Forma,C57,='Assumptions & Flags'!$C$13,
"C:\Users\scott\OneDrive - NorthMarq Capital, LLC\Team Briggs - Documents\_WORKFLOW\BOV_Master_NNN_Briggs.xlsx",Pro Forma,A58,,PRICE AT CAP RATE  —  Year 1 NOI ÷ Going-In Cap Rate
"C:\Users\scott\OneDrive - NorthMarq Capital, LLC\Team Briggs - Documents\_WORKFLOW\BOV_Master_NNN_Briggs.xlsx",Pro Forma,B58,Exit Cap Rate,
"C:\Users\scott\OneDrive - NorthMarq Capital, LLC\Team Briggs - Documents\_WORKFLOW\BOV_Master_NNN_Briggs.xlsx",Pro Forma,C58,='Assumptions & Flags'!$C$15,
"C:\Users\scott\OneDrive - NorthMarq Capital, LLC\Team Briggs - Documents\_WORKFLOW\BOV_Master_NNN_Briggs.xlsx",Pro Forma,A59,,Year 1 NOI  →  Price at Going-In Cap Rate:
"C:\Users\scott\OneDrive - NorthMarq Capital, LLC\Team Briggs - Documents\_WORKFLOW\BOV_Master_NNN_Briggs.xlsx",Pro Forma,B59,Hold Period,
"C:\Users\scott\OneDrive - NorthMarq Capital, LLC\Team Briggs - Documents\_WORKFLOW\BOV_Master_NNN_Briggs.xlsx",Pro Forma,C59,='Assumptions & Flags'!$C$14,"=IFERROR('Assumptions & Flags'!$C$37-0.005,"""")"
"C:\Users\scott\OneDrive - NorthMarq Capital, LLC\Team Briggs - Documents\_WORKFLOW\BOV_Master_NNN_Briggs.xlsx",Pro Forma,D59,,"=IFERROR('Assumptions & Flags'!$C$37-0.004,"""")"
"C:\Users\scott\OneDrive - NorthMarq Capital, LLC\Team Briggs - Documents\_WORKFLOW\BOV_Master_NNN_Briggs.xlsx",Pro Forma,E59,,"=IFERROR('Assumptions & Flags'!$C$37-0.003,"""")"
"C:\Users\scott\OneDrive - NorthMarq Capital, LLC\Team Briggs - Documents\_WORKFLOW\BOV_Master_NNN_Briggs.xlsx",Pro Forma,F59,,"=IFERROR('Assumptions & Flags'!$C$37-0.002,"""")"
"C:\Users\scott\OneDrive - NorthMarq Capital, LLC\Team Briggs - Documents\_WORKFLOW\BOV_Master_NNN_Briggs.xlsx",Pro Forma,G59,,"=IFERROR('Assumptions & Flags'!$C$37-0.001,"""")"
"C:\Users\scott\OneDrive - NorthMarq Capital, LLC\Team Briggs - Documents\_WORKFLOW\BOV_Master_NNN_Briggs.xlsx",Pro Forma,H59,,"=IFERROR('Assumptions & Flags'!$C$37,"""")"
"C:\Users\scott\OneDrive - NorthMarq Capital, LLC\Team Briggs - Documents\_WORKFLOW\BOV_Master_NNN_Briggs.xlsx",Pro Forma,I59,,"=IFERROR('Assumptions & Flags'!$C$37+0.001,"""")"
"C:\Users\scott\OneDrive - NorthMarq Capital, LLC\Team Briggs - Documents\_WORKFLOW\BOV_Master_NNN_Briggs.xlsx",Pro Forma,J59,,"=IFERROR('Assumptions & Flags'!$C$37+0.002,"""")"
"C:\Users\scott\OneDrive - NorthMarq Capital, LLC\Team Briggs - Documents\_WORKFLOW\BOV_Master_NNN_Briggs.xlsx",Pro Forma,K59,,"=IFERROR('Assumptions & Flags'!$C$37+0.003,"""")"
"C:\Users\scott\OneDrive - NorthMarq Capital, LLC\Team Briggs - Documents\_WORKFLOW\BOV_Master_NNN_Briggs.xlsx",Pro Forma,L59,,"=IFERROR('Assumptions & Flags'!$C$37+0.004,"""")"
"C:\Users\scott\OneDrive - NorthMarq Capital, LLC\Team Briggs - Documents\_WORKFLOW\BOV_Master_NNN_Briggs.xlsx",Pro Forma,M59,,"=IFERROR('Assumptions & Flags'!$C$37+0.005,"""")"
"C:\Users\scott\OneDrive - NorthMarq Capital, LLC\Team Briggs - Documents\_WORKFLOW\BOV_Master_NNN_Briggs.xlsx",Pro Forma,A60,,Price at Cap Rate (NOI ÷ Cap)
"C:\Users\scott\OneDrive - NorthMarq Capital, LLC\Team Briggs - Documents\_WORKFLOW\BOV_Master_NNN_Briggs.xlsx",Pro Forma,B60,LTV,
"C:\Users\scott\OneDrive - NorthMarq Capital, LLC\Team Briggs - Documents\_WORKFLOW\BOV_Master_NNN_Briggs.xlsx",Pro Forma,C60,='Assumptions & Flags'!$C$19,"=IFERROR(IF(OR(D20="""",C59=0),"""",D20/C59),"""")"
"C:\Users\scott\OneDrive - NorthMarq Capital, LLC\Team Briggs - Documents\_WORKFLOW\BOV_Master_NNN_Briggs.xlsx",Pro Forma,D60,,"=IFERROR(IF(OR(D20="""",D59=0),"""",D20/D59),"""")"
"C:\Users\scott\OneDrive - NorthMarq Capital, LLC\Team Briggs - Documents\_WORKFLOW\BOV_Master_NNN_Briggs.xlsx",Pro Forma,E60,,"=IFERROR(IF(OR(D20="""",E59=0),"""",D20/E59),"""")"
"C:\Users\scott\OneDrive - NorthMarq Capital, LLC\Team Briggs - Documents\_WORKFLOW\BOV_Master_NNN_Briggs.xlsx",Pro Forma,F60,,"=IFERROR(IF(OR(D20="""",F59=0),"""",D20/F59),"""")"
"C:\Users\scott\OneDrive - NorthMarq Capital, LLC\Team Briggs - Documents\_WORKFLOW\BOV_Master_NNN_Briggs.xlsx",Pro Forma,G60,,"=IFERROR(IF(OR(D20="""",G59=0),"""",D20/G59),"""")"
"C:\Users\scott\OneDrive - NorthMarq Capital, LLC\Team Briggs - Documents\_WORKFLOW\BOV_Master_NNN_Briggs.xlsx",Pro Forma,H60,,"=IFERROR(IF(OR(D20="""",H59=0),"""",D20/H59),"""")"
"C:\Users\scott\OneDrive - NorthMarq Capital, LLC\Team Briggs - Documents\_WORKFLOW\BOV_Master_NNN_Briggs.xlsx",Pro Forma,I60,,"=IFERROR(IF(OR(D20="""",I59=0),"""",D20/I59),"""")"
"C:\Users\scott\OneDrive - NorthMarq Capital, LLC\Team Briggs - Documents\_WORKFLOW\BOV_Master_NNN_Briggs.xlsx",Pro Forma,J60,,"=IFERROR(IF(OR(D20="""",J59=0),"""",D20/J59),"""")"
"C:\Users\scott\OneDrive - NorthMarq Capital, LLC\Team Briggs - Documents\_WORKFLOW\BOV_Master_NNN_Briggs.xlsx",Pro Forma,K60,,"=IFERROR(IF(OR(D20="""",K59=0),"""",D20/K59),"""")"
"C:\Users\scott\OneDrive - NorthMarq Capital, LLC\Team Briggs - Documents\_WORKFLOW\BOV_Master_NNN_Briggs.xlsx",Pro Forma,L60,,"=IFERROR(IF(OR(D20="""",L59=0),"""",D20/L59),"""")"
"C:\Users\scott\OneDrive - NorthMarq Capital, LLC\Team Briggs - Documents\_WORKFLOW\BOV_Master_NNN_Briggs.xlsx",Pro Forma,M60,,"=IFERROR(IF(OR(D20="""",M59=0),"""",D20/M59),"""")"
"C:\Users\scott\OneDrive - NorthMarq Capital, LLC\Team Briggs - Documents\_WORKFLOW\BOV_Master_NNN_Briggs.xlsx",Pro Forma,A61,,Price per SF
"C:\Users\scott\OneDrive - NorthMarq Capital, LLC\Team Briggs - Documents\_WORKFLOW\BOV_Master_NNN_Briggs.xlsx",Pro Forma,B61,Interest Rate,
"C:\Users\scott\OneDrive - NorthMarq Capital, LLC\Team Briggs - Documents\_WORKFLOW\BOV_Master_NNN_Briggs.xlsx",Pro Forma,C61,='Assumptions & Flags'!$C$20,"=IFERROR(IF(OR(C60="""",'Assumptions & Flags'!$C$9="""",'Assumptions & Flags'!$C$9=0),"""",C60/'Assumptions & Flags'!$C$9),"""")"
"C:\Users\scott\OneDrive - NorthMarq Capital, LLC\Team Briggs - Documents\_WORKFLOW\BOV_Master_NNN_Briggs.xlsx",Pro Forma,D61,,"=IFERROR(IF(OR(D60="""",'Assumptions & Flags'!$C$9="""",'Assumptions & Flags'!$C$9=0),"""",D60/'Assumptions & Flags'!$C$9),"""")"
"C:\Users\scott\OneDrive - NorthMarq Capital, LLC\Team Briggs - Documents\_WORKFLOW\BOV_Master_NNN_Briggs.xlsx",Pro Forma,E61,,"=IFERROR(IF(OR(E60="""",'Assumptions & Flags'!$C$9="""",'Assumptions & Flags'!$C$9=0),"""",E60/'Assumptions & Flags'!$C$9),"""")"
"C:\Users\scott\OneDrive - NorthMarq Capital, LLC\Team Briggs - Documents\_WORKFLOW\BOV_Master_NNN_Briggs.xlsx",Pro Forma,F61,,"=IFERROR(IF(OR(F60="""",'Assumptions & Flags'!$C$9="""",'Assumptions & Flags'!$C$9=0),"""",F60/'Assumptions & Flags'!$C$9),"""")"
"C:\Users\scott\OneDrive - NorthMarq Capital, LLC\Team Briggs - Documents\_WORKFLOW\BOV_Master_NNN_Briggs.xlsx",Pro Forma,G61,,"=IFERROR(IF(OR(G60="""",'Assumptions & Flags'!$C$9="""",'Assumptions & Flags'!$C$9=0),"""",G60/'Assumptions & Flags'!$C$9),"""")"
"C:\Users\scott\OneDrive - NorthMarq Capital, LLC\Team Briggs - Documents\_WORKFLOW\BOV_Master_NNN_Briggs.xlsx",Pro Forma,H61,,"=IFERROR(IF(OR(H60="""",'Assumptions & Flags'!$C$9="""",'Assumptions & Flags'!$C$9=0),"""",H60/'Assumptions & Flags'!$C$9),"""")"
"C:\Users\scott\OneDrive - NorthMarq Capital, LLC\Team Briggs - Documents\_WORKFLOW\BOV_Master_NNN_Briggs.xlsx",Pro Forma,I61,,"=IFERROR(IF(OR(I60="""",'Assumptions & Flags'!$C$9="""",'Assumptions & Flags'!$C$9=0),"""",I60/'Assumptions & Flags'!$C$9),"""")"
"C:\Users\scott\OneDrive - NorthMarq Capital, LLC\Team Briggs - Documents\_WORKFLOW\BOV_Master_NNN_Briggs.xlsx",Pro Forma,J61,,"=IFERROR(IF(OR(J60="""",'Assumptions & Flags'!$C$9="""",'Assumptions & Flags'!$C$9=0),"""",J60/'Assumptions & Flags'!$C$9),"""")"
"C:\Users\scott\OneDrive - NorthMarq Capital, LLC\Team Briggs - Documents\_WORKFLOW\BOV_Master_NNN_Briggs.xlsx",Pro Forma,K61,,"=IFERROR(IF(OR(K60="""",'Assumptions & Flags'!$C$9="""",'Assumptions & Flags'!$C$9=0),"""",K60/'Assumptions & Flags'!$C$9),"""")"
"C:\Users\scott\OneDrive - NorthMarq Capital, LLC\Team Briggs - Documents\_WORKFLOW\BOV_Master_NNN_Briggs.xlsx",Pro Forma,L61,,"=IFERROR(IF(OR(L60="""",'Assumptions & Flags'!$C$9="""",'Assumptions & Flags'!$C$9=0),"""",L60/'Assumptions & Flags'!$C$9),"""")"
"C:\Users\scott\OneDrive - NorthMarq Capital, LLC\Team Briggs - Documents\_WORKFLOW\BOV_Master_NNN_Briggs.xlsx",Pro Forma,M61,,"=IFERROR(IF(OR(M60="""",'Assumptions & Flags'!$C$9="""",'Assumptions & Flags'!$C$9=0),"""",M60/'Assumptions & Flags'!$C$9),"""")"
"C:\Users\scott\OneDrive - NorthMarq Capital, LLC\Team Briggs - Documents\_WORKFLOW\BOV_Master_NNN_Briggs.xlsx",Pro Forma,B62,Amortization,
"C:\Users\scott\OneDrive - NorthMarq Capital, LLC\Team Briggs - Documents\_WORKFLOW\BOV_Master_NNN_Briggs.xlsx",Pro Forma,C62,='Assumptions & Flags'!$C$21,
"C:\Users\scott\OneDrive - NorthMarq Capital, LLC\Team Briggs - Documents\_WORKFLOW\BOV_Master_NNN_Briggs.xlsx",Pro Forma,B63,Annual Rent Growth,
"C:\Users\scott\OneDrive - NorthMarq Capital, LLC\Team Briggs - Documents\_WORKFLOW\BOV_Master_NNN_Briggs.xlsx",Pro Forma,C63,='Assumptions & Flags'!$C$26,
"C:\Users\scott\OneDrive - NorthMarq Capital, LLC\Team Briggs - Documents\_WORKFLOW\BOV_Master_NNN_Briggs.xlsx",Pro Forma,B64,Brokerage Fee (disp.),
"C:\Users\scott\OneDrive - NorthMarq Capital, LLC\Team Briggs - Documents\_WORKFLOW\BOV_Master_NNN_Briggs.xlsx",Pro Forma,C64,='Assumptions & Flags'!$C$29,
"C:\Users\scott\OneDrive - NorthMarq Capital, LLC\Team Briggs - Documents\_WORKFLOW\BOV_Master_NNN_Briggs.xlsx",Pro Forma,B65,Transaction Costs (disp.),
"C:\Users\scott\OneDrive - NorthMarq Capital, LLC\Team Briggs - Documents\_WORKFLOW\BOV_Master_NNN_Briggs.xlsx",Pro Forma,C65,='Assumptions & Flags'!$C$30,
"C:\Users\scott\OneDrive - NorthMarq Capital, LLC\Team Briggs - Documents\_WORKFLOW\BOV_Master_NNN_Briggs.xlsx",Real Estate,*,<missing sheet>,<added sheet>
"C:\Users\scott\OneDrive - NorthMarq Capital, LLC\Team Briggs - Documents\_WORKFLOW\BOV_Master_NNN_Briggs.xlsx",Rent Schedule,B1,Rent Schedule,
"C:\Users\scott\OneDrive - NorthMarq Capital, LLC\Team Briggs - Documents\_WORKFLOW\BOV_Master_NNN_Briggs.xlsx",Rent Schedule,B2,NM Blue fill = Contracted/executed period  ·  Gold fill = Renewal / option / projection,RENT SCHEDULE
"C:\Users\scott\OneDrive - NorthMarq Capital, LLC\Team Briggs - Documents\_WORKFLOW\BOV_Master_NNN_Briggs.xlsx",Rent Schedule,B3,,Leg 2 of 3  ·  Contractual rent by lease period  ·  Current lease year highlighted  ·  No projections — use Notes for FMV / CPI / other variable increases
"C:\Users\scott\OneDrive - NorthMarq Capital, LLC\Team Briggs - Documents\_WORKFLOW\BOV_Master_NNN_Briggs.xlsx",Rent Schedule,B4,YR,
"C:\Users\scott\OneDrive - NorthMarq Capital, LLC\Team Briggs - Documents\_WORKFLOW\BOV_Master_NNN_Briggs.xlsx",Rent Schedule,C4,PERIOD START,
"C:\Users\scott\OneDrive - NorthMarq Capital, LLC\Team Briggs - Documents\_WORKFLOW\BOV_Master_NNN_Briggs.xlsx",Rent Schedule,D4,PERIOD END,
"C:\Users\scott\OneDrive - NorthMarq Capital, LLC\Team Briggs - Documents\_WORKFLOW\BOV_Master_NNN_Briggs.xlsx",Rent Schedule,E4,REM. TERM,
"C:\Users\scott\OneDrive - NorthMarq Capital, LLC\Team Briggs - Documents\_WORKFLOW\BOV_Master_NNN_Briggs.xlsx",Rent Schedule,F4,ANNUAL RENT,
"C:\Users\scott\OneDrive - NorthMarq Capital, LLC\Team Briggs - Documents\_WORKFLOW\BOV_Master_NNN_Briggs.xlsx",Rent Schedule,G4,MONTHLY RENT,
"C:\Users\scott\OneDrive - NorthMarq Capital, LLC\Team Briggs - Documents\_WORKFLOW\BOV_Master_NNN_Briggs.xlsx",Rent Schedule,H4,RENT / SF,
"C:\Users\scott\OneDrive - NorthMarq Capital, LLC\Team Briggs - Documents\_WORKFLOW\BOV_Master_NNN_Briggs.xlsx",Rent Schedule,I4,$ CHANGE,
"C:\Users\scott\OneDrive - NorthMarq Capital, LLC\Team Briggs - Documents\_WORKFLOW\BOV_Master_NNN_Briggs.xlsx",Rent Schedule,J4,% CHANGE,
"C:\Users\scott\OneDrive - NorthMarq Capital, LLC\Team Briggs - Documents\_WORKFLOW\BOV_Master_NNN_Briggs.xlsx",Rent Schedule,K4,PERIOD TYPE,
"C:\Users\scott\OneDrive - NorthMarq Capital, LLC\Team Briggs - Documents\_WORKFLOW\BOV_Master_NNN_Briggs.xlsx",Rent Schedule,L4,NOTES,
"C:\Users\scott\OneDrive - NorthMarq Capital, LLC\Team Briggs - Documents\_WORKFLOW\BOV_Master_NNN_Briggs.xlsx",Rent Schedule,B5,1,PROPERTY & LEASE IDENTIFICATION
"C:\Users\scott\OneDrive - NorthMarq Capital, LLC\Team Briggs - Documents\_WORKFLOW\BOV_Master_NNN_Briggs.xlsx",Rent Schedule,E5,"=IFERROR(IF(D5="""","""",MAX(0,(D5-TODAY())/365.25)),"""")",
"C:\Users\scott\OneDrive - NorthMarq Capital, LLC\Team Briggs - Documents\_WORKFLOW\BOV_Master_NNN_Briggs.xlsx",Rent Schedule,G5,"=IFERROR(IF(F5="""","""",F5/12),"""")",
"C:\Users\scott\OneDrive - NorthMarq Capital, LLC\Team Briggs - Documents\_WORKFLOW\BOV_Master_NNN_Briggs.xlsx",Rent Schedule,H5,"=IFERROR(IF(OR(F5="""",'Assumptions & Flags'!$C$10=""""),"""",F5/'Assumptions & Flags'!$C$10),"""")",
"C:\Users\scott\OneDrive - NorthMarq Capital, LLC\Team Briggs - Documents\_WORKFLOW\BOV_Master_NNN_Briggs.xlsx",Rent Schedule,I5,—,
"C:\Users\scott\OneDrive - NorthMarq Capital, LLC\Team Briggs - Documents\_WORKFLOW\BOV_Master_NNN_Briggs.xlsx",Rent Schedule,J5,—,
"C:\Users\scott\OneDrive - NorthMarq Capital, LLC\Team Briggs - Documents\_WORKFLOW\BOV_Master_NNN_Briggs.xlsx",Rent Schedule,K5,Contracted,
"C:\Users\scott\OneDrive - NorthMarq Capital, LLC\Team Briggs - Documents\_WORKFLOW\BOV_Master_NNN_Briggs.xlsx",Rent Schedule,B6,2,Property Address
"C:\Users\scott\OneDrive - NorthMarq Capital, LLC\Team Briggs - Documents\_WORKFLOW\BOV_Master_NNN_Briggs.xlsx",Rent Schedule,E6,"=IFERROR(IF(D6="""","""",MAX(0,(D6-TODAY())/365.25)),"""")",
"C:\Users\scott\OneDrive - NorthMarq Capital, LLC\Team Briggs - Documents\_WORKFLOW\BOV_Master_NNN_Briggs.xlsx",Rent Schedule,G6,"=IFERROR(IF(F6="""","""",F6/12),"""")",
"C:\Users\scott\OneDrive - NorthMarq Capital, LLC\Team Briggs - Documents\_WORKFLOW\BOV_Master_NNN_Briggs.xlsx",Rent Schedule,H6,"=IFERROR(IF(OR(F6="""",'Assumptions & Flags'!$C$10=""""),"""",F6/'Assumptions & Flags'!$C$10),"""")",
"C:\Users\scott\OneDrive - NorthMarq Capital, LLC\Team Briggs - Documents\_WORKFLOW\BOV_Master_NNN_Briggs.xlsx",Rent Schedule,I6,"=IFERROR(IF(OR(F6="""",F5=""""),"""",F6-F5),"""")",
"C:\Users\scott\OneDrive - NorthMarq Capital, LLC\Team Briggs - Documents\_WORKFLOW\BOV_Master_NNN_Briggs.xlsx",Rent Schedule,J6,"=IFERROR(IF(OR(F6="""",F5="""",F5=0),"""",F6/F5-1),"""")",
"C:\Users\scott\OneDrive - NorthMarq Capital, LLC\Team Briggs - Documents\_WORKFLOW\BOV_Master_NNN_Briggs.xlsx",Rent Schedule,K6,Contracted,
"C:\Users\scott\OneDrive - NorthMarq Capital, LLC\Team Briggs - Documents\_WORKFLOW\BOV_Master_NNN_Briggs.xlsx",Rent Schedule,B7,3,Tenant
"C:\Users\scott\OneDrive - NorthMarq Capital, LLC\Team Briggs - Documents\_WORKFLOW\BOV_Master_NNN_Briggs.xlsx",Rent Schedule,E7,"=IFERROR(IF(D7="""","""",MAX(0,(D7-TODAY())/365.25)),"""")",
"C:\Users\scott\OneDrive - NorthMarq Capital, LLC\Team Briggs - Documents\_WORKFLOW\BOV_Master_NNN_Briggs.xlsx",Rent Schedule,G7,"=IFERROR(IF(F7="""","""",F7/12),"""")",
"C:\Users\scott\OneDrive - NorthMarq Capital, LLC\Team Briggs - Documents\_WORKFLOW\BOV_Master_NNN_Briggs.xlsx",Rent Schedule,H7,"=IFERROR(IF(OR(F7="""",'Assumptions & Flags'!$C$10=""""),"""",F7/'Assumptions & Flags'!$C$10),"""")",
"C:\Users\scott\OneDrive - NorthMarq Capital, LLC\Team Briggs - Documents\_WORKFLOW\BOV_Master_NNN_Briggs.xlsx",Rent Schedule,I7,"=IFERROR(IF(OR(F7="""",F6=""""),"""",F7-F6),"""")",
"C:\Users\scott\OneDrive - NorthMarq Capital, LLC\Team Briggs - Documents\_WORKFLOW\BOV_Master_NNN_Briggs.xlsx",Rent Schedule,J7,"=IFERROR(IF(OR(F7="""",F6="""",F6=0),"""",F7/F6-1),"""")",
"C:\Users\scott\OneDrive - NorthMarq Capital, LLC\Team Briggs - Documents\_WORKFLOW\BOV_Master_NNN_Briggs.xlsx",Rent Schedule,K7,Contracted,
"C:\Users\scott\OneDrive - NorthMarq Capital, LLC\Team Briggs - Documents\_WORKFLOW\BOV_Master_NNN_Briggs.xlsx",Rent Schedule,B8,4,Guarantor
"C:\Users\scott\OneDrive - NorthMarq Capital, LLC\Team Briggs - Documents\_WORKFLOW\BOV_Master_NNN_Briggs.xlsx",Rent Schedule,E8,"=IFERROR(IF(D8="""","""",MAX(0,(D8-TODAY())/365.25)),"""")",
"C:\Users\scott\OneDrive - NorthMarq Capital, LLC\Team Briggs - Documents\_WORKFLOW\BOV_Master_NNN_Briggs.xlsx",Rent Schedule,G8,"=IFERROR(IF(F8="""","""",F8/12),"""")",
"C:\Users\scott\OneDrive - NorthMarq Capital, LLC\Team Briggs - Documents\_WORKFLOW\BOV_Master_NNN_Briggs.xlsx",Rent Schedule,H8,"=IFERROR(IF(OR(F8="""",'Assumptions & Flags'!$C$10=""""),"""",F8/'Assumptions & Flags'!$C$10),"""")",
"C:\Users\scott\OneDrive - NorthMarq Capital, LLC\Team Briggs - Documents\_WORKFLOW\BOV_Master_NNN_Briggs.xlsx",Rent Schedule,I8,"=IFERROR(IF(OR(F8="""",F7=""""),"""",F8-F7),"""")",
"C:\Users\scott\OneDrive - NorthMarq Capital, LLC\Team Briggs - Documents\_WORKFLOW\BOV_Master_NNN_Briggs.xlsx",Rent Schedule,J8,"=IFERROR(IF(OR(F8="""",F7="""",F7=0),"""",F8/F7-1),"""")",
"C:\Users\scott\OneDrive - NorthMarq Capital, LLC\Team Briggs - Documents\_WORKFLOW\BOV_Master_NNN_Briggs.xlsx",Rent Schedule,K8,Contracted,
"C:\Users\scott\OneDrive - NorthMarq Capital, LLC\Team Briggs - Documents\_WORKFLOW\BOV_Master_NNN_Briggs.xlsx",Rent Schedule,B9,5,Lease Commencement
"C:\Users\scott\OneDrive - NorthMarq Capital, LLC\Team Briggs - Documents\_WORKFLOW\BOV_Master_NNN_Briggs.xlsx",Rent Schedule,E9,"=IFERROR(IF(D9="""","""",MAX(0,(D9-TODAY())/365.25)),"""")",
"C:\Users\scott\OneDrive - NorthMarq Capital, LLC\Team Briggs - Documents\_WORKFLOW\BOV_Master_NNN_Briggs.xlsx",Rent Schedule,G9,"=IFERROR(IF(F9="""","""",F9/12),"""")",
"C:\Users\scott\OneDrive - NorthMarq Capital, LLC\Team Briggs - Documents\_WORKFLOW\BOV_Master_NNN_Briggs.xlsx",Rent Schedule,H9,"=IFERROR(IF(OR(F9="""",'Assumptions & Flags'!$C$10=""""),"""",F9/'Assumptions & Flags'!$C$10),"""")",
"C:\Users\scott\OneDrive - NorthMarq Capital, LLC\Team Briggs - Documents\_WORKFLOW\BOV_Master_NNN_Briggs.xlsx",Rent Schedule,I9,"=IFERROR(IF(OR(F9="""",F8=""""),"""",F9-F8),"""")",
"C:\Users\scott\OneDrive - NorthMarq Capital, LLC\Team Briggs - Documents\_WORKFLOW\BOV_Master_NNN_Briggs.xlsx",Rent Schedule,J9,"=IFERROR(IF(OR(F9="""",F8="""",F8=0),"""",F9/F8-1),"""")",
"C:\Users\scott\OneDrive - NorthMarq Capital, LLC\Team Briggs - Documents\_WORKFLOW\BOV_Master_NNN_Briggs.xlsx",Rent Schedule,K9,Contracted,
"C:\Users\scott\OneDrive - NorthMarq Capital, LLC\Team Briggs - Documents\_WORKFLOW\BOV_Master_NNN_Briggs.xlsx",Rent Schedule,B10,6,Lease Expiration
"C:\Users\scott\OneDrive - NorthMarq Capital, LLC\Team Briggs - Documents\_WORKFLOW\BOV_Master_NNN_Briggs.xlsx",Rent Schedule,E10,"=IFERROR(IF(D10="""","""",MAX(0,(D10-TODAY())/365.25)),"""")",
"C:\Users\scott\OneDrive - NorthMarq Capital, LLC\Team Briggs - Documents\_WORKFLOW\BOV_Master_NNN_Briggs.xlsx",Rent Schedule,G10,"=IFERROR(IF(F10="""","""",F10/12),"""")",
"C:\Users\scott\OneDrive - NorthMarq Capital, LLC\Team Briggs - Documents\_WORKFLOW\BOV_Master_NNN_Briggs.xlsx",Rent Schedule,H10,"=IFERROR(IF(OR(F10="""",'Assumptions & Flags'!$C$10=""""),"""",F10/'Assumptions & Flags'!$C$10),"""")",
"C:\Users\scott\OneDrive - NorthMarq Capital, LLC\Team Briggs - Documents\_WORKFLOW\BOV_Master_NNN_Briggs.xlsx",Rent Schedule,I10,"=IFERROR(IF(OR(F10="""",F9=""""),"""",F10-F9),"""")",
"C:\Users\scott\OneDrive - NorthMarq Capital, LLC\Team Briggs - Documents\_WORKFLOW\BOV_Master_NNN_Briggs.xlsx",Rent Schedule,J10,"=IFERROR(IF(OR(F10="""",F9="""",F9=0),"""",F10/F9-1),"""")",
"C:\Users\scott\OneDrive - NorthMarq Capital, LLC\Team Briggs - Documents\_WORKFLOW\BOV_Master_NNN_Briggs.xlsx",Rent Schedule,K10,Contracted,
"C:\Users\scott\OneDrive - NorthMarq Capital, LLC\Team Briggs - Documents\_WORKFLOW\BOV_Master_NNN_Briggs.xlsx",Rent Schedule,B11,7,Remaining Term
"C:\Users\scott\OneDrive - NorthMarq Capital, LLC\Team Briggs - Documents\_WORKFLOW\BOV_Master_NNN_Briggs.xlsx",Rent Schedule,E11,"=IFERROR(IF(D11="""","""",MAX(0,(D11-TODAY())/365.25)),"""")",
"C:\Users\scott\OneDrive - NorthMarq Capital, LLC\Team Briggs - Documents\_WORKFLOW\BOV_Master_NNN_Briggs.xlsx",Rent Schedule,G11,"=IFERROR(IF(F11="""","""",F11/12),"""")",
"C:\Users\scott\OneDrive - NorthMarq Capital, LLC\Team Briggs - Documents\_WORKFLOW\BOV_Master_NNN_Briggs.xlsx",Rent Schedule,H11,"=IFERROR(IF(OR(F11="""",'Assumptions & Flags'!$C$10=""""),"""",F11/'Assumptions & Flags'!$C$10),"""")",
"C:\Users\scott\OneDrive - NorthMarq Capital, LLC\Team Briggs - Documents\_WORKFLOW\BOV_Master_NNN_Briggs.xlsx",Rent Schedule,I11,"=IFERROR(IF(OR(F11="""",F10=""""),"""",F11-F10),"""")",
"C:\Users\scott\OneDrive - NorthMarq Capital, LLC\Team Briggs - Documents\_WORKFLOW\BOV_Master_NNN_Briggs.xlsx",Rent Schedule,J11,"=IFERROR(IF(OR(F11="""",F10="""",F10=0),"""",F11/F10-1),"""")",
"C:\Users\scott\OneDrive - NorthMarq Capital, LLC\Team Briggs - Documents\_WORKFLOW\BOV_Master_NNN_Briggs.xlsx",Rent Schedule,K11,Contracted,
"C:\Users\scott\OneDrive - NorthMarq Capital, LLC\Team Briggs - Documents\_WORKFLOW\BOV_Master_NNN_Briggs.xlsx",Rent Schedule,B12,8,Building SF
"C:\Users\scott\OneDrive - NorthMarq Capital, LLC\Team Briggs - Documents\_WORKFLOW\BOV_Master_NNN_Briggs.xlsx",Rent Schedule,E12,"=IFERROR(IF(D12="""","""",MAX(0,(D12-TODAY())/365.25)),"""")",
"C:\Users\scott\OneDrive - NorthMarq Capital, LLC\Team Briggs - Documents\_WORKFLOW\BOV_Master_NNN_Briggs.xlsx",Rent Schedule,G12,"=IFERROR(IF(F12="""","""",F12/12),"""")",
"C:\Users\scott\OneDrive - NorthMarq Capital, LLC\Team Briggs - Documents\_WORKFLOW\BOV_Master_NNN_Briggs.xlsx",Rent Schedule,H12,"=IFERROR(IF(OR(F12="""",'Assumptions & Flags'!$C$10=""""),"""",F12/'Assumptions & Flags'!$C$10),"""")",
"C:\Users\scott\OneDrive - NorthMarq Capital, LLC\Team Briggs - Documents\_WORKFLOW\BOV_Master_NNN_Briggs.xlsx",Rent Schedule,I12,"=IFERROR(IF(OR(F12="""",F11=""""),"""",F12-F11),"""")",
"C:\Users\scott\OneDrive - NorthMarq Capital, LLC\Team Briggs - Documents\_WORKFLOW\BOV_Master_NNN_Briggs.xlsx",Rent Schedule,J12,"=IFERROR(IF(OR(F12="""",F11="""",F11=0),"""",F12/F11-1),"""")",
"C:\Users\scott\OneDrive - NorthMarq Capital, LLC\Team Briggs - Documents\_WORKFLOW\BOV_Master_NNN_Briggs.xlsx",Rent Schedule,K12,Contracted,
"C:\Users\scott\OneDrive - NorthMarq Capital, LLC\Team Briggs - Documents\_WORKFLOW\BOV_Master_NNN_Briggs.xlsx",Rent Schedule,B13,9,
"C:\Users\scott\OneDrive - NorthMarq Capital, LLC\Team Briggs - Documents\_WORKFLOW\BOV_Master_NNN_Briggs.xlsx",Rent Schedule,E13,"=IFERROR(IF(D13="""","""",MAX(0,(D13-TODAY())/365.25)),"""")",
"C:\Users\scott\OneDrive - NorthMarq Capital, LLC\Team Briggs - Documents\_WORKFLOW\BOV_Master_NNN_Briggs.xlsx",Rent Schedule,G13,"=IFERROR(IF(F13="""","""",F13/12),"""")",
"C:\Users\scott\OneDrive - NorthMarq Capital, LLC\Team Briggs - Documents\_WORKFLOW\BOV_Master_NNN_Briggs.xlsx",Rent Schedule,H13,"=IFERROR(IF(OR(F13="""",'Assumptions & Flags'!$C$10=""""),"""",F13/'Assumptions & Flags'!$C$10),"""")",
"C:\Users\scott\OneDrive - NorthMarq Capital, LLC\Team Briggs - Documents\_WORKFLOW\BOV_Master_NNN_Briggs.xlsx",Rent Schedule,I13,"=IFERROR(IF(OR(F13="""",F12=""""),"""",F13-F12),"""")",
"C:\Users\scott\OneDrive - NorthMarq Capital, LLC\Team Briggs - Documents\_WORKFLOW\BOV_Master_NNN_Briggs.xlsx",Rent Schedule,J13,"=IFERROR(IF(OR(F13="""",F12="""",F12=0),"""",F13/F12-1),"""")",
"C:\Users\scott\OneDrive - NorthMarq Capital, LLC\Team Briggs - Documents\_WORKFLOW\BOV_Master_NNN_Briggs.xlsx",Rent Schedule,K13,Contracted,
"C:\Users\scott\OneDrive - NorthMarq Capital, LLC\Team Briggs - Documents\_WORKFLOW\BOV_Master_NNN_Briggs.xlsx",Rent Schedule,B14,10,RENT SCHEDULE BY LEASE PERIOD
"C:\Users\scott\OneDrive - NorthMarq Capital, LLC\Team Briggs - Documents\_WORKFLOW\BOV_Master_NNN_Briggs.xlsx",Rent Schedule,E14,"=IFERROR(IF(D14="""","""",MAX(0,(D14-TODAY())/365.25)),"""")",
"C:\Users\scott\OneDrive - NorthMarq Capital, LLC\Team Briggs - Documents\_WORKFLOW\BOV_Master_NNN_Briggs.xlsx",Rent Schedule,G14,"=IFERROR(IF(F14="""","""",F14/12),"""")",
"C:\Users\scott\OneDrive - NorthMarq Capital, LLC\Team Briggs - Documents\_WORKFLOW\BOV_Master_NNN_Briggs.xlsx",Rent Schedule,H14,"=IFERROR(IF(OR(F14="""",'Assumptions & Flags'!$C$10=""""),"""",F14/'Assumptions & Flags'!$C$10),"""")",
"C:\Users\scott\OneDrive - NorthMarq Capital, LLC\Team Briggs - Documents\_WORKFLOW\BOV_Master_NNN_Briggs.xlsx",Rent Schedule,I14,"=IFERROR(IF(OR(F14="""",F13=""""),"""",F14-F13),"""")",
"C:\Users\scott\OneDrive - NorthMarq Capital, LLC\Team Briggs - Documents\_WORKFLOW\BOV_Master_NNN_Briggs.xlsx",Rent Schedule,J14,"=IFERROR(IF(OR(F14="""",F13="""",F13=0),"""",F14/F13-1),"""")",
"C:\Users\scott\OneDrive - NorthMarq Capital, LLC\Team Briggs - Documents\_WORKFLOW\BOV_Master_NNN_Briggs.xlsx",Rent Schedule,K14,Contracted,
"C:\Users\scott\OneDrive - NorthMarq Capital, LLC\Team Briggs - Documents\_WORKFLOW\BOV_Master_NNN_Briggs.xlsx",Rent Schedule,B15,11,YR
"C:\Users\scott\OneDrive - NorthMarq Capital, LLC\Team Briggs - Documents\_WORKFLOW\BOV_Master_NNN_Briggs.xlsx",Rent Schedule,C15,,START DATE
"C:\Users\scott\OneDrive - NorthMarq Capital, LLC\Team Briggs - Documents\_WORKFLOW\BOV_Master_NNN_Briggs.xlsx",Rent Schedule,D15,,END DATE
"C:\Users\scott\OneDrive - NorthMarq Capital, LLC\Team Briggs - Documents\_WORKFLOW\BOV_Master_NNN_Briggs.xlsx",Rent Schedule,E15,"=IFERROR(IF(D15="""","""",MAX(0,(D15-TODAY())/365.25)),"""")",LEASE PERIOD
"C:\Users\scott\OneDrive - NorthMarq Capital, LLC\Team Briggs - Documents\_WORKFLOW\BOV_Master_NNN_Briggs.xlsx",Rent Schedule,F15,,ANNUAL RENT
"C:\Users\scott\OneDrive - NorthMarq Capital, LLC\Team Briggs - Documents\_WORKFLOW\BOV_Master_NNN_Briggs.xlsx",Rent Schedule,G15,"=IFERROR(IF(F15="""","""",F15/12),"""")",MONTHLY RENT
"C:\Users\scott\OneDrive - NorthMarq Capital, LLC\Team Briggs - Documents\_WORKFLOW\BOV_Master_NNN_Briggs.xlsx",Rent Schedule,H15,"=IFERROR(IF(OR(F15="""",'Assumptions & Flags'!$C$10=""""),"""",F15/'Assumptions & Flags'!$C$10),"""")",RENT / SF
"C:\Users\scott\OneDrive - NorthMarq Capital, LLC\Team Briggs - Documents\_WORKFLOW\BOV_Master_NNN_Briggs.xlsx",Rent Schedule,I15,"=IFERROR(IF(OR(F15="""",F14=""""),"""",F15-F14),"""")",ESCALATION
"C:\Users\scott\OneDrive - NorthMarq Capital, LLC\Team Briggs - Documents\_WORKFLOW\BOV_Master_NNN_Briggs.xlsx",Rent Schedule,J15,"=IFERROR(IF(OR(F15="""",F14="""",F14=0),"""",F15/F14-1),"""")",NOTES
"C:\Users\scott\OneDrive - NorthMarq Capital, LLC\Team Briggs - Documents\_WORKFLOW\BOV_Master_NNN_Briggs.xlsx",Rent Schedule,K15,Projection,
"C:\Users\scott\OneDrive - NorthMarq Capital, LLC\Team Briggs - Documents\_WORKFLOW\BOV_Master_NNN_Briggs.xlsx",Rent Schedule,B16,12,1
"C:\Users\scott\OneDrive - NorthMarq Capital, LLC\Team Briggs - Documents\_WORKFLOW\BOV_Master_NNN_Briggs.xlsx",Rent Schedule,E16,"=IFERROR(IF(D16="""","""",MAX(0,(D16-TODAY())/365.25)),"""")",
"C:\Users\scott\OneDrive - NorthMarq Capital, LLC\Team Briggs - Documents\_WORKFLOW\BOV_Master_NNN_Briggs.xlsx",Rent Schedule,H16,"=IFERROR(IF(OR(F16="""",'Assumptions & Flags'!$C$10=""""),"""",F16/'Assumptions & Flags'!$C$10),"""")","=IFERROR(IF(OR(F16="""",E12="""",E12=0),"""",F16/E12),"""")"
"C:\Users\scott\OneDrive - NorthMarq Capital, LLC\Team Briggs - Documents\_WORKFLOW\BOV_Master_NNN_Briggs.xlsx",Rent Schedule,I16,"=IFERROR(IF(OR(F16="""",F15=""""),"""",F16-F15),"""")",
"C:\Users\scott\OneDrive - NorthMarq Capital, LLC\Team Briggs - Documents\_WORKFLOW\BOV_Master_NNN_Briggs.xlsx",Rent Schedule,J16,"=IFERROR(IF(OR(F16="""",F15="""",F15=0),"""",F16/F15-1),"""")",
"C:\Users\scott\OneDrive - NorthMarq Capital, LLC\Team Briggs - Documents\_WORKFLOW\BOV_Master_NNN_Briggs.xlsx",Rent Schedule,K16,Projection,
"C:\Users\scott\OneDrive - NorthMarq Capital, LLC\Team Briggs - Documents\_WORKFLOW\BOV_Master_NNN_Briggs.xlsx",Rent Schedule,B17,13,2
"C:\Users\scott\OneDrive - NorthMarq Capital, LLC\Team Briggs - Documents\_WORKFLOW\BOV_Master_NNN_Briggs.xlsx",Rent Schedule,E17,"=IFERROR(IF(D17="""","""",MAX(0,(D17-TODAY())/365.25)),"""")",
"C:\Users\scott\OneDrive - NorthMarq Capital, LLC\Team Briggs - Documents\_WORKFLOW\BOV_Master_NNN_Briggs.xlsx",Rent Schedule,H17,"=IFERROR(IF(OR(F17="""",'Assumptions & Flags'!$C$10=""""),"""",F17/'Assumptions & Flags'!$C$10),"""")","=IFERROR(IF(OR(F17="""",E12="""",E12=0),"""",F17/E12),"""")"
"C:\Users\scott\OneDrive - NorthMarq Capital, LLC\Team Briggs - Documents\_WORKFLOW\BOV_Master_NNN_Briggs.xlsx",Rent Schedule,I17,"=IFERROR(IF(OR(F17="""",F16=""""),"""",F17-F16),"""")",
"C:\Users\scott\OneDrive - NorthMarq Capital, LLC\Team Briggs - Documents\_WORKFLOW\BOV_Master_NNN_Briggs.xlsx",Rent Schedule,J17,"=IFERROR(IF(OR(F17="""",F16="""",F16=0),"""",F17/F16-1),"""")",
"C:\Users\scott\OneDrive - NorthMarq Capital, LLC\Team Briggs - Documents\_WORKFLOW\BOV_Master_NNN_Briggs.xlsx",Rent Schedule,K17,Projection,
"C:\Users\scott\OneDrive - NorthMarq Capital, LLC\Team Briggs - Documents\_WORKFLOW\BOV_Master_NNN_Briggs.xlsx",Rent Schedule,B18,14,3
"C:\Users\scott\OneDrive - NorthMarq Capital, LLC\Team Briggs - Documents\_WORKFLOW\BOV_Master_NNN_Briggs.xlsx",Rent Schedule,E18,"=IFERROR(IF(D18="""","""",MAX(0,(D18-TODAY())/365.25)),"""")",
"C:\Users\scott\OneDrive - NorthMarq Capital, LLC\Team Briggs - Documents\_WORKFLOW\BOV_Master_NNN_Briggs.xlsx",Rent Schedule,H18,"=IFERROR(IF(OR(F18="""",'Assumptions & Flags'!$C$10=""""),"""",F18/'Assumptions & Flags'!$C$10),"""")","=IFERROR(IF(OR(F18="""",E12="""",E12=0),"""",F18/E12),"""")"
"C:\Users\scott\OneDrive - NorthMarq Capital, LLC\Team Briggs - Documents\_WORKFLOW\BOV_Master_NNN_Briggs.xlsx",Rent Schedule,I18,"=IFERROR(IF(OR(F18="""",F17=""""),"""",F18-F17),"""")",
"C:\Users\scott\OneDrive - NorthMarq Capital, LLC\Team Briggs - Documents\_WORKFLOW\BOV_Master_NNN_Briggs.xlsx",Rent Schedule,J18,"=IFERROR(IF(OR(F18="""",F17="""",F17=0),"""",F18/F17-1),"""")",
"C:\Users\scott\OneDrive - NorthMarq Capital, LLC\Team Briggs - Documents\_WORKFLOW\BOV_Master_NNN_Briggs.xlsx",Rent Schedule,K18,Projection,
"C:\Users\scott\OneDrive - NorthMarq Capital, LLC\Team Briggs - Documents\_WORKFLOW\BOV_Master_NNN_Briggs.xlsx",Rent Schedule,B19,15,4
"C:\Users\scott\OneDrive - NorthMarq Capital, LLC\Team Briggs - Documents\_WORKFLOW\BOV_Master_NNN_Briggs.xlsx",Rent Schedule,E19,"=IFERROR(IF(D19="""","""",MAX(0,(D19-TODAY())/365.25)),"""")",
"C:\Users\scott\OneDrive - NorthMarq Capital, LLC\Team Briggs - Documents\_WORKFLOW\BOV_Master_NNN_Briggs.xlsx",Rent Schedule,H19,"=IFERROR(IF(OR(F19="""",'Assumptions & Flags'!$C$10=""""),"""",F19/'Assumptions & Flags'!$C$10),"""")","=IFERROR(IF(OR(F19="""",E12="""",E12=0),"""",F19/E12),"""")"
"C:\Users\scott\OneDrive - NorthMarq Capital, LLC\Team Briggs - Documents\_WORKFLOW\BOV_Master_NNN_Briggs.xlsx",Rent Schedule,I19,"=IFERROR(IF(OR(F19="""",F18=""""),"""",F19-F18),"""")",
"C:\Users\scott\OneDrive - NorthMarq Capital, LLC\Team Briggs - Documents\_WORKFLOW\BOV_Master_NNN_Briggs.xlsx",Rent Schedule,J19,"=IFERROR(IF(OR(F19="""",F18="""",F18=0),"""",F19/F18-1),"""")",
"C:\Users\scott\OneDrive - NorthMarq Capital, LLC\Team Briggs - Documents\_WORKFLOW\BOV_Master_NNN_Briggs.xlsx",Rent Schedule,K19,Projection,
"C:\Users\scott\OneDrive - NorthMarq Capital, LLC\Team Briggs - Documents\_WORKFLOW\BOV_Master_NNN_Briggs.xlsx",Rent Schedule,B20,,5
"C:\Users\scott\OneDrive - NorthMarq Capital, LLC\Team Briggs - Documents\_WORKFLOW\BOV_Master_NNN_Briggs.xlsx",Rent Schedule,G20,,"=IFERROR(IF(F20="""","""",F20/12),"""")"
"C:\Users\scott\OneDrive - NorthMarq Capital, LLC\Team Briggs - Documents\_WORKFLOW\BOV_Master_NNN_Briggs.xlsx",Rent Schedule,H20,,"=IFERROR(IF(OR(F20="""",E12="""",E12=0),"""",F20/E12),"""")"
"C:\Users\scott\OneDrive - NorthMarq Capital, LLC\Team Briggs - Documents\_WORKFLOW\BOV_Master_NNN_Briggs.xlsx",Rent Schedule,B21,,6
"C:\Users\scott\OneDrive - NorthMarq Capital, LLC\Team Briggs - Documents\_WORKFLOW\BOV_Master_NNN_Briggs.xlsx",Rent Schedule,G21,,"=IFERROR(IF(F21="""","""",F21/12),"""")"
"C:\Users\scott\OneDrive - NorthMarq Capital, LLC\Team Briggs - Documents\_WORKFLOW\BOV_Master_NNN_Briggs.xlsx",Rent Schedule,H21,,"=IFERROR(IF(OR(F21="""",E12="""",E12=0),"""",F21/E12),"""")"
"C:\Users\scott\OneDrive - NorthMarq Capital, LLC\Team Briggs - Documents\_WORKFLOW\BOV_Master_NNN_Briggs.xlsx",Rent Schedule,B22,Fill colors:  NM Blue (#E0E8F4) = Contracted lease period    |   Gold (#FFF2CC) = Renewal / option / projection    |   Remaining Term uses TODAY() function,7
"C:\Users\scott\OneDrive - NorthMarq Capital, LLC\Team Briggs - Documents\_WORKFLOW\BOV_Master_NNN_Briggs.xlsx",Rent Schedule,G22,,"=IFERROR(IF(F22="""","""",F22/12),"""")"
"C:\Users\scott\OneDrive - NorthMarq Capital, LLC\Team Briggs - Documents\_WORKFLOW\BOV_Master_NNN_Briggs.xlsx",Rent Schedule,H22,,"=IFERROR(IF(OR(F22="""",E12="""",E12=0),"""",F22/E12),"""")"
"C:\Users\scott\OneDrive - NorthMarq Capital, LLC\Team Briggs - Documents\_WORKFLOW\BOV_Master_NNN_Briggs.xlsx",Rent Schedule,B23,,8
"C:\Users\scott\OneDrive - NorthMarq Capital, LLC\Team Briggs - Documents\_WORKFLOW\BOV_Master_NNN_Briggs.xlsx",Rent Schedule,G23,,"=IFERROR(IF(F23="""","""",F23/12),"""")"
"C:\Users\scott\OneDrive - NorthMarq Capital, LLC\Team Briggs - Documents\_WORKFLOW\BOV_Master_NNN_Briggs.xlsx",Rent Schedule,H23,,"=IFERROR(IF(OR(F23="""",E12="""",E12=0),"""",F23/E12),"""")"
"C:\Users\scott\OneDrive - NorthMarq Capital, LLC\Team Briggs - Documents\_WORKFLOW\BOV_Master_NNN_Briggs.xlsx",Rent Schedule,B24,,9
"C:\Users\scott\OneDrive - NorthMarq Capital, LLC\Team Briggs - Documents\_WORKFLOW\BOV_Master_NNN_Briggs.xlsx",Rent Schedule,G24,,"=IFERROR(IF(F24="""","""",F24/12),"""")"
"C:\Users\scott\OneDrive - NorthMarq Capital, LLC\Team Briggs - Documents\_WORKFLOW\BOV_Master_NNN_Briggs.xlsx",Rent Schedule,H24,,"=IFERROR(IF(OR(F24="""",E12="""",E12=0),"""",F24/E12),"""")"
"C:\Users\scott\OneDrive - NorthMarq Capital, LLC\Team Briggs - Documents\_WORKFLOW\BOV_Master_NNN_Briggs.xlsx",Rent Schedule,B25,,10
"C:\Users\scott\OneDrive - NorthMarq Capital, LLC\Team Briggs - Documents\_WORKFLOW\BOV_Master_NNN_Briggs.xlsx",Rent Schedule,G25,,"=IFERROR(IF(F25="""","""",F25/12),"""")"
"C:\Users\scott\OneDrive - NorthMarq Capital, LLC\Team Briggs - Documents\_WORKFLOW\BOV_Master_NNN_Briggs.xlsx",Rent Schedule,H25,,"=IFERROR(IF(OR(F25="""",E12="""",E12=0),"""",F25/E12),"""")"
"C:\Users\scott\OneDrive - NorthMarq Capital, LLC\Team Briggs - Documents\_WORKFLOW\BOV_Master_NNN_Briggs.xlsx",Rent Schedule,B26,,11
"C:\Users\scott\OneDrive - NorthMarq Capital, LLC\Team Briggs - Documents\_WORKFLOW\BOV_Master_NNN_Briggs.xlsx",Rent Schedule,G26,,"=IFERROR(IF(F26="""","""",F26/12),"""")"
"C:\Users\scott\OneDrive - NorthMarq Capital, LLC\Team Briggs - Documents\_WORKFLOW\BOV_Master_NNN_Briggs.xlsx",Rent Schedule,H26,,"=IFERROR(IF(OR(F26="""",E12="""",E12=0),"""",F26/E12),"""")"
"C:\Users\scott\OneDrive - NorthMarq Capital, LLC\Team Briggs - Documents\_WORKFLOW\BOV_Master_NNN_Briggs.xlsx",Rent Schedule,B27,,12
"C:\Users\scott\OneDrive - NorthMarq Capital, LLC\Team Briggs - Documents\_WORKFLOW\BOV_Master_NNN_Briggs.xlsx",Rent Schedule,G27,,"=IFERROR(IF(F27="""","""",F27/12),"""")"
"C:\Users\scott\OneDrive - NorthMarq Capital, LLC\Team Briggs - Documents\_WORKFLOW\BOV_Master_NNN_Briggs.xlsx",Rent Schedule,H27,,"=IFERROR(IF(OR(F27="""",E12="""",E12=0),"""",F27/E12),"""")"
"C:\Users\scott\OneDrive - NorthMarq Capital, LLC\Team Briggs - Documents\_WORKFLOW\BOV_Master_NNN_Briggs.xlsx",Rent Schedule,B28,,13
"C:\Users\scott\OneDrive - NorthMarq Capital, LLC\Team Briggs - Documents\_WORKFLOW\BOV_Master_NNN_Briggs.xlsx",Rent Schedule,G28,,"=IFERROR(IF(F28="""","""",F28/12),"""")"
"C:\Users\scott\OneDrive - NorthMarq Capital, LLC\Team Briggs - Documents\_WORKFLOW\BOV_Master_NNN_Briggs.xlsx",Rent Schedule,H28,,"=IFERROR(IF(OR(F28="""",E12="""",E12=0),"""",F28/E12),"""")"
"C:\Users\scott\OneDrive - NorthMarq Capital, LLC\Team Briggs - Documents\_WORKFLOW\BOV_Master_NNN_Briggs.xlsx",Rent Schedule,B29,,14
"C:\Users\scott\OneDrive - NorthMarq Capital, LLC\Team Briggs - Documents\_WORKFLOW\BOV_Master_NNN_Briggs.xlsx",Rent Schedule,G29,,"=IFERROR(IF(F29="""","""",F29/12),"""")"
"C:\Users\scott\OneDrive - NorthMarq Capital, LLC\Team Briggs - Documents\_WORKFLOW\BOV_Master_NNN_Briggs.xlsx",Rent Schedule,H29,,"=IFERROR(IF(OR(F29="""",E12="""",E12=0),"""",F29/E12),"""")"
"C:\Users\scott\OneDrive - NorthMarq Capital, LLC\Team Briggs - Documents\_WORKFLOW\BOV_Master_NNN_Briggs.xlsx",Rent Schedule,B30,,15
"C:\Users\scott\OneDrive - NorthMarq Capital, LLC\Team Briggs - Documents\_WORKFLOW\BOV_Master_NNN_Briggs.xlsx",Rent Schedule,G30,,"=IFERROR(IF(F30="""","""",F30/12),"""")"
"C:\Users\scott\OneDrive - NorthMarq Capital, LLC\Team Briggs - Documents\_WORKFLOW\BOV_Master_NNN_Briggs.xlsx",Rent Schedule,H30,,"=IFERROR(IF(OR(F30="""",E12="""",E12=0),"""",F30/E12),"""")"
"C:\Users\scott\OneDrive - NorthMarq Capital, LLC\Team Briggs - Documents\_WORKFLOW\BOV_Master_NNN_Briggs.xlsx",Rent Schedule,B31,,16
"C:\Users\scott\OneDrive - NorthMarq Capital, LLC\Team Briggs - Documents\_WORKFLOW\BOV_Master_NNN_Briggs.xlsx",Rent Schedule,G31,,"=IFERROR(IF(F31="""","""",F31/12),"""")"
"C:\Users\scott\OneDrive - NorthMarq Capital, LLC\Team Briggs - Documents\_WORKFLOW\BOV_Master_NNN_Briggs.xlsx",Rent Schedule,H31,,"=IFERROR(IF(OR(F31="""",E12="""",E12=0),"""",F31/E12),"""")"
"C:\Users\scott\OneDrive - NorthMarq Capital, LLC\Team Briggs - Documents\_WORKFLOW\BOV_Master_NNN_Briggs.xlsx",Rent Schedule,B32,,17
"C:\Users\scott\OneDrive - NorthMarq Capital, LLC\Team Briggs - Documents\_WORKFLOW\BOV_Master_NNN_Briggs.xlsx",Rent Schedule,G32,,"=IFERROR(IF(F32="""","""",F32/12),"""")"
"C:\Users\scott\OneDrive - NorthMarq Capital, LLC\Team Briggs - Documents\_WORKFLOW\BOV_Master_NNN_Briggs.xlsx",Rent Schedule,H32,,"=IFERROR(IF(OR(F32="""",E12="""",E12=0),"""",F32/E12),"""")"
"C:\Users\scott\OneDrive - NorthMarq Capital, LLC\Team Briggs - Documents\_WORKFLOW\BOV_Master_NNN_Briggs.xlsx",Rent Schedule,B33,,18
"C:\Users\scott\OneDrive - NorthMarq Capital, LLC\Team Briggs - Documents\_WORKFLOW\BOV_Master_NNN_Briggs.xlsx",Rent Schedule,G33,,"=IFERROR(IF(F33="""","""",F33/12),"""")"
"C:\Users\scott\OneDrive - NorthMarq Capital, LLC\Team Briggs - Documents\_WORKFLOW\BOV_Master_NNN_Briggs.xlsx",Rent Schedule,H33,,"=IFERROR(IF(OR(F33="""",E12="""",E12=0),"""",F33/E12),"""")"
"C:\Users\scott\OneDrive - NorthMarq Capital, LLC\Team Briggs - Documents\_WORKFLOW\BOV_Master_NNN_Briggs.xlsx",Rent Schedule,B34,,19
"C:\Users\scott\OneDrive - NorthMarq Capital, LLC\Team Briggs - Documents\_WORKFLOW\BOV_Master_NNN_Briggs.xlsx",Rent Schedule,G34,,"=IFERROR(IF(F34="""","""",F34/12),"""")"
"C:\Users\scott\OneDrive - NorthMarq Capital, LLC\Team Briggs - Documents\_WORKFLOW\BOV_Master_NNN_Briggs.xlsx",Rent Schedule,H34,,"=IFERROR(IF(OR(F34="""",E12="""",E12=0),"""",F34/E12),"""")"
"C:\Users\scott\OneDrive - NorthMarq Capital, LLC\Team Briggs - Documents\_WORKFLOW\BOV_Master_NNN_Briggs.xlsx",Rent Schedule,B35,,20
"C:\Users\scott\OneDrive - NorthMarq Capital, LLC\Team Briggs - Documents\_WORKFLOW\BOV_Master_NNN_Briggs.xlsx",Rent Schedule,G35,,"=IFERROR(IF(F35="""","""",F35/12),"""")"
"C:\Users\scott\OneDrive - NorthMarq Capital, LLC\Team Briggs - Documents\_WORKFLOW\BOV_Master_NNN_Briggs.xlsx",Rent Schedule,H35,,"=IFERROR(IF(OR(F35="""",E12="""",E12=0),"""",F35/E12),"""")"
"C:\Users\scott\OneDrive - NorthMarq Capital, LLC\Team Briggs - Documents\_WORKFLOW\BOV_Master_NNN_Briggs.xlsx",Rent Schedule,B36,,21
"C:\Users\scott\OneDrive - NorthMarq Capital, LLC\Team Briggs - Documents\_WORKFLOW\BOV_Master_NNN_Briggs.xlsx",Rent Schedule,G36,,"=IFERROR(IF(F36="""","""",F36/12),"""")"
"C:\Users\scott\OneDrive - NorthMarq Capital, LLC\Team Briggs - Documents\_WORKFLOW\BOV_Master_NNN_Briggs.xlsx",Rent Schedule,H36,,"=IFERROR(IF(OR(F36="""",E12="""",E12=0),"""",F36/E12),"""")"
"C:\Users\scott\OneDrive - NorthMarq Capital, LLC\Team Briggs - Documents\_WORKFLOW\BOV_Master_NNN_Briggs.xlsx",Rent Schedule,B37,,22
"C:\Users\scott\OneDrive - NorthMarq Capital, LLC\Team Briggs - Documents\_WORKFLOW\BOV_Master_NNN_Briggs.xlsx",Rent Schedule,G37,,"=IFERROR(IF(F37="""","""",F37/12),"""")"
"C:\Users\scott\OneDrive - NorthMarq Capital, LLC\Team Briggs - Documents\_WORKFLOW\BOV_Master_NNN_Briggs.xlsx",Rent Schedule,H37,,"=IFERROR(IF(OR(F37="""",E12="""",E12=0),"""",F37/E12),"""")"
"C:\Users\scott\OneDrive - NorthMarq Capital, LLC\Team Briggs - Documents\_WORKFLOW\BOV_Master_NNN_Briggs.xlsx",Rent Schedule,B38,,23
"C:\Users\scott\OneDrive - NorthMarq Capital, LLC\Team Briggs - Documents\_WORKFLOW\BOV_Master_NNN_Briggs.xlsx",Rent Schedule,G38,,"=IFERROR(IF(F38="""","""",F38/12),"""")"
"C:\Users\scott\OneDrive - NorthMarq Capital, LLC\Team Briggs - Documents\_WORKFLOW\BOV_Master_NNN_Briggs.xlsx",Rent Schedule,H38,,"=IFERROR(IF(OR(F38="""",E12="""",E12=0),"""",F38/E12),"""")"
"C:\Users\scott\OneDrive - NorthMarq Capital, LLC\Team Briggs - Documents\_WORKFLOW\BOV_Master_NNN_Briggs.xlsx",Rent Schedule,B39,,24
"C:\Users\scott\OneDrive - NorthMarq Capital, LLC\Team Briggs - Documents\_WORKFLOW\BOV_Master_NNN_Briggs.xlsx",Rent Schedule,G39,,"=IFERROR(IF(F39="""","""",F39/12),"""")"
"C:\Users\scott\OneDrive - NorthMarq Capital, LLC\Team Briggs - Documents\_WORKFLOW\BOV_Master_NNN_Briggs.xlsx",Rent Schedule,H39,,"=IFERROR(IF(OR(F39="""",E12="""",E12=0),"""",F39/E12),"""")"
"C:\Users\scott\OneDrive - NorthMarq Capital, LLC\Team Briggs - Documents\_WORKFLOW\BOV_Master_NNN_Briggs.xlsx",Rent Schedule,B40,,25
"C:\Users\scott\OneDrive - NorthMarq Capital, LLC\Team Briggs - Documents\_WORKFLOW\BOV_Master_NNN_Briggs.xlsx",Rent Schedule,G40,,"=IFERROR(IF(F40="""","""",F40/12),"""")"
"C:\Users\scott\OneDrive - NorthMarq Capital, LLC\Team Briggs - Documents\_WORKFLOW\BOV_Master_NNN_Briggs.xlsx",Rent Schedule,H40,,"=IFERROR(IF(OR(F40="""",E12="""",E12=0),"""",F40/E12),"""")"
"C:\Users\scott\OneDrive - NorthMarq Capital, LLC\Team Briggs - Documents\_WORKFLOW\BOV_Master_NNN_Briggs.xlsx",Rent Schedule,B41,,26
"C:\Users\scott\OneDrive - NorthMarq Capital, LLC\Team Briggs - Documents\_WORKFLOW\BOV_Master_NNN_Briggs.xlsx",Rent Schedule,G41,,"=IFERROR(IF(F41="""","""",F41/12),"""")"
"C:\Users\scott\OneDrive - NorthMarq Capital, LLC\Team Briggs - Documents\_WORKFLOW\BOV_Master_NNN_Briggs.xlsx",Rent Schedule,H41,,"=IFERROR(IF(OR(F41="""",E12="""",E12=0),"""",F41/E12),"""")"
"C:\Users\scott\OneDrive - NorthMarq Capital, LLC\Team Briggs - Documents\_WORKFLOW\BOV_Master_NNN_Briggs.xlsx",Rent Schedule,B42,,27
"C:\Users\scott\OneDrive - NorthMarq Capital, LLC\Team Briggs - Documents\_WORKFLOW\BOV_Master_NNN_Briggs.xlsx",Rent Schedule,G42,,"=IFERROR(IF(F42="""","""",F42/12),"""")"
"C:\Users\scott\OneDrive - NorthMarq Capital, LLC\Team Briggs - Documents\_WORKFLOW\BOV_Master_NNN_Briggs.xlsx",Rent Schedule,H42,,"=IFERROR(IF(OR(F42="""",E12="""",E12=0),"""",F42/E12),"""")"
"C:\Users\scott\OneDrive - NorthMarq Capital, LLC\Team Briggs - Documents\_WORKFLOW\BOV_Master_NNN_Briggs.xlsx",Rent Schedule,B43,,28
"C:\Users\scott\OneDrive - NorthMarq Capital, LLC\Team Briggs - Documents\_WORKFLOW\BOV_Master_NNN_Briggs.xlsx",Rent Schedule,G43,,"=IFERROR(IF(F43="""","""",F43/12),"""")"
"C:\Users\scott\OneDrive - NorthMarq Capital, LLC\Team Briggs - Documents\_WORKFLOW\BOV_Master_NNN_Briggs.xlsx",Rent Schedule,H43,,"=IFERROR(IF(OR(F43="""",E12="""",E12=0),"""",F43/E12),"""")"
"C:\Users\scott\OneDrive - NorthMarq Capital, LLC\Team Briggs - Documents\_WORKFLOW\BOV_Master_NNN_Briggs.xlsx",Rent Schedule,B44,,29
"C:\Users\scott\OneDrive - NorthMarq Capital, LLC\Team Briggs - Documents\_WORKFLOW\BOV_Master_NNN_Briggs.xlsx",Rent Schedule,G44,,"=IFERROR(IF(F44="""","""",F44/12),"""")"
"C:\Users\scott\OneDrive - NorthMarq Capital, LLC\Team Briggs - Documents\_WORKFLOW\BOV_Master_NNN_Briggs.xlsx",Rent Schedule,H44,,"=IFERROR(IF(OR(F44="""",E12="""",E12=0),"""",F44/E12),"""")"
"C:\Users\scott\OneDrive - NorthMarq Capital, LLC\Team Briggs - Documents\_WORKFLOW\BOV_Master_NNN_Briggs.xlsx",Rent Schedule,B45,,30
"C:\Users\scott\OneDrive - NorthMarq Capital, LLC\Team Briggs - Documents\_WORKFLOW\BOV_Master_NNN_Briggs.xlsx",Rent Schedule,G45,,"=IFERROR(IF(F45="""","""",F45/12),"""")"
"C:\Users\scott\OneDrive - NorthMarq Capital, LLC\Team Briggs - Documents\_WORKFLOW\BOV_Master_NNN_Briggs.xlsx",Rent Schedule,H45,,"=IFERROR(IF(OR(F45="""",E12="""",E12=0),"""",F45/E12),"""")"
"C:\Users\scott\OneDrive - NorthMarq Capital, LLC\Team Briggs - Documents\_WORKFLOW\BOV_Master_NNN_Briggs.xlsx",Rent Schedule,B47,,TOTALS / AVERAGES
"C:\Users\scott\OneDrive - NorthMarq Capital, LLC\Team Briggs - Documents\_WORKFLOW\BOV_Master_NNN_Briggs.xlsx",Rent Schedule,F47,,"=IFERROR(SUMIF(F16:F45,""<>"",F16:F45),"""")"
"C:\Users\scott\OneDrive - NorthMarq Capital, LLC\Team Briggs - Documents\_WORKFLOW\BOV_Master_NNN_Briggs.xlsx",Rent Schedule,B49,,"▪  LEASE PERIOD column:  Initial Term · Extension Term · Option 1, Option 2, etc."
"C:\Users\scott\OneDrive - NorthMarq Capital, LLC\Team Briggs - Documents\_WORKFLOW\BOV_Master_NNN_Briggs.xlsx",Rent Schedule,B50,,"▪  For rent tied to FMV, CPI, or other variable methods, leave Annual Rent blank and describe in Notes column."
"C:\Users\scott\OneDrive - NorthMarq Capital, LLC\Team Briggs - Documents\_WORKFLOW\BOV_Master_NNN_Briggs.xlsx",Rent Schedule,B51,,▪  Current lease year row auto-highlights in blue based on today's date (Start Date ≤ Today ≤ End Date).
"C:\Users\scott\OneDrive - NorthMarq Capital, LLC\Team Briggs - Documents\_WORKFLOW\BOV_Master_NNN_Briggs.xlsx",Rent Schedule,B52,,▪  Building SF (row 12) is used for Rent/SF calculations — update when SF is confirmed.
"C:\Users\scott\OneDrive - NorthMarq Capital, LLC\Team Briggs - Documents\_WORKFLOW\BOV_Master_NNN_Briggs.xlsx",Sensitivity Analysis,*,<missing sheet>,<added sheet>
"C:\Users\scott\OneDrive - NorthMarq Capital, LLC\Team Briggs - Documents\_WORKFLOW\BOV Master Sheet - Briggs.xlsx",Amortization,*,<missing sheet>,<added sheet>
"C:\Users\scott\OneDrive - NorthMarq Capital, LLC\Team Briggs - Documents\_WORKFLOW\BOV Master Sheet - Briggs.xlsx",Assumptions & Flags,A2,,ASSUMPTIONS & FLAGS
"C:\Users\scott\OneDrive - NorthMarq Capital, LLC\Team Briggs - Documents\_WORKFLOW\BOV Master Sheet - Briggs.xlsx",Assumptions & Flags,B2,Assumptions & Flags,
"C:\Users\scott\OneDrive - NorthMarq Capital, LLC\Team Briggs - Documents\_WORKFLOW\BOV Master Sheet - Briggs.xlsx",Assumptions & Flags,A3,,All key inputs for the Pro Forma  ·  Blue text = broker enters  ·  Yellow = fill before delivering  ·  Flag discrepancies in right column
"C:\Users\scott\OneDrive - NorthMarq Capital, LLC\Team Briggs - Documents\_WORKFLOW\BOV Master Sheet - Briggs.xlsx",Assumptions & Flags,B3,Blue text = enter value here  ·  All Pro Forma formulas reference this tab  ·  Flag all discrepancies below,
"C:\Users\scott\OneDrive - NorthMarq Capital, LLC\Team Briggs - Documents\_WORKFLOW\BOV Master Sheet - Briggs.xlsx",Assumptions & Flags,A5,,PROPERTY IDENTIFICATION
"C:\Users\scott\OneDrive - NorthMarq Capital, LLC\Team Briggs - Documents\_WORKFLOW\BOV Master Sheet - Briggs.xlsx",Assumptions & Flags,G5,,DEBT / LEVERAGE ASSUMPTIONS
"C:\Users\scott\OneDrive - NorthMarq Capital, LLC\Team Briggs - Documents\_WORKFLOW\BOV Master Sheet - Briggs.xlsx",Assumptions & Flags,A6,,Property Address
"C:\Users\scott\OneDrive - NorthMarq Capital, LLC\Team Briggs - Documents\_WORKFLOW\BOV Master Sheet - Briggs.xlsx",Assumptions & Flags,B6,KEY INPUTS — DEAL ASSUMPTIONS,
"C:\Users\scott\OneDrive - NorthMarq Capital, LLC\Team Briggs - Documents\_WORKFLOW\BOV Master Sheet - Briggs.xlsx",Assumptions & Flags,E6,,Used on Cover and Executive Summary
"C:\Users\scott\OneDrive - NorthMarq Capital, LLC\Team Briggs - Documents\_WORKFLOW\BOV Master Sheet - Briggs.xlsx",Assumptions & Flags,G6,,Purchase Price ($)
"C:\Users\scott\OneDrive - NorthMarq Capital, LLC\Team Briggs - Documents\_WORKFLOW\BOV Master Sheet - Briggs.xlsx",Assumptions & Flags,K6,,Link to left side C36 or enter here
"C:\Users\scott\OneDrive - NorthMarq Capital, LLC\Team Briggs - Documents\_WORKFLOW\BOV Master Sheet - Briggs.xlsx",Assumptions & Flags,A7,,Tenant / Operator
"C:\Users\scott\OneDrive - NorthMarq Capital, LLC\Team Briggs - Documents\_WORKFLOW\BOV Master Sheet - Briggs.xlsx",Assumptions & Flags,B7,PARAMETER,
"C:\Users\scott\OneDrive - NorthMarq Capital, LLC\Team Briggs - Documents\_WORKFLOW\BOV Master Sheet - Briggs.xlsx",Assumptions & Flags,C7,VALUE,
"C:\Users\scott\OneDrive - NorthMarq Capital, LLC\Team Briggs - Documents\_WORKFLOW\BOV Master Sheet - Briggs.xlsx",Assumptions & Flags,D7,SOURCE / NOTES,
"C:\Users\scott\OneDrive - NorthMarq Capital, LLC\Team Briggs - Documents\_WORKFLOW\BOV Master Sheet - Briggs.xlsx",Assumptions & Flags,E7,,Trade name + entity name
"C:\Users\scott\OneDrive - NorthMarq Capital, LLC\Team Briggs - Documents\_WORKFLOW\BOV Master Sheet - Briggs.xlsx",Assumptions & Flags,G7,,LTV (%)
"C:\Users\scott\OneDrive - NorthMarq Capital, LLC\Team Briggs - Documents\_WORKFLOW\BOV Master Sheet - Briggs.xlsx",Assumptions & Flags,K7,,Default 65%
"C:\Users\scott\OneDrive - NorthMarq Capital, LLC\Team Briggs - Documents\_WORKFLOW\BOV Master Sheet - Briggs.xlsx",Assumptions & Flags,A8,,Guarantor
"C:\Users\scott\OneDrive - NorthMarq Capital, LLC\Team Briggs - Documents\_WORKFLOW\BOV Master Sheet - Briggs.xlsx",Assumptions & Flags,B8,Purchase Price,
"C:\Users\scott\OneDrive - NorthMarq Capital, LLC\Team Briggs - Documents\_WORKFLOW\BOV Master Sheet - Briggs.xlsx",Assumptions & Flags,D8,From offer / listing price,
"C:\Users\scott\OneDrive - NorthMarq Capital, LLC\Team Briggs - Documents\_WORKFLOW\BOV Master Sheet - Briggs.xlsx",Assumptions & Flags,E8,,Corporate or personal
"C:\Users\scott\OneDrive - NorthMarq Capital, LLC\Team Briggs - Documents\_WORKFLOW\BOV Master Sheet - Briggs.xlsx",Assumptions & Flags,G8,,Loan Amount
"C:\Users\scott\OneDrive - NorthMarq Capital, LLC\Team Briggs - Documents\_WORKFLOW\BOV Master Sheet - Briggs.xlsx",Assumptions & Flags,I8,,"=IFERROR(IF(OR(I6="""",I7=""""),"""",-I6*I7),"""")"
"C:\Users\scott\OneDrive - NorthMarq Capital, LLC\Team Briggs - Documents\_WORKFLOW\BOV Master Sheet - Briggs.xlsx",Assumptions & Flags,K8,,Negative = debt obligation
"C:\Users\scott\OneDrive - NorthMarq Capital, LLC\Team Briggs - Documents\_WORKFLOW\BOV Master Sheet - Briggs.xlsx",Assumptions & Flags,A9,,Building SF
"C:\Users\scott\OneDrive - NorthMarq Capital, LLC\Team Briggs - Documents\_WORKFLOW\BOV Master Sheet - Briggs.xlsx",Assumptions & Flags,B9,GLA / RBA (SF),
"C:\Users\scott\OneDrive - NorthMarq Capital, LLC\Team Briggs - Documents\_WORKFLOW\BOV Master Sheet - Briggs.xlsx",Assumptions & Flags,D9,Verify against lease and tax records,
"C:\Users\scott\OneDrive - NorthMarq Capital, LLC\Team Briggs - Documents\_WORKFLOW\BOV Master Sheet - Briggs.xlsx",Assumptions & Flags,E9,,Per lease or survey — flag discrepancy
"C:\Users\scott\OneDrive - NorthMarq Capital, LLC\Team Briggs - Documents\_WORKFLOW\BOV Master Sheet - Briggs.xlsx",Assumptions & Flags,G9,,Down Payment / Equity
"C:\Users\scott\OneDrive - NorthMarq Capital, LLC\Team Briggs - Documents\_WORKFLOW\BOV Master Sheet - Briggs.xlsx",Assumptions & Flags,I9,,"=IFERROR(IF(OR(I6="""",I7=""""),"""",I6*(1-I7)),"""")"
"C:\Users\scott\OneDrive - NorthMarq Capital, LLC\Team Briggs - Documents\_WORKFLOW\BOV Master Sheet - Briggs.xlsx",Assumptions & Flags,A10,,Site Area (Acres)
"C:\Users\scott\OneDrive - NorthMarq Capital, LLC\Team Briggs - Documents\_WORKFLOW\BOV Master Sheet - Briggs.xlsx",Assumptions & Flags,B10,Hold Period (years),
"C:\Users\scott\OneDrive - NorthMarq Capital, LLC\Team Briggs - Documents\_WORKFLOW\BOV Master Sheet - Briggs.xlsx",Assumptions & Flags,C10,10,
"C:\Users\scott\OneDrive - NorthMarq Capital, LLC\Team Briggs - Documents\_WORKFLOW\BOV Master Sheet - Briggs.xlsx",Assumptions & Flags,D10,Default 10 years,
"C:\Users\scott\OneDrive - NorthMarq Capital, LLC\Team Briggs - Documents\_WORKFLOW\BOV Master Sheet - Briggs.xlsx",Assumptions & Flags,E10,,Per survey or tax record
"C:\Users\scott\OneDrive - NorthMarq Capital, LLC\Team Briggs - Documents\_WORKFLOW\BOV Master Sheet - Briggs.xlsx",Assumptions & Flags,G10,,Interest Rate
"C:\Users\scott\OneDrive - NorthMarq Capital, LLC\Team Briggs - Documents\_WORKFLOW\BOV Master Sheet - Briggs.xlsx",Assumptions & Flags,K10,,Default 6.5%
"C:\Users\scott\OneDrive - NorthMarq Capital, LLC\Team Briggs - Documents\_WORKFLOW\BOV Master Sheet - Briggs.xlsx",Assumptions & Flags,A11,,Year Built
"C:\Users\scott\OneDrive - NorthMarq Capital, LLC\Team Briggs - Documents\_WORKFLOW\BOV Master Sheet - Briggs.xlsx",Assumptions & Flags,B11,Exit Cap Rate,
"C:\Users\scott\OneDrive - NorthMarq Capital, LLC\Team Briggs - Documents\_WORKFLOW\BOV Master Sheet - Briggs.xlsx",Assumptions & Flags,D11,Based on market comp analysis,
"C:\Users\scott\OneDrive - NorthMarq Capital, LLC\Team Briggs - Documents\_WORKFLOW\BOV Master Sheet - Briggs.xlsx",Assumptions & Flags,E11,,Four-digit year
"C:\Users\scott\OneDrive - NorthMarq Capital, LLC\Team Briggs - Documents\_WORKFLOW\BOV Master Sheet - Briggs.xlsx",Assumptions & Flags,G11,,Amortization (years)
"C:\Users\scott\OneDrive - NorthMarq Capital, LLC\Team Briggs - Documents\_WORKFLOW\BOV Master Sheet - Briggs.xlsx",Assumptions & Flags,K11,,Default 25 years
"C:\Users\scott\OneDrive - NorthMarq Capital, LLC\Team Briggs - Documents\_WORKFLOW\BOV Master Sheet - Briggs.xlsx",Assumptions & Flags,A12,,Zoning
"C:\Users\scott\OneDrive - NorthMarq Capital, LLC\Team Briggs - Documents\_WORKFLOW\BOV Master Sheet - Briggs.xlsx",Assumptions & Flags,B12,Going-in Cap Rate,
"C:\Users\scott\OneDrive - NorthMarq Capital, LLC\Team Briggs - Documents\_WORKFLOW\BOV Master Sheet - Briggs.xlsx",Assumptions & Flags,C12,"=IFERROR(D29/C6,"""")",
"C:\Users\scott\OneDrive - NorthMarq Capital, LLC\Team Briggs - Documents\_WORKFLOW\BOV Master Sheet - Briggs.xlsx",Assumptions & Flags,D12,Year 1 NOI ÷ Purchase Price,
"C:\Users\scott\OneDrive - NorthMarq Capital, LLC\Team Briggs - Documents\_WORKFLOW\BOV Master Sheet - Briggs.xlsx",Assumptions & Flags,E12,,Confirm permitted use
"C:\Users\scott\OneDrive - NorthMarq Capital, LLC\Team Briggs - Documents\_WORKFLOW\BOV Master Sheet - Briggs.xlsx",Assumptions & Flags,G12,,IO Period (years)
"C:\Users\scott\OneDrive - NorthMarq Capital, LLC\Team Briggs - Documents\_WORKFLOW\BOV Master Sheet - Briggs.xlsx",Assumptions & Flags,K12,,Enter 0 if fully amortizing
"C:\Users\scott\OneDrive - NorthMarq Capital, LLC\Team Briggs - Documents\_WORKFLOW\BOV Master Sheet - Briggs.xlsx",Assumptions & Flags,A13,,Estimated Close Date
"C:\Users\scott\OneDrive - NorthMarq Capital, LLC\Team Briggs - Documents\_WORKFLOW\BOV Master Sheet - Briggs.xlsx",Assumptions & Flags,B13,LTV,
"C:\Users\scott\OneDrive - NorthMarq Capital, LLC\Team Briggs - Documents\_WORKFLOW\BOV Master Sheet - Briggs.xlsx",Assumptions & Flags,C13,0.65,
"C:\Users\scott\OneDrive - NorthMarq Capital, LLC\Team Briggs - Documents\_WORKFLOW\BOV Master Sheet - Briggs.xlsx",Assumptions & Flags,D13,Default 65% — adjust per lender,
"C:\Users\scott\OneDrive - NorthMarq Capital, LLC\Team Briggs - Documents\_WORKFLOW\BOV Master Sheet - Briggs.xlsx",Assumptions & Flags,E13,,Used for year-end date row on Pro Forma
"C:\Users\scott\OneDrive - NorthMarq Capital, LLC\Team Briggs - Documents\_WORKFLOW\BOV Master Sheet - Briggs.xlsx",Assumptions & Flags,G13,,Hold Period (years)
"C:\Users\scott\OneDrive - NorthMarq Capital, LLC\Team Briggs - Documents\_WORKFLOW\BOV Master Sheet - Briggs.xlsx",Assumptions & Flags,K13,,Default 10 — drives disposition year
"C:\Users\scott\OneDrive - NorthMarq Capital, LLC\Team Briggs - Documents\_WORKFLOW\BOV Master Sheet - Briggs.xlsx",Assumptions & Flags,B14,Interest Rate,
"C:\Users\scott\OneDrive - NorthMarq Capital, LLC\Team Briggs - Documents\_WORKFLOW\BOV Master Sheet - Briggs.xlsx",Assumptions & Flags,C14,0.065,
"C:\Users\scott\OneDrive - NorthMarq Capital, LLC\Team Briggs - Documents\_WORKFLOW\BOV Master Sheet - Briggs.xlsx",Assumptions & Flags,D14,Default 6.5% — verify current market,
"C:\Users\scott\OneDrive - NorthMarq Capital, LLC\Team Briggs - Documents\_WORKFLOW\BOV Master Sheet - Briggs.xlsx",Assumptions & Flags,G14,,Annual Debt Service
"C:\Users\scott\OneDrive - NorthMarq Capital, LLC\Team Briggs - Documents\_WORKFLOW\BOV Master Sheet - Briggs.xlsx",Assumptions & Flags,I14,,"=IFERROR(IF(OR(I8="""",I10="""",I11=""""),"""",ABS(I8)*(I10/12)*(1+I10/12)^(I11*12)/((1+I10/12)^(I11*12)-1)*12),"""")"
"C:\Users\scott\OneDrive - NorthMarq Capital, LLC\Team Briggs - Documents\_WORKFLOW\BOV Master Sheet - Briggs.xlsx",Assumptions & Flags,K14,,P&I payment (fully amortizing)
"C:\Users\scott\OneDrive - NorthMarq Capital, LLC\Team Briggs - Documents\_WORKFLOW\BOV Master Sheet - Briggs.xlsx",Assumptions & Flags,A15,,PRICING STRATEGY  ·  FUNGIBLE INPUTS
"C:\Users\scott\OneDrive - NorthMarq Capital, LLC\Team Briggs - Documents\_WORKFLOW\BOV Master Sheet - Briggs.xlsx",Assumptions & Flags,B15,Amortization (years),
"C:\Users\scott\OneDrive - NorthMarq Capital, LLC\Team Briggs - Documents\_WORKFLOW\BOV Master Sheet - Briggs.xlsx",Assumptions & Flags,C15,25,
"C:\Users\scott\OneDrive - NorthMarq Capital, LLC\Team Briggs - Documents\_WORKFLOW\BOV Master Sheet - Briggs.xlsx",Assumptions & Flags,D15,Default 25-year amortization,
"C:\Users\scott\OneDrive - NorthMarq Capital, LLC\Team Briggs - Documents\_WORKFLOW\BOV Master Sheet - Briggs.xlsx",Assumptions & Flags,G15,,Monthly Debt Service
"C:\Users\scott\OneDrive - NorthMarq Capital, LLC\Team Briggs - Documents\_WORKFLOW\BOV Master Sheet - Briggs.xlsx",Assumptions & Flags,I15,,"=IFERROR(IF(I14="""","""",I14/12),"""")"
"C:\Users\scott\OneDrive - NorthMarq Capital, LLC\Team Briggs - Documents\_WORKFLOW\BOV Master Sheet - Briggs.xlsx",Assumptions & Flags,A16,,Recommended Asking Cap Rate
"C:\Users\scott\OneDrive - NorthMarq Capital, LLC\Team Briggs - Documents\_WORKFLOW\BOV Master Sheet - Briggs.xlsx",Assumptions & Flags,B16,Vacancy / Credit Loss %,
"C:\Users\scott\OneDrive - NorthMarq Capital, LLC\Team Briggs - Documents\_WORKFLOW\BOV Master Sheet - Briggs.xlsx",Assumptions & Flags,D16,Typically 0% NNN; 5-10% MOB,
"C:\Users\scott\OneDrive - NorthMarq Capital, LLC\Team Briggs - Documents\_WORKFLOW\BOV Master Sheet - Briggs.xlsx",Assumptions & Flags,E16,,Drives Recommended Asking Price on Exec Summary
"C:\Users\scott\OneDrive - NorthMarq Capital, LLC\Team Briggs - Documents\_WORKFLOW\BOV Master Sheet - Briggs.xlsx",Assumptions & Flags,G16,,DCR (Year 1)
"C:\Users\scott\OneDrive - NorthMarq Capital, LLC\Team Briggs - Documents\_WORKFLOW\BOV Master Sheet - Briggs.xlsx",Assumptions & Flags,I16,,"=IFERROR(IF(OR(C33="""",I14="""",I14=0),"""",C33/I14),"""")"
"C:\Users\scott\OneDrive - NorthMarq Capital, LLC\Team Briggs - Documents\_WORKFLOW\BOV Master Sheet - Briggs.xlsx",Assumptions & Flags,K16,,Must exceed 1.20x
"C:\Users\scott\OneDrive - NorthMarq Capital, LLC\Team Briggs - Documents\_WORKFLOW\BOV Master Sheet - Briggs.xlsx",Assumptions & Flags,A17,,Trade Range — Low Cap Rate
"C:\Users\scott\OneDrive - NorthMarq Capital, LLC\Team Briggs - Documents\_WORKFLOW\BOV Master Sheet - Briggs.xlsx",Assumptions & Flags,B17,Management Fee %,
"C:\Users\scott\OneDrive - NorthMarq Capital, LLC\Team Briggs - Documents\_WORKFLOW\BOV Master Sheet - Briggs.xlsx",Assumptions & Flags,D17,Typically 3-5% of EGR,
"C:\Users\scott\OneDrive - NorthMarq Capital, LLC\Team Briggs - Documents\_WORKFLOW\BOV Master Sheet - Briggs.xlsx",Assumptions & Flags,E17,,Low = higher price
"C:\Users\scott\OneDrive - NorthMarq Capital, LLC\Team Briggs - Documents\_WORKFLOW\BOV Master Sheet - Briggs.xlsx",Assumptions & Flags,G17,,DSCR at 1.20x NOI Required
"C:\Users\scott\OneDrive - NorthMarq Capital, LLC\Team Briggs - Documents\_WORKFLOW\BOV Master Sheet - Briggs.xlsx",Assumptions & Flags,I17,,"=IFERROR(IF(I14="""","""",I14*1.20),"""")"
"C:\Users\scott\OneDrive - NorthMarq Capital, LLC\Team Briggs - Documents\_WORKFLOW\BOV Master Sheet - Briggs.xlsx",Assumptions & Flags,A18,,Trade Range — High Cap Rate
"C:\Users\scott\OneDrive - NorthMarq Capital, LLC\Team Briggs - Documents\_WORKFLOW\BOV Master Sheet - Briggs.xlsx",Assumptions & Flags,B18,Annual Rent Growth %,
"C:\Users\scott\OneDrive - NorthMarq Capital, LLC\Team Briggs - Documents\_WORKFLOW\BOV Master Sheet - Briggs.xlsx",Assumptions & Flags,D18,Per lease escalation schedule,
"C:\Users\scott\OneDrive - NorthMarq Capital, LLC\Team Briggs - Documents\_WORKFLOW\BOV Master Sheet - Briggs.xlsx",Assumptions & Flags,E18,,High = lower price
"C:\Users\scott\OneDrive - NorthMarq Capital, LLC\Team Briggs - Documents\_WORKFLOW\BOV Master Sheet - Briggs.xlsx",Assumptions & Flags,A19,,Implied Ask Price (NOI / Cap)
"C:\Users\scott\OneDrive - NorthMarq Capital, LLC\Team Briggs - Documents\_WORKFLOW\BOV Master Sheet - Briggs.xlsx",Assumptions & Flags,B19,Brokerage Fee % (disp.),
"C:\Users\scott\OneDrive - NorthMarq Capital, LLC\Team Briggs - Documents\_WORKFLOW\BOV Master Sheet - Briggs.xlsx",Assumptions & Flags,C19,0.05,"=IFERROR(IF(OR(C33="""",C16="""",C16=0),"""",C33/C16),"""")"
"C:\Users\scott\OneDrive - NorthMarq Capital, LLC\Team Briggs - Documents\_WORKFLOW\BOV Master Sheet - Briggs.xlsx",Assumptions & Flags,D19,Standard 5% — per BOV standard,
"C:\Users\scott\OneDrive - NorthMarq Capital, LLC\Team Briggs - Documents\_WORKFLOW\BOV Master Sheet - Briggs.xlsx",Assumptions & Flags,E19,,Updates Executive Summary
"C:\Users\scott\OneDrive - NorthMarq Capital, LLC\Team Briggs - Documents\_WORKFLOW\BOV Master Sheet - Briggs.xlsx",Assumptions & Flags,G19,,DISPOSITION / EXIT ASSUMPTIONS
"C:\Users\scott\OneDrive - NorthMarq Capital, LLC\Team Briggs - Documents\_WORKFLOW\BOV Master Sheet - Briggs.xlsx",Assumptions & Flags,A20,,Broker Price Opinion (BPO)
"C:\Users\scott\OneDrive - NorthMarq Capital, LLC\Team Briggs - Documents\_WORKFLOW\BOV Master Sheet - Briggs.xlsx",Assumptions & Flags,B20,Transaction Costs % (disp.),
"C:\Users\scott\OneDrive - NorthMarq Capital, LLC\Team Briggs - Documents\_WORKFLOW\BOV Master Sheet - Briggs.xlsx",Assumptions & Flags,C20,0.01,
"C:\Users\scott\OneDrive - NorthMarq Capital, LLC\Team Briggs - Documents\_WORKFLOW\BOV Master Sheet - Briggs.xlsx",Assumptions & Flags,D20,Standard 1% — per BOV standard,
"C:\Users\scott\OneDrive - NorthMarq Capital, LLC\Team Briggs - Documents\_WORKFLOW\BOV Master Sheet - Briggs.xlsx",Assumptions & Flags,E20,,Override if needed
"C:\Users\scott\OneDrive - NorthMarq Capital, LLC\Team Briggs - Documents\_WORKFLOW\BOV Master Sheet - Briggs.xlsx",Assumptions & Flags,G20,,Exit Cap Rate
"C:\Users\scott\OneDrive - NorthMarq Capital, LLC\Team Briggs - Documents\_WORKFLOW\BOV Master Sheet - Briggs.xlsx",Assumptions & Flags,K20,,Applied to Year 10 NOI
"C:\Users\scott\OneDrive - NorthMarq Capital, LLC\Team Briggs - Documents\_WORKFLOW\BOV Master Sheet - Briggs.xlsx",Assumptions & Flags,A21,,Price Per SF
"C:\Users\scott\OneDrive - NorthMarq Capital, LLC\Team Briggs - Documents\_WORKFLOW\BOV Master Sheet - Briggs.xlsx",Assumptions & Flags,E21,,Manual entry or use Valuation Matrix
"C:\Users\scott\OneDrive - NorthMarq Capital, LLC\Team Briggs - Documents\_WORKFLOW\BOV Master Sheet - Briggs.xlsx",Assumptions & Flags,G21,,Exit NOI (Year 10 Projected)
"C:\Users\scott\OneDrive - NorthMarq Capital, LLC\Team Briggs - Documents\_WORKFLOW\BOV Master Sheet - Briggs.xlsx",Assumptions & Flags,I21,,"=IFERROR(IF(OR(C24="""",C25=""""),"""",C24*(1+C25)^(I13-1)),"""")"
"C:\Users\scott\OneDrive - NorthMarq Capital, LLC\Team Briggs - Documents\_WORKFLOW\BOV Master Sheet - Briggs.xlsx",Assumptions & Flags,K21,,Y1 rent * (1+escalation)^hold period
"C:\Users\scott\OneDrive - NorthMarq Capital, LLC\Team Briggs - Documents\_WORKFLOW\BOV Master Sheet - Briggs.xlsx",Assumptions & Flags,B22,CALCULATED VALUES,
"C:\Users\scott\OneDrive - NorthMarq Capital, LLC\Team Briggs - Documents\_WORKFLOW\BOV Master Sheet - Briggs.xlsx",Assumptions & Flags,G22,,GROSS SALE PROCEEDS
"C:\Users\scott\OneDrive - NorthMarq Capital, LLC\Team Briggs - Documents\_WORKFLOW\BOV Master Sheet - Briggs.xlsx",Assumptions & Flags,I22,,"=IFERROR(IF(OR(I21="""",I20="""",I20=0),"""",I21/I20),"""")"
"C:\Users\scott\OneDrive - NorthMarq Capital, LLC\Team Briggs - Documents\_WORKFLOW\BOV Master Sheet - Briggs.xlsx",Assumptions & Flags,A23,,PRO FORMA INPUTS  —  REVENUE
"C:\Users\scott\OneDrive - NorthMarq Capital, LLC\Team Briggs - Documents\_WORKFLOW\BOV Master Sheet - Briggs.xlsx",Assumptions & Flags,B23,PARAMETER,
"C:\Users\scott\OneDrive - NorthMarq Capital, LLC\Team Briggs - Documents\_WORKFLOW\BOV Master Sheet - Briggs.xlsx",Assumptions & Flags,C23,VALUE,
"C:\Users\scott\OneDrive - NorthMarq Capital, LLC\Team Briggs - Documents\_WORKFLOW\BOV Master Sheet - Briggs.xlsx",Assumptions & Flags,D23,FORMULA BASIS,
"C:\Users\scott\OneDrive - NorthMarq Capital, LLC\Team Briggs - Documents\_WORKFLOW\BOV Master Sheet - Briggs.xlsx",Assumptions & Flags,G23,,Less: Brokerage (5%)
"C:\Users\scott\OneDrive - NorthMarq Capital, LLC\Team Briggs - Documents\_WORKFLOW\BOV Master Sheet - Briggs.xlsx",Assumptions & Flags,I23,,"=IFERROR(IF(I22="""","""",-I22*0.05),"""")"
"C:\Users\scott\OneDrive - NorthMarq Capital, LLC\Team Briggs - Documents\_WORKFLOW\BOV Master Sheet - Briggs.xlsx",Assumptions & Flags,A24,,Year 1 Base Rent ($)
"C:\Users\scott\OneDrive - NorthMarq Capital, LLC\Team Briggs - Documents\_WORKFLOW\BOV Master Sheet - Briggs.xlsx",Assumptions & Flags,B24,Loan Amount,
"C:\Users\scott\OneDrive - NorthMarq Capital, LLC\Team Briggs - Documents\_WORKFLOW\BOV Master Sheet - Briggs.xlsx",Assumptions & Flags,C24,"=IFERROR(C6*C10,"""")",
"C:\Users\scott\OneDrive - NorthMarq Capital, LLC\Team Briggs - Documents\_WORKFLOW\BOV Master Sheet - Briggs.xlsx",Assumptions & Flags,D24,Purchase Price × LTV,
"C:\Users\scott\OneDrive - NorthMarq Capital, LLC\Team Briggs - Documents\_WORKFLOW\BOV Master Sheet - Briggs.xlsx",Assumptions & Flags,E24,,Per executed lease / rent schedule
"C:\Users\scott\OneDrive - NorthMarq Capital, LLC\Team Briggs - Documents\_WORKFLOW\BOV Master Sheet - Briggs.xlsx",Assumptions & Flags,G24,,Less: Transaction Costs (1%)
"C:\Users\scott\OneDrive - NorthMarq Capital, LLC\Team Briggs - Documents\_WORKFLOW\BOV Master Sheet - Briggs.xlsx",Assumptions & Flags,I24,,"=IFERROR(IF(I22="""","""",-I22*0.01),"""")"
"C:\Users\scott\OneDrive - NorthMarq Capital, LLC\Team Briggs - Documents\_WORKFLOW\BOV Master Sheet - Briggs.xlsx",Assumptions & Flags,A25,,Annual Rent Escalation (%)
"C:\Users\scott\OneDrive - NorthMarq Capital, LLC\Team Briggs - Documents\_WORKFLOW\BOV Master Sheet - Briggs.xlsx",Assumptions & Flags,B25,Equity Invested,
"C:\Users\scott\OneDrive - NorthMarq Capital, LLC\Team Briggs - Documents\_WORKFLOW\BOV Master Sheet - Briggs.xlsx",Assumptions & Flags,C25,"=IFERROR(C6-C19,"""")",
"C:\Users\scott\OneDrive - NorthMarq Capital, LLC\Team Briggs - Documents\_WORKFLOW\BOV Master Sheet - Briggs.xlsx",Assumptions & Flags,D25,Purchase Price − Loan Amount,
"C:\Users\scott\OneDrive - NorthMarq Capital, LLC\Team Briggs - Documents\_WORKFLOW\BOV Master Sheet - Briggs.xlsx",Assumptions & Flags,E25,,Fixed bump or avg CPI — label in Notes
"C:\Users\scott\OneDrive - NorthMarq Capital, LLC\Team Briggs - Documents\_WORKFLOW\BOV Master Sheet - Briggs.xlsx",Assumptions & Flags,G25,,NET REVERSION (Unleveraged)
"C:\Users\scott\OneDrive - NorthMarq Capital, LLC\Team Briggs - Documents\_WORKFLOW\BOV Master Sheet - Briggs.xlsx",Assumptions & Flags,I25,,"=IFERROR(IF(I22="""","""",I22+I23+I24),"""")"
"C:\Users\scott\OneDrive - NorthMarq Capital, LLC\Team Briggs - Documents\_WORKFLOW\BOV Master Sheet - Briggs.xlsx",Assumptions & Flags,A26,,Tenant Reimbursements ($/yr)
"C:\Users\scott\OneDrive - NorthMarq Capital, LLC\Team Briggs - Documents\_WORKFLOW\BOV Master Sheet - Briggs.xlsx",Assumptions & Flags,B26,Annual Debt Service,
"C:\Users\scott\OneDrive - NorthMarq Capital, LLC\Team Briggs - Documents\_WORKFLOW\BOV Master Sheet - Briggs.xlsx",Assumptions & Flags,C26,"=IFERROR(-PMT(C11/12,C12*12,C19)*12,"""")",
"C:\Users\scott\OneDrive - NorthMarq Capital, LLC\Team Briggs - Documents\_WORKFLOW\BOV Master Sheet - Briggs.xlsx",Assumptions & Flags,D26,PMT × 12 (annualized),
"C:\Users\scott\OneDrive - NorthMarq Capital, LLC\Team Briggs - Documents\_WORKFLOW\BOV Master Sheet - Briggs.xlsx",Assumptions & Flags,E26,,NNN = $0 for expense tracking purposes
"C:\Users\scott\OneDrive - NorthMarq Capital, LLC\Team Briggs - Documents\_WORKFLOW\BOV Master Sheet - Briggs.xlsx",Assumptions & Flags,G26,,Remaining Loan Balance at Exit
"C:\Users\scott\OneDrive - NorthMarq Capital, LLC\Team Briggs - Documents\_WORKFLOW\BOV Master Sheet - Briggs.xlsx",Assumptions & Flags,I26,,"=IFERROR(IF(OR(I8="""",I10="""",I11="""",I13=""""),"""",ABS(I8)*(1+I10/12)^(I13*12)-(ABS(I8)*(I10/12)*(1+I10/12)^(I11*12)/((1+I10/12)^(I11*12)-1))*(((1+I10/12)^(I13*12)-1)/(I10/12))),"""")"
"C:\Users\scott\OneDrive - NorthMarq Capital, LLC\Team Briggs - Documents\_WORKFLOW\BOV Master Sheet - Briggs.xlsx",Assumptions & Flags,K26,,Outstanding balance at hold period end
"C:\Users\scott\OneDrive - NorthMarq Capital, LLC\Team Briggs - Documents\_WORKFLOW\BOV Master Sheet - Briggs.xlsx",Assumptions & Flags,A27,,Effective Gross Revenue (Y1)
"C:\Users\scott\OneDrive - NorthMarq Capital, LLC\Team Briggs - Documents\_WORKFLOW\BOV Master Sheet - Briggs.xlsx",Assumptions & Flags,B27,Remaining Loan Balance,
"C:\Users\scott\OneDrive - NorthMarq Capital, LLC\Team Briggs - Documents\_WORKFLOW\BOV Master Sheet - Briggs.xlsx",Assumptions & Flags,C27,"=IFERROR(C19*(1+C11)^10-C21*((1+C11/12)^(10*12)-1)/(C11/12),"""")","=IFERROR(IF(C24="""","""",C24+IFERROR(C26,0)),"""")"
"C:\Users\scott\OneDrive - NorthMarq Capital, LLC\Team Briggs - Documents\_WORKFLOW\BOV Master Sheet - Briggs.xlsx",Assumptions & Flags,D27,Approximate balance at Year 10,
"C:\Users\scott\OneDrive - NorthMarq Capital, LLC\Team Briggs - Documents\_WORKFLOW\BOV Master Sheet - Briggs.xlsx",Assumptions & Flags,G27,,NET REVERSION AFTER DEBT
"C:\Users\scott\OneDrive - NorthMarq Capital, LLC\Team Briggs - Documents\_WORKFLOW\BOV Master Sheet - Briggs.xlsx",Assumptions & Flags,I27,,"=IFERROR(IF(OR(I25="""",I26=""""),"""",I25-I26),"""")"
"C:\Users\scott\OneDrive - NorthMarq Capital, LLC\Team Briggs - Documents\_WORKFLOW\BOV Master Sheet - Briggs.xlsx",Assumptions & Flags,B28,Gross Sale Proceeds,
"C:\Users\scott\OneDrive - NorthMarq Capital, LLC\Team Briggs - Documents\_WORKFLOW\BOV Master Sheet - Briggs.xlsx",Assumptions & Flags,D28,Exit NOI ÷ Exit Cap Rate,
"C:\Users\scott\OneDrive - NorthMarq Capital, LLC\Team Briggs - Documents\_WORKFLOW\BOV Master Sheet - Briggs.xlsx",Assumptions & Flags,A29,,PRO FORMA INPUTS  —  EXPENSES
"C:\Users\scott\OneDrive - NorthMarq Capital, LLC\Team Briggs - Documents\_WORKFLOW\BOV Master Sheet - Briggs.xlsx",Assumptions & Flags,G29,,RETURN SUMMARY REFERENCE
"C:\Users\scott\OneDrive - NorthMarq Capital, LLC\Team Briggs - Documents\_WORKFLOW\BOV Master Sheet - Briggs.xlsx",Assumptions & Flags,A30,,Mgmt Fee (%)
"C:\Users\scott\OneDrive - NorthMarq Capital, LLC\Team Briggs - Documents\_WORKFLOW\BOV Master Sheet - Briggs.xlsx",Assumptions & Flags,E30,,Typically 0–3% for NNN
"C:\Users\scott\OneDrive - NorthMarq Capital, LLC\Team Briggs - Documents\_WORKFLOW\BOV Master Sheet - Briggs.xlsx",Assumptions & Flags,G30,,Unleveraged IRR
"C:\Users\scott\OneDrive - NorthMarq Capital, LLC\Team Briggs - Documents\_WORKFLOW\BOV Master Sheet - Briggs.xlsx",Assumptions & Flags,I30,,"=IFERROR('Pro Forma'!C29,""N/A"")"
"C:\Users\scott\OneDrive - NorthMarq Capital, LLC\Team Briggs - Documents\_WORKFLOW\BOV Master Sheet - Briggs.xlsx",Assumptions & Flags,A31,,Capital / Replacement Reserves ($/yr)
"C:\Users\scott\OneDrive - NorthMarq Capital, LLC\Team Briggs - Documents\_WORKFLOW\BOV Master Sheet - Briggs.xlsx",Assumptions & Flags,B31,DISCREPANCY FLAGS,
"C:\Users\scott\OneDrive - NorthMarq Capital, LLC\Team Briggs - Documents\_WORKFLOW\BOV Master Sheet - Briggs.xlsx",Assumptions & Flags,E31,,$0–$0.15/SF typical NNN
"C:\Users\scott\OneDrive - NorthMarq Capital, LLC\Team Briggs - Documents\_WORKFLOW\BOV Master Sheet - Briggs.xlsx",Assumptions & Flags,G31,,Unleveraged ERM
"C:\Users\scott\OneDrive - NorthMarq Capital, LLC\Team Briggs - Documents\_WORKFLOW\BOV Master Sheet - Briggs.xlsx",Assumptions & Flags,I31,,"=IFERROR('Pro Forma'!G29,""N/A"")"
"C:\Users\scott\OneDrive - NorthMarq Capital, LLC\Team Briggs - Documents\_WORKFLOW\BOV Master Sheet - Briggs.xlsx",Assumptions & Flags,A32,,Total Expenses (Y1)
"C:\Users\scott\OneDrive - NorthMarq Capital, LLC\Team Briggs - Documents\_WORKFLOW\BOV Master Sheet - Briggs.xlsx",Assumptions & Flags,B32,ITEM,
"C:\Users\scott\OneDrive - NorthMarq Capital, LLC\Team Briggs - Documents\_WORKFLOW\BOV Master Sheet - Briggs.xlsx",Assumptions & Flags,C32,DESCRIPTION,"=IFERROR(IF(C24="""","""",C24*IFERROR(C30,0)+IFERROR(C31,0)),"""")"
"C:\Users\scott\OneDrive - NorthMarq Capital, LLC\Team Briggs - Documents\_WORKFLOW\BOV Master Sheet - Briggs.xlsx",Assumptions & Flags,D32,RESOLUTION / STATUS,
"C:\Users\scott\OneDrive - NorthMarq Capital, LLC\Team Briggs - Documents\_WORKFLOW\BOV Master Sheet - Briggs.xlsx",Assumptions & Flags,G32,,Unleveraged CoCR
"C:\Users\scott\OneDrive - NorthMarq Capital, LLC\Team Briggs - Documents\_WORKFLOW\BOV Master Sheet - Briggs.xlsx",Assumptions & Flags,I32,,"=IFERROR('Pro Forma'!K29,""N/A"")"
"C:\Users\scott\OneDrive - NorthMarq Capital, LLC\Team Briggs - Documents\_WORKFLOW\BOV Master Sheet - Briggs.xlsx",Assumptions & Flags,A33,,Estimated NOI (Y1)
"C:\Users\scott\OneDrive - NorthMarq Capital, LLC\Team Briggs - Documents\_WORKFLOW\BOV Master Sheet - Briggs.xlsx",Assumptions & Flags,C33,,"=IFERROR(IF(C27="""","""",C27-C32),"""")"
"C:\Users\scott\OneDrive - NorthMarq Capital, LLC\Team Briggs - Documents\_WORKFLOW\BOV Master Sheet - Briggs.xlsx",Assumptions & Flags,G33,,Leveraged IRR
"C:\Users\scott\OneDrive - NorthMarq Capital, LLC\Team Briggs - Documents\_WORKFLOW\BOV Master Sheet - Briggs.xlsx",Assumptions & Flags,I33,,"=IFERROR('Pro Forma'!C43,""N/A"")"
"C:\Users\scott\OneDrive - NorthMarq Capital, LLC\Team Briggs - Documents\_WORKFLOW\BOV Master Sheet - Briggs.xlsx",Assumptions & Flags,G34,,Leveraged ERM
"C:\Users\scott\OneDrive - NorthMarq Capital, LLC\Team Briggs - Documents\_WORKFLOW\BOV Master Sheet - Briggs.xlsx",Assumptions & Flags,I34,,"=IFERROR('Pro Forma'!G43,""N/A"")"
"C:\Users\scott\OneDrive - NorthMarq Capital, LLC\Team Briggs - Documents\_WORKFLOW\BOV Master Sheet - Briggs.xlsx",Assumptions & Flags,A35,,ACQUISITION PRICING
"C:\Users\scott\OneDrive - NorthMarq Capital, LLC\Team Briggs - Documents\_WORKFLOW\BOV Master Sheet - Briggs.xlsx",Assumptions & Flags,G35,,Leveraged CoCR
"C:\Users\scott\OneDrive - NorthMarq Capital, LLC\Team Briggs - Documents\_WORKFLOW\BOV Master Sheet - Briggs.xlsx",Assumptions & Flags,I35,,"=IFERROR('Pro Forma'!K43,""N/A"")"
"C:\Users\scott\OneDrive - NorthMarq Capital, LLC\Team Briggs - Documents\_WORKFLOW\BOV Master Sheet - Briggs.xlsx",Assumptions & Flags,A36,,Purchase Price ($)
"C:\Users\scott\OneDrive - NorthMarq Capital, LLC\Team Briggs - Documents\_WORKFLOW\BOV Master Sheet - Briggs.xlsx",Assumptions & Flags,E36,,Fungible — change to model different scenarios
"C:\Users\scott\OneDrive - NorthMarq Capital, LLC\Team Briggs - Documents\_WORKFLOW\BOV Master Sheet - Briggs.xlsx",Assumptions & Flags,A37,,Going-In Cap Rate
"C:\Users\scott\OneDrive - NorthMarq Capital, LLC\Team Briggs - Documents\_WORKFLOW\BOV Master Sheet - Briggs.xlsx",Assumptions & Flags,C37,,"=IFERROR(IF(OR(C33="""",C36="""",C36=0),"""",C33/C36),"""")"
"C:\Users\scott\OneDrive - NorthMarq Capital, LLC\Team Briggs - Documents\_WORKFLOW\BOV Master Sheet - Briggs.xlsx",Assumptions & Flags,A38,,Price Per SF
"C:\Users\scott\OneDrive - NorthMarq Capital, LLC\Team Briggs - Documents\_WORKFLOW\BOV Master Sheet - Briggs.xlsx",Assumptions & Flags,C38,,"=IFERROR(IF(OR(C36="""",C9="""",C9=0),"""",C36/C9),"""")"
"C:\Users\scott\OneDrive - NorthMarq Capital, LLC\Team Briggs - Documents\_WORKFLOW\BOV Master Sheet - Briggs.xlsx",Assumptions & Flags,E38,,Uses Building SF (row 9 above)
"C:\Users\scott\OneDrive - NorthMarq Capital, LLC\Team Briggs - Documents\_WORKFLOW\BOV Master Sheet - Briggs.xlsx",Assumptions & Flags,A40,,DISCREPANCY FLAGS  —  Note any source conflicts or assumptions below
"C:\Users\scott\OneDrive - NorthMarq Capital, LLC\Team Briggs - Documents\_WORKFLOW\BOV Master Sheet - Briggs.xlsx",Assumptions & Flags,A41,,Flag / Assumption
"C:\Users\scott\OneDrive - NorthMarq Capital, LLC\Team Briggs - Documents\_WORKFLOW\BOV Master Sheet - Briggs.xlsx",Assumptions & Flags,C41,,Description / Resolution
"C:\Users\scott\OneDrive - NorthMarq Capital, LLC\Team Briggs - Documents\_WORKFLOW\BOV Master Sheet - Briggs.xlsx",Assumptions & Flags,B42,DATA SOURCES & HIERARCHY,
"C:\Users\scott\OneDrive - NorthMarq Capital, LLC\Team Briggs - Documents\_WORKFLOW\BOV Master Sheet - Briggs.xlsx",Assumptions & Flags,B43,"1  Signed Executed Lease — HIGHEST AUTHORITY. Governs all rent, term, and expense figures.",
"C:\Users\scott\OneDrive - NorthMarq Capital, LLC\Team Briggs - Documents\_WORKFLOW\BOV Master Sheet - Briggs.xlsx",Assumptions & Flags,B44,2  Bank Statements / Actual Rent Receipts — Use to verify stated rent against collections.,
"C:\Users\scott\OneDrive - NorthMarq Capital, LLC\Team Briggs - Documents\_WORKFLOW\BOV Master Sheet - Briggs.xlsx",Assumptions & Flags,B45,3  Tax Records — Third-party verification of property details.,
"C:\Users\scott\OneDrive - NorthMarq Capital, LLC\Team Briggs - Documents\_WORKFLOW\BOV Master Sheet - Briggs.xlsx",Assumptions & Flags,B46,4  Rent Roll Provided by Owner/Broker — Use with caution; verify against lease.,
"C:\Users\scott\OneDrive - NorthMarq Capital, LLC\Team Briggs - Documents\_WORKFLOW\BOV Master Sheet - Briggs.xlsx",Assumptions & Flags,B47,5  Broker Proposal or OM — LOWEST AUTHORITY. Always verify all figures.,
"C:\Users\scott\OneDrive - NorthMarq Capital, LLC\Team Briggs - Documents\_WORKFLOW\BOV Master Sheet - Briggs.xlsx",Assumptions & Flags,B49,Any conflict between sources must be flagged in the Discrepancy Flags section above.,
"C:\Users\scott\OneDrive - NorthMarq Capital, LLC\Team Briggs - Documents\_WORKFLOW\BOV Master Sheet - Briggs.xlsx",Assumptions & Flags,B50,Never silently resolve source conflicts — document all discrepancies.,
"C:\Users\scott\OneDrive - NorthMarq Capital, LLC\Team Briggs - Documents\_WORKFLOW\BOV Master Sheet - Briggs.xlsx",Cover,B2,Briggs CRE — Broker Opinion of Value,NorthMarq  ·  Investment Sales
"C:\Users\scott\OneDrive - NorthMarq Capital, LLC\Team Briggs - Documents\_WORKFLOW\BOV Master Sheet - Briggs.xlsx",Cover,C2,,Team Briggs
"C:\Users\scott\OneDrive - NorthMarq Capital, LLC\Team Briggs - Documents\_WORKFLOW\BOV Master Sheet - Briggs.xlsx",Cover,B3,Northmarq Investment Sales  ·  BOV Master Workbook,
"C:\Users\scott\OneDrive - NorthMarq Capital, LLC\Team Briggs - Documents\_WORKFLOW\BOV Master Sheet - Briggs.xlsx",Cover,B6,PROPERTY NAME:,Broker Opinion of Value
"C:\Users\scott\OneDrive - NorthMarq Capital, LLC\Team Briggs - Documents\_WORKFLOW\BOV Master Sheet - Briggs.xlsx",Cover,B7,[Enter Property Name],Single-Tenant Net Lease  ·  Investment Analysis Workbook
"C:\Users\scott\OneDrive - NorthMarq Capital, LLC\Team Briggs - Documents\_WORKFLOW\BOV Master Sheet - Briggs.xlsx",Cover,B9,PROPERTY ADDRESS:,PROPERTY / TENANT
"C:\Users\scott\OneDrive - NorthMarq Capital, LLC\Team Briggs - Documents\_WORKFLOW\BOV Master Sheet - Briggs.xlsx",Cover,B10,"[Enter Address, City, State ZIP]","[Tenant Name  —  City, State]"
"C:\Users\scott\OneDrive - NorthMarq Capital, LLC\Team Briggs - Documents\_WORKFLOW\BOV Master Sheet - Briggs.xlsx",Cover,B11,,PROPERTY ADDRESS
"C:\Users\scott\OneDrive - NorthMarq Capital, LLC\Team Briggs - Documents\_WORKFLOW\BOV Master Sheet - Briggs.xlsx",Cover,B12,CLIENT / SELLER:,
"C:\Users\scott\OneDrive - NorthMarq Capital, LLC\Team Briggs - Documents\_WORKFLOW\BOV Master Sheet - Briggs.xlsx",Cover,B13,[Enter Client Name],CLIENT / SELLER
"C:\Users\scott\OneDrive - NorthMarq Capital, LLC\Team Briggs - Documents\_WORKFLOW\BOV Master Sheet - Briggs.xlsx",Cover,B15,ASSET TYPE:,ASSET TYPE
"C:\Users\scott\OneDrive - NorthMarq Capital, LLC\Team Briggs - Documents\_WORKFLOW\BOV Master Sheet - Briggs.xlsx",Cover,B16,[Single-Tenant NNN  |  Multi-Tenant MOB  |  Ground Lease],Single-Tenant NNN
"C:\Users\scott\OneDrive - NorthMarq Capital, LLC\Team Briggs - Documents\_WORKFLOW\BOV Master Sheet - Briggs.xlsx",Cover,B17,,ANALYSIS DATE
"C:\Users\scott\OneDrive - NorthMarq Capital, LLC\Team Briggs - Documents\_WORKFLOW\BOV Master Sheet - Briggs.xlsx",Cover,B18,ANALYSIS DATE:,
"C:\Users\scott\OneDrive - NorthMarq Capital, LLC\Team Briggs - Documents\_WORKFLOW\BOV Master Sheet - Briggs.xlsx",Cover,B19,[MM/DD/YYYY],PREPARED BY
"C:\Users\scott\OneDrive - NorthMarq Capital, LLC\Team Briggs - Documents\_WORKFLOW\BOV Master Sheet - Briggs.xlsx",Cover,B20,,"Scott Briggs  ·  SVP, Commercial Investment Sales  ·  NorthMarq"
"C:\Users\scott\OneDrive - NorthMarq Capital, LLC\Team Briggs - Documents\_WORKFLOW\BOV Master Sheet - Briggs.xlsx",Cover,B21,PREPARED BY:,ANALYST
"C:\Users\scott\OneDrive - NorthMarq Capital, LLC\Team Briggs - Documents\_WORKFLOW\BOV Master Sheet - Briggs.xlsx",Cover,B22,Scott Briggs  ·  Investment Sales Advisor  ·  Northmarq,Sarah Martin
"C:\Users\scott\OneDrive - NorthMarq Capital, LLC\Team Briggs - Documents\_WORKFLOW\BOV Master Sheet - Briggs.xlsx",Cover,B24,ANALYST:,THREE LEGS OF THE STOOL  —  WORKBOOK STRUCTURE
"C:\Users\scott\OneDrive - NorthMarq Capital, LLC\Team Briggs - Documents\_WORKFLOW\BOV Master Sheet - Briggs.xlsx",Cover,B25,[Enter Analyst Name],LEG 1  —  REAL ESTATE FUNDAMENTALS
"C:\Users\scott\OneDrive - NorthMarq Capital, LLC\Team Briggs - Documents\_WORKFLOW\BOV Master Sheet - Briggs.xlsx",Cover,B26,,Underlying value of the physical property; highest & best use; contractual vs. prevailing market rents; long-term value generator.
"C:\Users\scott\OneDrive - NorthMarq Capital, LLC\Team Briggs - Documents\_WORKFLOW\BOV Master Sheet - Briggs.xlsx",Cover,B27,,→
"C:\Users\scott\OneDrive - NorthMarq Capital, LLC\Team Briggs - Documents\_WORKFLOW\BOV Master Sheet - Briggs.xlsx",Cover,C27,,"=HYPERLINK(""#'Real Estate'!A1"",""Real Estate"")"
"C:\Users\scott\OneDrive - NorthMarq Capital, LLC\Team Briggs - Documents\_WORKFLOW\BOV Master Sheet - Briggs.xlsx",Cover,B28,WORKBOOK STRUCTURE,
"C:\Users\scott\OneDrive - NorthMarq Capital, LLC\Team Briggs - Documents\_WORKFLOW\BOV Master Sheet - Briggs.xlsx",Cover,B29,  Tab 1: Cover  —  Property identification and workbook guide,LEG 2  —  ECONOMICS OF THE LEASE
"C:\Users\scott\OneDrive - NorthMarq Capital, LLC\Team Briggs - Documents\_WORKFLOW\BOV Master Sheet - Briggs.xlsx",Cover,B30,  Tab 2: Executive Summary  —  Investment Snapshot + Pricing Strategy tables,"Contractual terms, obligations, and protections imposed on or granted to the Landlord. Better terms → greater value."
"C:\Users\scott\OneDrive - NorthMarq Capital, LLC\Team Briggs - Documents\_WORKFLOW\BOV Master Sheet - Briggs.xlsx",Cover,B31,"  Tab 3: Lease Abstract  —  Lease terms, options, expense responsibilities",→
"C:\Users\scott\OneDrive - NorthMarq Capital, LLC\Team Briggs - Documents\_WORKFLOW\BOV Master Sheet - Briggs.xlsx",Cover,C31,,"=HYPERLINK(""#'Lease Abstract'!A1"",""Lease Abstract"")"
"C:\Users\scott\OneDrive - NorthMarq Capital, LLC\Team Briggs - Documents\_WORKFLOW\BOV Master Sheet - Briggs.xlsx",Cover,B32,  Tab 4: Rent Schedule  —  Year-by-year rent schedule with contracted/projected periods,→
"C:\Users\scott\OneDrive - NorthMarq Capital, LLC\Team Briggs - Documents\_WORKFLOW\BOV Master Sheet - Briggs.xlsx",Cover,C32,,"=HYPERLINK(""#'Rent Schedule'!A1"",""Rent Schedule"")"
"C:\Users\scott\OneDrive - NorthMarq Capital, LLC\Team Briggs - Documents\_WORKFLOW\BOV Master Sheet - Briggs.xlsx",Cover,B33,  Tab 5: Pro Forma  —  Full 10-year investment model: Revenue → NOI → Returns,
"C:\Users\scott\OneDrive - NorthMarq Capital, LLC\Team Briggs - Documents\_WORKFLOW\BOV Master Sheet - Briggs.xlsx",Cover,B34,"  Tab 6: Assumptions & Flags  —  All key inputs, data sources, discrepancy flags",LEG 3  —  TENANT & GUARANTOR CREDIT
"C:\Users\scott\OneDrive - NorthMarq Capital, LLC\Team Briggs - Documents\_WORKFLOW\BOV Master Sheet - Briggs.xlsx",Cover,B35,,"Corporate credit quality, unit-level performance (sales / EBITDA), and importance of this location to the enterprise."
"C:\Users\scott\OneDrive - NorthMarq Capital, LLC\Team Briggs - Documents\_WORKFLOW\BOV Master Sheet - Briggs.xlsx",Cover,B36,FILL COLOR CONVENTIONS,→
"C:\Users\scott\OneDrive - NorthMarq Capital, LLC\Team Briggs - Documents\_WORKFLOW\BOV Master Sheet - Briggs.xlsx",Cover,C36,,"=HYPERLINK(""#'Credit'!A1"",""Credit"")"
"C:\Users\scott\OneDrive - NorthMarq Capital, LLC\Team Briggs - Documents\_WORKFLOW\BOV Master Sheet - Briggs.xlsx",Cover,B37,  NM Blue 12 fill  —  Contracted / executed lease periods,
"C:\Users\scott\OneDrive - NorthMarq Capital, LLC\Team Briggs - Documents\_WORKFLOW\BOV Master Sheet - Briggs.xlsx",Cover,B38,  Tourmaline fill  —  Renewal / option / projection periods,SYNTHESIS  —  ANALYSIS & MODEL
"C:\Users\scott\OneDrive - NorthMarq Capital, LLC\Team Briggs - Documents\_WORKFLOW\BOV Master Sheet - Briggs.xlsx",Cover,B39,  Yellow fill  —  Key input assumptions,→
"C:\Users\scott\OneDrive - NorthMarq Capital, LLC\Team Briggs - Documents\_WORKFLOW\BOV Master Sheet - Briggs.xlsx",Cover,C39,,"=HYPERLINK(""#'Executive Summary'!A1"",""Executive Summary"")"
"C:\Users\scott\OneDrive - NorthMarq Capital, LLC\Team Briggs - Documents\_WORKFLOW\BOV Master Sheet - Briggs.xlsx",Cover,B40,  Blue text  —  Input cells (enter data here),→
"C:\Users\scott\OneDrive - NorthMarq Capital, LLC\Team Briggs - Documents\_WORKFLOW\BOV Master Sheet - Briggs.xlsx",Cover,C40,,"=HYPERLINK(""#'Pro Forma'!A1"",""Pro Forma"")"
"C:\Users\scott\OneDrive - NorthMarq Capital, LLC\Team Briggs - Documents\_WORKFLOW\BOV Master Sheet - Briggs.xlsx",Cover,B41,,→
"C:\Users\scott\OneDrive - NorthMarq Capital, LLC\Team Briggs - Documents\_WORKFLOW\BOV Master Sheet - Briggs.xlsx",Cover,C41,,"=HYPERLINK(""#'Assumptions & Flags'!A1"",""Assumptions & Flags"")"
"C:\Users\scott\OneDrive - NorthMarq Capital, LLC\Team Briggs - Documents\_WORKFLOW\BOV Master Sheet - Briggs.xlsx",Cover,B42,,→
"C:\Users\scott\OneDrive - NorthMarq Capital, LLC\Team Briggs - Documents\_WORKFLOW\BOV Master Sheet - Briggs.xlsx",Cover,C42,,"=HYPERLINK(""#'Sensitivity Analysis'!A1"",""Sensitivity Analysis"")"
"C:\Users\scott\OneDrive - NorthMarq Capital, LLC\Team Briggs - Documents\_WORKFLOW\BOV Master Sheet - Briggs.xlsx",Cover,B43,,→
"C:\Users\scott\OneDrive - NorthMarq Capital, LLC\Team Briggs - Documents\_WORKFLOW\BOV Master Sheet - Briggs.xlsx",Cover,C43,,"=HYPERLINK(""#'Amortization'!A1"",""Amortization"")"
"C:\Users\scott\OneDrive - NorthMarq Capital, LLC\Team Briggs - Documents\_WORKFLOW\BOV Master Sheet - Briggs.xlsx",Cover,B45,,COLOR CONVENTIONS
"C:\Users\scott\OneDrive - NorthMarq Capital, LLC\Team Briggs - Documents\_WORKFLOW\BOV Master Sheet - Briggs.xlsx",Cover,B46,,  NM Blue fill
"C:\Users\scott\OneDrive - NorthMarq Capital, LLC\Team Briggs - Documents\_WORKFLOW\BOV Master Sheet - Briggs.xlsx",Cover,C46,,Contracted / executed lease periods
"C:\Users\scott\OneDrive - NorthMarq Capital, LLC\Team Briggs - Documents\_WORKFLOW\BOV Master Sheet - Briggs.xlsx",Cover,B47,,  Gold fill
"C:\Users\scott\OneDrive - NorthMarq Capital, LLC\Team Briggs - Documents\_WORKFLOW\BOV Master Sheet - Briggs.xlsx",Cover,C47,,Renewal / option / projection periods
"C:\Users\scott\OneDrive - NorthMarq Capital, LLC\Team Briggs - Documents\_WORKFLOW\BOV Master Sheet - Briggs.xlsx",Cover,B48,,  Yellow fill
"C:\Users\scott\OneDrive - NorthMarq Capital, LLC\Team Briggs - Documents\_WORKFLOW\BOV Master Sheet - Briggs.xlsx",Cover,C48,,Input cells — clears automatically when filled
"C:\Users\scott\OneDrive - NorthMarq Capital, LLC\Team Briggs - Documents\_WORKFLOW\BOV Master Sheet - Briggs.xlsx",Cover,B49,,  Blue text
"C:\Users\scott\OneDrive - NorthMarq Capital, LLC\Team Briggs - Documents\_WORKFLOW\BOV Master Sheet - Briggs.xlsx",Cover,C49,,User-entry fields
"C:\Users\scott\OneDrive - NorthMarq Capital, LLC\Team Briggs - Documents\_WORKFLOW\BOV Master Sheet - Briggs.xlsx",Cover,B50,,  Muted italic
"C:\Users\scott\OneDrive - NorthMarq Capital, LLC\Team Briggs - Documents\_WORKFLOW\BOV Master Sheet - Briggs.xlsx",Cover,C50,,Calculated / formula cells — do not edit
"C:\Users\scott\OneDrive - NorthMarq Capital, LLC\Team Briggs - Documents\_WORKFLOW\BOV Master Sheet - Briggs.xlsx",Credit,*,<missing sheet>,<added sheet>
"C:\Users\scott\OneDrive - NorthMarq Capital, LLC\Team Briggs - Documents\_WORKFLOW\BOV Master Sheet - Briggs.xlsx",Executive Summary,B1,,Executive Summary
"C:\Users\scott\OneDrive - NorthMarq Capital, LLC\Team Briggs - Documents\_WORKFLOW\BOV Master Sheet - Briggs.xlsx",Executive Summary,B2,Executive Summary,"[Tenant Name  —  City, State]  ·  Investment Snapshot  ·  [Analysis Date]"
"C:\Users\scott\OneDrive - NorthMarq Capital, LLC\Team Briggs - Documents\_WORKFLOW\BOV Master Sheet - Briggs.xlsx",Executive Summary,B3,[Property Name]  ·  Investment Snapshot  ·  [Analysis Date],
"C:\Users\scott\OneDrive - NorthMarq Capital, LLC\Team Briggs - Documents\_WORKFLOW\BOV Master Sheet - Briggs.xlsx",Executive Summary,B4,,INVESTMENT SNAPSHOT
"C:\Users\scott\OneDrive - NorthMarq Capital, LLC\Team Briggs - Documents\_WORKFLOW\BOV Master Sheet - Briggs.xlsx",Executive Summary,B5,,Property Name / Tenant
"C:\Users\scott\OneDrive - NorthMarq Capital, LLC\Team Briggs - Documents\_WORKFLOW\BOV Master Sheet - Briggs.xlsx",Executive Summary,B6,INVESTMENT SNAPSHOT,Property Address
"C:\Users\scott\OneDrive - NorthMarq Capital, LLC\Team Briggs - Documents\_WORKFLOW\BOV Master Sheet - Briggs.xlsx",Executive Summary,B7,Property Name,"City, State"
"C:\Users\scott\OneDrive - NorthMarq Capital, LLC\Team Briggs - Documents\_WORKFLOW\BOV Master Sheet - Briggs.xlsx",Executive Summary,C7,=Cover!B7,
"C:\Users\scott\OneDrive - NorthMarq Capital, LLC\Team Briggs - Documents\_WORKFLOW\BOV Master Sheet - Briggs.xlsx",Executive Summary,B8,Property Address,Asset Type
"C:\Users\scott\OneDrive - NorthMarq Capital, LLC\Team Briggs - Documents\_WORKFLOW\BOV Master Sheet - Briggs.xlsx",Executive Summary,C8,=Cover!B10,Single-Tenant NNN
"C:\Users\scott\OneDrive - NorthMarq Capital, LLC\Team Briggs - Documents\_WORKFLOW\BOV Master Sheet - Briggs.xlsx",Executive Summary,B9,Property Type / Use,Year Built
"C:\Users\scott\OneDrive - NorthMarq Capital, LLC\Team Briggs - Documents\_WORKFLOW\BOV Master Sheet - Briggs.xlsx",Executive Summary,C9,=Cover!B16,
"C:\Users\scott\OneDrive - NorthMarq Capital, LLC\Team Briggs - Documents\_WORKFLOW\BOV Master Sheet - Briggs.xlsx",Executive Summary,B10,Asset Class,Total GLA / RBA (SF)
"C:\Users\scott\OneDrive - NorthMarq Capital, LLC\Team Briggs - Documents\_WORKFLOW\BOV Master Sheet - Briggs.xlsx",Executive Summary,C10,[NNN / MOB / Ground Lease],
"C:\Users\scott\OneDrive - NorthMarq Capital, LLC\Team Briggs - Documents\_WORKFLOW\BOV Master Sheet - Briggs.xlsx",Executive Summary,B11,Year Built,Land Area (Acres)
"C:\Users\scott\OneDrive - NorthMarq Capital, LLC\Team Briggs - Documents\_WORKFLOW\BOV Master Sheet - Briggs.xlsx",Executive Summary,C11,[YYYY],
"C:\Users\scott\OneDrive - NorthMarq Capital, LLC\Team Briggs - Documents\_WORKFLOW\BOV Master Sheet - Briggs.xlsx",Executive Summary,B12,Total GLA / RBA (SF),Lease Type
"C:\Users\scott\OneDrive - NorthMarq Capital, LLC\Team Briggs - Documents\_WORKFLOW\BOV Master Sheet - Briggs.xlsx",Executive Summary,C12,='Assumptions & Flags'!C7,NNN
"C:\Users\scott\OneDrive - NorthMarq Capital, LLC\Team Briggs - Documents\_WORKFLOW\BOV Master Sheet - Briggs.xlsx",Executive Summary,B13,Tenant Name,Lease Commencement
"C:\Users\scott\OneDrive - NorthMarq Capital, LLC\Team Briggs - Documents\_WORKFLOW\BOV Master Sheet - Briggs.xlsx",Executive Summary,C13,[Enter Tenant Name],
"C:\Users\scott\OneDrive - NorthMarq Capital, LLC\Team Briggs - Documents\_WORKFLOW\BOV Master Sheet - Briggs.xlsx",Executive Summary,B14,Lease Type,Lease Expiration
"C:\Users\scott\OneDrive - NorthMarq Capital, LLC\Team Briggs - Documents\_WORKFLOW\BOV Master Sheet - Briggs.xlsx",Executive Summary,C14,[NNN / MG / Gross],
"C:\Users\scott\OneDrive - NorthMarq Capital, LLC\Team Briggs - Documents\_WORKFLOW\BOV Master Sheet - Briggs.xlsx",Executive Summary,B15,Lease Commencement,Remaining Term
"C:\Users\scott\OneDrive - NorthMarq Capital, LLC\Team Briggs - Documents\_WORKFLOW\BOV Master Sheet - Briggs.xlsx",Executive Summary,C15,='Lease Abstract'!C8,
"C:\Users\scott\OneDrive - NorthMarq Capital, LLC\Team Briggs - Documents\_WORKFLOW\BOV Master Sheet - Briggs.xlsx",Executive Summary,B16,Lease Expiration,Year 1 Annual Rent
"C:\Users\scott\OneDrive - NorthMarq Capital, LLC\Team Briggs - Documents\_WORKFLOW\BOV Master Sheet - Briggs.xlsx",Executive Summary,C16,='Lease Abstract'!C9,
"C:\Users\scott\OneDrive - NorthMarq Capital, LLC\Team Briggs - Documents\_WORKFLOW\BOV Master Sheet - Briggs.xlsx",Executive Summary,B17,Remaining Term,Year 1 NOI
"C:\Users\scott\OneDrive - NorthMarq Capital, LLC\Team Briggs - Documents\_WORKFLOW\BOV Master Sheet - Briggs.xlsx",Executive Summary,C17,='Rent Schedule'!E6,
"C:\Users\scott\OneDrive - NorthMarq Capital, LLC\Team Briggs - Documents\_WORKFLOW\BOV Master Sheet - Briggs.xlsx",Executive Summary,B18,Year 1 NOI,Tenant / Guarantor
"C:\Users\scott\OneDrive - NorthMarq Capital, LLC\Team Briggs - Documents\_WORKFLOW\BOV Master Sheet - Briggs.xlsx",Executive Summary,C18,='Pro Forma'!D26,
"C:\Users\scott\OneDrive - NorthMarq Capital, LLC\Team Briggs - Documents\_WORKFLOW\BOV Master Sheet - Briggs.xlsx",Executive Summary,B19,Year 1 NOI / SF,Credit Rating
"C:\Users\scott\OneDrive - NorthMarq Capital, LLC\Team Briggs - Documents\_WORKFLOW\BOV Master Sheet - Briggs.xlsx",Executive Summary,C19,"=IFERROR('Pro Forma'!D26/'Assumptions & Flags'!C7,"""")",
"C:\Users\scott\OneDrive - NorthMarq Capital, LLC\Team Briggs - Documents\_WORKFLOW\BOV Master Sheet - Briggs.xlsx",Executive Summary,B20,Implied Going-in Cap,
"C:\Users\scott\OneDrive - NorthMarq Capital, LLC\Team Briggs - Documents\_WORKFLOW\BOV Master Sheet - Briggs.xlsx",Executive Summary,C20,"=IFERROR('Pro Forma'!D26/'Assumptions & Flags'!C6,"""")",
"C:\Users\scott\OneDrive - NorthMarq Capital, LLC\Team Briggs - Documents\_WORKFLOW\BOV Master Sheet - Briggs.xlsx",Executive Summary,B21,,PRICING STRATEGY
"C:\Users\scott\OneDrive - NorthMarq Capital, LLC\Team Briggs - Documents\_WORKFLOW\BOV Master Sheet - Briggs.xlsx",Executive Summary,B22,,RECOMMENDED ASKING PRICE
"C:\Users\scott\OneDrive - NorthMarq Capital, LLC\Team Briggs - Documents\_WORKFLOW\BOV Master Sheet - Briggs.xlsx",Executive Summary,B23,PRICING STRATEGY,
"C:\Users\scott\OneDrive - NorthMarq Capital, LLC\Team Briggs - Documents\_WORKFLOW\BOV Master Sheet - Briggs.xlsx",Executive Summary,C23,,CAP RATE
"C:\Users\scott\OneDrive - NorthMarq Capital, LLC\Team Briggs - Documents\_WORKFLOW\BOV Master Sheet - Briggs.xlsx",Executive Summary,D23,,PRICE
"C:\Users\scott\OneDrive - NorthMarq Capital, LLC\Team Briggs - Documents\_WORKFLOW\BOV Master Sheet - Briggs.xlsx",Executive Summary,E23,PRICE,PRICE / SF
"C:\Users\scott\OneDrive - NorthMarq Capital, LLC\Team Briggs - Documents\_WORKFLOW\BOV Master Sheet - Briggs.xlsx",Executive Summary,F23,CAP RATE,NOI
"C:\Users\scott\OneDrive - NorthMarq Capital, LLC\Team Briggs - Documents\_WORKFLOW\BOV Master Sheet - Briggs.xlsx",Executive Summary,B24,Scenario,Asking Price
"C:\Users\scott\OneDrive - NorthMarq Capital, LLC\Team Briggs - Documents\_WORKFLOW\BOV Master Sheet - Briggs.xlsx",Executive Summary,C24,,"=IFERROR(IF('Assumptions & Flags'!$C$16="""","""",'Assumptions & Flags'!$C$16),"""")"
"C:\Users\scott\OneDrive - NorthMarq Capital, LLC\Team Briggs - Documents\_WORKFLOW\BOV Master Sheet - Briggs.xlsx",Executive Summary,D24,,"=IFERROR(IF(OR('Assumptions & Flags'!$C$33="""",C24="""",C24=0),"""",'Assumptions & Flags'!$C$33/C24),"""")"
"C:\Users\scott\OneDrive - NorthMarq Capital, LLC\Team Briggs - Documents\_WORKFLOW\BOV Master Sheet - Briggs.xlsx",Executive Summary,E24,Gross Sale Price,"=IFERROR(IF(OR(D24="""",'Assumptions & Flags'!$C$9="""",'Assumptions & Flags'!$C$9=0),"""",D24/'Assumptions & Flags'!$C$9),"""")"
"C:\Users\scott\OneDrive - NorthMarq Capital, LLC\Team Briggs - Documents\_WORKFLOW\BOV Master Sheet - Briggs.xlsx",Executive Summary,F24,Going-in Cap,"=IFERROR(IF('Assumptions & Flags'!$C$33="""","""",'Assumptions & Flags'!$C$33),"""")"
"C:\Users\scott\OneDrive - NorthMarq Capital, LLC\Team Briggs - Documents\_WORKFLOW\BOV Master Sheet - Briggs.xlsx",Executive Summary,B25,Low — Floor Value,
"C:\Users\scott\OneDrive - NorthMarq Capital, LLC\Team Briggs - Documents\_WORKFLOW\BOV Master Sheet - Briggs.xlsx",Executive Summary,F25,"=IFERROR('Pro Forma'!D29/E25,"""")",
"C:\Users\scott\OneDrive - NorthMarq Capital, LLC\Team Briggs - Documents\_WORKFLOW\BOV Master Sheet - Briggs.xlsx",Executive Summary,B26,Mid — Recommended Value,EXPECTED TRADE RANGE
"C:\Users\scott\OneDrive - NorthMarq Capital, LLC\Team Briggs - Documents\_WORKFLOW\BOV Master Sheet - Briggs.xlsx",Executive Summary,F26,"=IFERROR('Pro Forma'!D29/E26,"""")",
"C:\Users\scott\OneDrive - NorthMarq Capital, LLC\Team Briggs - Documents\_WORKFLOW\BOV Master Sheet - Briggs.xlsx",Executive Summary,B27,High — Stretch Value,
"C:\Users\scott\OneDrive - NorthMarq Capital, LLC\Team Briggs - Documents\_WORKFLOW\BOV Master Sheet - Briggs.xlsx",Executive Summary,C27,,CAP RATE
"C:\Users\scott\OneDrive - NorthMarq Capital, LLC\Team Briggs - Documents\_WORKFLOW\BOV Master Sheet - Briggs.xlsx",Executive Summary,D27,,PRICE
"C:\Users\scott\OneDrive - NorthMarq Capital, LLC\Team Briggs - Documents\_WORKFLOW\BOV Master Sheet - Briggs.xlsx",Executive Summary,E27,,PRICE / SF
"C:\Users\scott\OneDrive - NorthMarq Capital, LLC\Team Briggs - Documents\_WORKFLOW\BOV Master Sheet - Briggs.xlsx",Executive Summary,F27,"=IFERROR('Pro Forma'!D29/E27,"""")",NOTES
"C:\Users\scott\OneDrive - NorthMarq Capital, LLC\Team Briggs - Documents\_WORKFLOW\BOV Master Sheet - Briggs.xlsx",Executive Summary,B28,,Low Indication
"C:\Users\scott\OneDrive - NorthMarq Capital, LLC\Team Briggs - Documents\_WORKFLOW\BOV Master Sheet - Briggs.xlsx",Executive Summary,D28,,"=IFERROR(IF(OR('Assumptions & Flags'!$C$33="""",C28="""",C28=0),"""",'Assumptions & Flags'!$C$33/C28),"""")"
"C:\Users\scott\OneDrive - NorthMarq Capital, LLC\Team Briggs - Documents\_WORKFLOW\BOV Master Sheet - Briggs.xlsx",Executive Summary,E28,,"=IFERROR(IF(OR(D28="""",'Assumptions & Flags'!$C$9="""",'Assumptions & Flags'!$C$9=0),"""",D28/'Assumptions & Flags'!$C$9),"""")"
"C:\Users\scott\OneDrive - NorthMarq Capital, LLC\Team Briggs - Documents\_WORKFLOW\BOV Master Sheet - Briggs.xlsx",Executive Summary,B29,BROKER RECOMMENDATION:,High Indication
"C:\Users\scott\OneDrive - NorthMarq Capital, LLC\Team Briggs - Documents\_WORKFLOW\BOV Master Sheet - Briggs.xlsx",Executive Summary,C29,[State pricing recommendation and rationale],
"C:\Users\scott\OneDrive - NorthMarq Capital, LLC\Team Briggs - Documents\_WORKFLOW\BOV Master Sheet - Briggs.xlsx",Executive Summary,D29,,"=IFERROR(IF(OR('Assumptions & Flags'!$C$33="""",C29="""",C29=0),"""",'Assumptions & Flags'!$C$33/C29),"""")"
"C:\Users\scott\OneDrive - NorthMarq Capital, LLC\Team Briggs - Documents\_WORKFLOW\BOV Master Sheet - Briggs.xlsx",Executive Summary,E29,,"=IFERROR(IF(OR(D29="""",'Assumptions & Flags'!$C$9="""",'Assumptions & Flags'!$C$9=0),"""",D29/'Assumptions & Flags'!$C$9),"""")"
"C:\Users\scott\OneDrive - NorthMarq Capital, LLC\Team Briggs - Documents\_WORKFLOW\BOV Master Sheet - Briggs.xlsx",Executive Summary,C30,"[Enter pricing rationale: comparable cap rates, market conditions, tenant credit, lease term remaining, etc.]",
"C:\Users\scott\OneDrive - NorthMarq Capital, LLC\Team Briggs - Documents\_WORKFLOW\BOV Master Sheet - Briggs.xlsx",Executive Summary,B31,,BROKER RECOMMENDATION
"C:\Users\scott\OneDrive - NorthMarq Capital, LLC\Team Briggs - Documents\_WORKFLOW\BOV Master Sheet - Briggs.xlsx",Executive Summary,B32,,"[Enter pricing recommendation and rationale. Include comparable cap rates, market conditions, tenant credit, lease term remaining, and the competitive bid landscape expected to drive pricing into or beyond the indicated trade range.]"
"C:\Users\scott\OneDrive - NorthMarq Capital, LLC\Team Briggs - Documents\_WORKFLOW\BOV Master Sheet - Briggs.xlsx",Executive Summary,B34,,ENGAGEMENT PROPOSAL
"C:\Users\scott\OneDrive - NorthMarq Capital, LLC\Team Briggs - Documents\_WORKFLOW\BOV Master Sheet - Briggs.xlsx",Executive Summary,B35,,TERM
"C:\Users\scott\OneDrive - NorthMarq Capital, LLC\Team Briggs - Documents\_WORKFLOW\BOV Master Sheet - Briggs.xlsx",Executive Summary,C35,,DETAIL
"C:\Users\scott\OneDrive - NorthMarq Capital, LLC\Team Briggs - Documents\_WORKFLOW\BOV Master Sheet - Briggs.xlsx",Executive Summary,B36,,Listing Type
"C:\Users\scott\OneDrive - NorthMarq Capital, LLC\Team Briggs - Documents\_WORKFLOW\BOV Master Sheet - Briggs.xlsx",Executive Summary,C36,,Exclusive Right to Sell
"C:\Users\scott\OneDrive - NorthMarq Capital, LLC\Team Briggs - Documents\_WORKFLOW\BOV Master Sheet - Briggs.xlsx",Executive Summary,B37,,Brokerage Commission
"C:\Users\scott\OneDrive - NorthMarq Capital, LLC\Team Briggs - Documents\_WORKFLOW\BOV Master Sheet - Briggs.xlsx",Executive Summary,C37,,"[X]% of Gross Sales Price, Payable by Seller at Closing — Split 50/50 Between Procuring Broker and Listing Broker"
"C:\Users\scott\OneDrive - NorthMarq Capital, LLC\Team Briggs - Documents\_WORKFLOW\BOV Master Sheet - Briggs.xlsx",Executive Summary,B38,,Transactional Brokerage Discount
"C:\Users\scott\OneDrive - NorthMarq Capital, LLC\Team Briggs - Documents\_WORKFLOW\BOV Master Sheet - Briggs.xlsx",Executive Summary,C38,,"[X]% of Gross Sales Price, Payable by Seller at Closing — Applicable When Team Briggs Represents Both Buyer and Seller in the Transaction"
"C:\Users\scott\OneDrive - NorthMarq Capital, LLC\Team Briggs - Documents\_WORKFLOW\BOV Master Sheet - Briggs.xlsx",Executive Summary,B39,,Listing Agreement Term
"C:\Users\scott\OneDrive - NorthMarq Capital, LLC\Team Briggs - Documents\_WORKFLOW\BOV Master Sheet - Briggs.xlsx",Executive Summary,C39,,Six (6) Months
"C:\Users\scott\OneDrive - NorthMarq Capital, LLC\Team Briggs - Documents\_WORKFLOW\BOV Master Sheet - Briggs.xlsx",Executive Summary,B40,,Additional Terms
"C:\Users\scott\OneDrive - NorthMarq Capital, LLC\Team Briggs - Documents\_WORKFLOW\BOV Master Sheet - Briggs.xlsx",Executive Summary,C40,,All Marketing and Pursuit Costs Paid by NorthMarq Commercial in Advance Regardless of Closing
"C:\Users\scott\OneDrive - NorthMarq Capital, LLC\Team Briggs - Documents\_WORKFLOW\BOV Master Sheet - Briggs.xlsx",Lease Abstract,B2,Lease Abstract,LEASE ABSTRACT
"C:\Users\scott\OneDrive - NorthMarq Capital, LLC\Team Briggs - Documents\_WORKFLOW\BOV Master Sheet - Briggs.xlsx",Lease Abstract,B3,Source: Executed Lease Agreement  ·  Discrepancies documented in Assumptions & Flags tab,"Leg 2 of 3  ·  Executed lease terms, obligations, and economics  ·  Short-form summary at top  ·  Full article-by-article abstract below"
"C:\Users\scott\OneDrive - NorthMarq Capital, LLC\Team Briggs - Documents\_WORKFLOW\BOV Master Sheet - Briggs.xlsx",Lease Abstract,B5,,"SHORT-FORM SUMMARY  —  For BOV, OM, or Valuation Memo"
"C:\Users\scott\OneDrive - NorthMarq Capital, LLC\Team Briggs - Documents\_WORKFLOW\BOV Master Sheet - Briggs.xlsx",Lease Abstract,B6,PROPERTY INFORMATION,
"C:\Users\scott\OneDrive - NorthMarq Capital, LLC\Team Briggs - Documents\_WORKFLOW\BOV Master Sheet - Briggs.xlsx",Lease Abstract,C6,,PROVISION
"C:\Users\scott\OneDrive - NorthMarq Capital, LLC\Team Briggs - Documents\_WORKFLOW\BOV Master Sheet - Briggs.xlsx",Lease Abstract,D6,,ABBREVIATED SUMMARY
"C:\Users\scott\OneDrive - NorthMarq Capital, LLC\Team Briggs - Documents\_WORKFLOW\BOV Master Sheet - Briggs.xlsx",Lease Abstract,B7,Property Name,
"C:\Users\scott\OneDrive - NorthMarq Capital, LLC\Team Briggs - Documents\_WORKFLOW\BOV Master Sheet - Briggs.xlsx",Lease Abstract,C7,[Enter Property Name],Tenant (Lease)
"C:\Users\scott\OneDrive - NorthMarq Capital, LLC\Team Briggs - Documents\_WORKFLOW\BOV Master Sheet - Briggs.xlsx",Lease Abstract,B8,Property Address,
"C:\Users\scott\OneDrive - NorthMarq Capital, LLC\Team Briggs - Documents\_WORKFLOW\BOV Master Sheet - Briggs.xlsx",Lease Abstract,C8,"[Enter Address, City, State ZIP]",Guarantor
"C:\Users\scott\OneDrive - NorthMarq Capital, LLC\Team Briggs - Documents\_WORKFLOW\BOV Master Sheet - Briggs.xlsx",Lease Abstract,B9,Submarket,
"C:\Users\scott\OneDrive - NorthMarq Capital, LLC\Team Briggs - Documents\_WORKFLOW\BOV Master Sheet - Briggs.xlsx",Lease Abstract,C9,[Enter Submarket],Lease Type
"C:\Users\scott\OneDrive - NorthMarq Capital, LLC\Team Briggs - Documents\_WORKFLOW\BOV Master Sheet - Briggs.xlsx",Lease Abstract,B10,GLA / RBA,
"C:\Users\scott\OneDrive - NorthMarq Capital, LLC\Team Briggs - Documents\_WORKFLOW\BOV Master Sheet - Briggs.xlsx",Lease Abstract,C10,,Lease Commencement
"C:\Users\scott\OneDrive - NorthMarq Capital, LLC\Team Briggs - Documents\_WORKFLOW\BOV Master Sheet - Briggs.xlsx",Lease Abstract,B11,Year Built,
"C:\Users\scott\OneDrive - NorthMarq Capital, LLC\Team Briggs - Documents\_WORKFLOW\BOV Master Sheet - Briggs.xlsx",Lease Abstract,C11,,Lease Expiration
"C:\Users\scott\OneDrive - NorthMarq Capital, LLC\Team Briggs - Documents\_WORKFLOW\BOV Master Sheet - Briggs.xlsx",Lease Abstract,B12,Parcel APN,
"C:\Users\scott\OneDrive - NorthMarq Capital, LLC\Team Briggs - Documents\_WORKFLOW\BOV Master Sheet - Briggs.xlsx",Lease Abstract,C12,[APN #],Remaining Lease Term
"C:\Users\scott\OneDrive - NorthMarq Capital, LLC\Team Briggs - Documents\_WORKFLOW\BOV Master Sheet - Briggs.xlsx",Lease Abstract,C13,,Year 1 Base Rent
"C:\Users\scott\OneDrive - NorthMarq Capital, LLC\Team Briggs - Documents\_WORKFLOW\BOV Master Sheet - Briggs.xlsx",Lease Abstract,B14,TENANT INFORMATION,
"C:\Users\scott\OneDrive - NorthMarq Capital, LLC\Team Briggs - Documents\_WORKFLOW\BOV Master Sheet - Briggs.xlsx",Lease Abstract,C14,,Rent Escalations
"C:\Users\scott\OneDrive - NorthMarq Capital, LLC\Team Briggs - Documents\_WORKFLOW\BOV Master Sheet - Briggs.xlsx",Lease Abstract,B15,Tenant / Operator,
"C:\Users\scott\OneDrive - NorthMarq Capital, LLC\Team Briggs - Documents\_WORKFLOW\BOV Master Sheet - Briggs.xlsx",Lease Abstract,C15,[Legal Entity Name],Renewal Options
"C:\Users\scott\OneDrive - NorthMarq Capital, LLC\Team Briggs - Documents\_WORKFLOW\BOV Master Sheet - Briggs.xlsx",Lease Abstract,B16,Guarantor,
"C:\Users\scott\OneDrive - NorthMarq Capital, LLC\Team Briggs - Documents\_WORKFLOW\BOV Master Sheet - Briggs.xlsx",Lease Abstract,C16,[Guaranty type and entity],Renewal Rent Method
"C:\Users\scott\OneDrive - NorthMarq Capital, LLC\Team Briggs - Documents\_WORKFLOW\BOV Master Sheet - Briggs.xlsx",Lease Abstract,B17,Lease Type,
"C:\Users\scott\OneDrive - NorthMarq Capital, LLC\Team Briggs - Documents\_WORKFLOW\BOV Master Sheet - Briggs.xlsx",Lease Abstract,C17,[NNN / MG / Gross],Expense Structure
"C:\Users\scott\OneDrive - NorthMarq Capital, LLC\Team Briggs - Documents\_WORKFLOW\BOV Master Sheet - Briggs.xlsx",Lease Abstract,B18,Credit Rating,
"C:\Users\scott\OneDrive - NorthMarq Capital, LLC\Team Briggs - Documents\_WORKFLOW\BOV Master Sheet - Briggs.xlsx",Lease Abstract,C18,[If rated — S&P / Moody's],LL Responsibilities
"C:\Users\scott\OneDrive - NorthMarq Capital, LLC\Team Briggs - Documents\_WORKFLOW\BOV Master Sheet - Briggs.xlsx",Lease Abstract,C19,,Early Termination
"C:\Users\scott\OneDrive - NorthMarq Capital, LLC\Team Briggs - Documents\_WORKFLOW\BOV Master Sheet - Briggs.xlsx",Lease Abstract,B20,LEASE TERMS,
"C:\Users\scott\OneDrive - NorthMarq Capital, LLC\Team Briggs - Documents\_WORKFLOW\BOV Master Sheet - Briggs.xlsx",Lease Abstract,C20,,Assignment / Subletting
"C:\Users\scott\OneDrive - NorthMarq Capital, LLC\Team Briggs - Documents\_WORKFLOW\BOV Master Sheet - Briggs.xlsx",Lease Abstract,B21,Execution Date,
"C:\Users\scott\OneDrive - NorthMarq Capital, LLC\Team Briggs - Documents\_WORKFLOW\BOV Master Sheet - Briggs.xlsx",Lease Abstract,C21,,ROFR / ROFO
"C:\Users\scott\OneDrive - NorthMarq Capital, LLC\Team Briggs - Documents\_WORKFLOW\BOV Master Sheet - Briggs.xlsx",Lease Abstract,B22,Commencement Date,
"C:\Users\scott\OneDrive - NorthMarq Capital, LLC\Team Briggs - Documents\_WORKFLOW\BOV Master Sheet - Briggs.xlsx",Lease Abstract,C22,,Option to Purchase
"C:\Users\scott\OneDrive - NorthMarq Capital, LLC\Team Briggs - Documents\_WORKFLOW\BOV Master Sheet - Briggs.xlsx",Lease Abstract,B23,Expiration Date,
"C:\Users\scott\OneDrive - NorthMarq Capital, LLC\Team Briggs - Documents\_WORKFLOW\BOV Master Sheet - Briggs.xlsx",Lease Abstract,C23,,Key Lease Strengths
"C:\Users\scott\OneDrive - NorthMarq Capital, LLC\Team Briggs - Documents\_WORKFLOW\BOV Master Sheet - Briggs.xlsx",Lease Abstract,B24,Initial Term (years),
"C:\Users\scott\OneDrive - NorthMarq Capital, LLC\Team Briggs - Documents\_WORKFLOW\BOV Master Sheet - Briggs.xlsx",Lease Abstract,C24,,Key Lease Risks
"C:\Users\scott\OneDrive - NorthMarq Capital, LLC\Team Briggs - Documents\_WORKFLOW\BOV Master Sheet - Briggs.xlsx",Lease Abstract,B25,Remaining Term,
"C:\Users\scott\OneDrive - NorthMarq Capital, LLC\Team Briggs - Documents\_WORKFLOW\BOV Master Sheet - Briggs.xlsx",Lease Abstract,C25,='Rent Schedule'!E6,Broker Commentary
"C:\Users\scott\OneDrive - NorthMarq Capital, LLC\Team Briggs - Documents\_WORKFLOW\BOV Master Sheet - Briggs.xlsx",Lease Abstract,B26,Annual Base Rent,
"C:\Users\scott\OneDrive - NorthMarq Capital, LLC\Team Briggs - Documents\_WORKFLOW\BOV Master Sheet - Briggs.xlsx",Lease Abstract,B27,Monthly Base Rent,
"C:\Users\scott\OneDrive - NorthMarq Capital, LLC\Team Briggs - Documents\_WORKFLOW\BOV Master Sheet - Briggs.xlsx",Lease Abstract,C27,"=IFERROR(C17/12,"""")",
"C:\Users\scott\OneDrive - NorthMarq Capital, LLC\Team Briggs - Documents\_WORKFLOW\BOV Master Sheet - Briggs.xlsx",Lease Abstract,B28,Annual Rent / SF,LONG-FORM ABSTRACT  —  Article / clause reference with source document and operative language
"C:\Users\scott\OneDrive - NorthMarq Capital, LLC\Team Briggs - Documents\_WORKFLOW\BOV Master Sheet - Briggs.xlsx",Lease Abstract,C28,"=IFERROR(C17/C10,"""")",
"C:\Users\scott\OneDrive - NorthMarq Capital, LLC\Team Briggs - Documents\_WORKFLOW\BOV Master Sheet - Briggs.xlsx",Lease Abstract,B29,Rent Escalations,#
"C:\Users\scott\OneDrive - NorthMarq Capital, LLC\Team Briggs - Documents\_WORKFLOW\BOV Master Sheet - Briggs.xlsx",Lease Abstract,C29,[% or fixed step schedule],ARTICLE / SECTION
"C:\Users\scott\OneDrive - NorthMarq Capital, LLC\Team Briggs - Documents\_WORKFLOW\BOV Master Sheet - Briggs.xlsx",Lease Abstract,D29,,CLAUSE / PROVISION
"C:\Users\scott\OneDrive - NorthMarq Capital, LLC\Team Briggs - Documents\_WORKFLOW\BOV Master Sheet - Briggs.xlsx",Lease Abstract,E29,,PAGE
"C:\Users\scott\OneDrive - NorthMarq Capital, LLC\Team Briggs - Documents\_WORKFLOW\BOV Master Sheet - Briggs.xlsx",Lease Abstract,F29,,LEASE SECTION
"C:\Users\scott\OneDrive - NorthMarq Capital, LLC\Team Briggs - Documents\_WORKFLOW\BOV Master Sheet - Briggs.xlsx",Lease Abstract,G29,,DOCUMENT SOURCE
"C:\Users\scott\OneDrive - NorthMarq Capital, LLC\Team Briggs - Documents\_WORKFLOW\BOV Master Sheet - Briggs.xlsx",Lease Abstract,H29,,OPERATIVE LANGUAGE
"C:\Users\scott\OneDrive - NorthMarq Capital, LLC\Team Briggs - Documents\_WORKFLOW\BOV Master Sheet - Briggs.xlsx",Lease Abstract,B30,,1
"C:\Users\scott\OneDrive - NorthMarq Capital, LLC\Team Briggs - Documents\_WORKFLOW\BOV Master Sheet - Briggs.xlsx",Lease Abstract,C30,,Lease Identification
"C:\Users\scott\OneDrive - NorthMarq Capital, LLC\Team Briggs - Documents\_WORKFLOW\BOV Master Sheet - Briggs.xlsx",Lease Abstract,D30,,Lease Type / Form
"C:\Users\scott\OneDrive - NorthMarq Capital, LLC\Team Briggs - Documents\_WORKFLOW\BOV Master Sheet - Briggs.xlsx",Lease Abstract,B31,RENEWAL / OPTIONS,2
"C:\Users\scott\OneDrive - NorthMarq Capital, LLC\Team Briggs - Documents\_WORKFLOW\BOV Master Sheet - Briggs.xlsx",Lease Abstract,D31,,Execution Date
"C:\Users\scott\OneDrive - NorthMarq Capital, LLC\Team Briggs - Documents\_WORKFLOW\BOV Master Sheet - Briggs.xlsx",Lease Abstract,B32,Number of Options,3
"C:\Users\scott\OneDrive - NorthMarq Capital, LLC\Team Briggs - Documents\_WORKFLOW\BOV Master Sheet - Briggs.xlsx",Lease Abstract,D32,,Effective / Commencement Date
"C:\Users\scott\OneDrive - NorthMarq Capital, LLC\Team Briggs - Documents\_WORKFLOW\BOV Master Sheet - Briggs.xlsx",Lease Abstract,B33,Option Term (each),4
"C:\Users\scott\OneDrive - NorthMarq Capital, LLC\Team Briggs - Documents\_WORKFLOW\BOV Master Sheet - Briggs.xlsx",Lease Abstract,C33,[X years per option],
"C:\Users\scott\OneDrive - NorthMarq Capital, LLC\Team Briggs - Documents\_WORKFLOW\BOV Master Sheet - Briggs.xlsx",Lease Abstract,D33,,Lease Expiration Date
"C:\Users\scott\OneDrive - NorthMarq Capital, LLC\Team Briggs - Documents\_WORKFLOW\BOV Master Sheet - Briggs.xlsx",Lease Abstract,B34,Option Notice Period,5
"C:\Users\scott\OneDrive - NorthMarq Capital, LLC\Team Briggs - Documents\_WORKFLOW\BOV Master Sheet - Briggs.xlsx",Lease Abstract,C34,[X days prior to expiration],
"C:\Users\scott\OneDrive - NorthMarq Capital, LLC\Team Briggs - Documents\_WORKFLOW\BOV Master Sheet - Briggs.xlsx",Lease Abstract,D34,,Landlord of Record
"C:\Users\scott\OneDrive - NorthMarq Capital, LLC\Team Briggs - Documents\_WORKFLOW\BOV Master Sheet - Briggs.xlsx",Lease Abstract,B35,Option Rent Basis,6
"C:\Users\scott\OneDrive - NorthMarq Capital, LLC\Team Briggs - Documents\_WORKFLOW\BOV Master Sheet - Briggs.xlsx",Lease Abstract,C35,[FMV / fixed / CPI],
"C:\Users\scott\OneDrive - NorthMarq Capital, LLC\Team Briggs - Documents\_WORKFLOW\BOV Master Sheet - Briggs.xlsx",Lease Abstract,D35,,Tenant of Record
"C:\Users\scott\OneDrive - NorthMarq Capital, LLC\Team Briggs - Documents\_WORKFLOW\BOV Master Sheet - Briggs.xlsx",Lease Abstract,B36,Option Notes,7
"C:\Users\scott\OneDrive - NorthMarq Capital, LLC\Team Briggs - Documents\_WORKFLOW\BOV Master Sheet - Briggs.xlsx",Lease Abstract,C36,[Any material option conditions],
"C:\Users\scott\OneDrive - NorthMarq Capital, LLC\Team Briggs - Documents\_WORKFLOW\BOV Master Sheet - Briggs.xlsx",Lease Abstract,D36,,Guarantor (if any)
"C:\Users\scott\OneDrive - NorthMarq Capital, LLC\Team Briggs - Documents\_WORKFLOW\BOV Master Sheet - Briggs.xlsx",Lease Abstract,B38,EXPENSE RESPONSIBILITIES,8
"C:\Users\scott\OneDrive - NorthMarq Capital, LLC\Team Briggs - Documents\_WORKFLOW\BOV Master Sheet - Briggs.xlsx",Lease Abstract,C38,,Premises
"C:\Users\scott\OneDrive - NorthMarq Capital, LLC\Team Briggs - Documents\_WORKFLOW\BOV Master Sheet - Briggs.xlsx",Lease Abstract,D38,,Demised Premises Address
"C:\Users\scott\OneDrive - NorthMarq Capital, LLC\Team Briggs - Documents\_WORKFLOW\BOV Master Sheet - Briggs.xlsx",Lease Abstract,B39,Real Estate Taxes,9
"C:\Users\scott\OneDrive - NorthMarq Capital, LLC\Team Briggs - Documents\_WORKFLOW\BOV Master Sheet - Briggs.xlsx",Lease Abstract,C39,[Tenant / Landlord / Pro-rata],
"C:\Users\scott\OneDrive - NorthMarq Capital, LLC\Team Briggs - Documents\_WORKFLOW\BOV Master Sheet - Briggs.xlsx",Lease Abstract,D39,,Leased SF (per lease)
"C:\Users\scott\OneDrive - NorthMarq Capital, LLC\Team Briggs - Documents\_WORKFLOW\BOV Master Sheet - Briggs.xlsx",Lease Abstract,B40,Insurance,10
"C:\Users\scott\OneDrive - NorthMarq Capital, LLC\Team Briggs - Documents\_WORKFLOW\BOV Master Sheet - Briggs.xlsx",Lease Abstract,C40,[Tenant / Landlord],
"C:\Users\scott\OneDrive - NorthMarq Capital, LLC\Team Briggs - Documents\_WORKFLOW\BOV Master Sheet - Briggs.xlsx",Lease Abstract,D40,,Leased SF (per survey)
"C:\Users\scott\OneDrive - NorthMarq Capital, LLC\Team Briggs - Documents\_WORKFLOW\BOV Master Sheet - Briggs.xlsx",Lease Abstract,B41,Roof & Structure,11
"C:\Users\scott\OneDrive - NorthMarq Capital, LLC\Team Briggs - Documents\_WORKFLOW\BOV Master Sheet - Briggs.xlsx",Lease Abstract,C41,[Tenant / Landlord],
"C:\Users\scott\OneDrive - NorthMarq Capital, LLC\Team Briggs - Documents\_WORKFLOW\BOV Master Sheet - Briggs.xlsx",Lease Abstract,D41,,Exclusive Use / Permitted Use
"C:\Users\scott\OneDrive - NorthMarq Capital, LLC\Team Briggs - Documents\_WORKFLOW\BOV Master Sheet - Briggs.xlsx",Lease Abstract,B42,Common Area Maint.,12
"C:\Users\scott\OneDrive - NorthMarq Capital, LLC\Team Briggs - Documents\_WORKFLOW\BOV Master Sheet - Briggs.xlsx",Lease Abstract,C42,[Tenant / Landlord / CAM cap],
"C:\Users\scott\OneDrive - NorthMarq Capital, LLC\Team Briggs - Documents\_WORKFLOW\BOV Master Sheet - Briggs.xlsx",Lease Abstract,D42,,Prohibited Uses
"C:\Users\scott\OneDrive - NorthMarq Capital, LLC\Team Briggs - Documents\_WORKFLOW\BOV Master Sheet - Briggs.xlsx",Lease Abstract,B43,Management,
"C:\Users\scott\OneDrive - NorthMarq Capital, LLC\Team Briggs - Documents\_WORKFLOW\BOV Master Sheet - Briggs.xlsx",Lease Abstract,C43,[Tenant / Landlord],
"C:\Users\scott\OneDrive - NorthMarq Capital, LLC\Team Briggs - Documents\_WORKFLOW\BOV Master Sheet - Briggs.xlsx",Lease Abstract,B44,Net Effective Rent,13
"C:\Users\scott\OneDrive - NorthMarq Capital, LLC\Team Briggs - Documents\_WORKFLOW\BOV Master Sheet - Briggs.xlsx",Lease Abstract,C44,"[Describe any TI, free rent, etc.]",Rent
"C:\Users\scott\OneDrive - NorthMarq Capital, LLC\Team Briggs - Documents\_WORKFLOW\BOV Master Sheet - Briggs.xlsx",Lease Abstract,D44,,Base Rent — Year 1
"C:\Users\scott\OneDrive - NorthMarq Capital, LLC\Team Briggs - Documents\_WORKFLOW\BOV Master Sheet - Briggs.xlsx",Lease Abstract,B45,,14
"C:\Users\scott\OneDrive - NorthMarq Capital, LLC\Team Briggs - Documents\_WORKFLOW\BOV Master Sheet - Briggs.xlsx",Lease Abstract,D45,,Annual Rent Escalations
"C:\Users\scott\OneDrive - NorthMarq Capital, LLC\Team Briggs - Documents\_WORKFLOW\BOV Master Sheet - Briggs.xlsx",Lease Abstract,B46,SOURCE DOCUMENTS,15
"C:\Users\scott\OneDrive - NorthMarq Capital, LLC\Team Briggs - Documents\_WORKFLOW\BOV Master Sheet - Briggs.xlsx",Lease Abstract,D46,,Rent Commencement Date
"C:\Users\scott\OneDrive - NorthMarq Capital, LLC\Team Briggs - Documents\_WORKFLOW\BOV Master Sheet - Briggs.xlsx",Lease Abstract,B47,Primary Source,16
"C:\Users\scott\OneDrive - NorthMarq Capital, LLC\Team Briggs - Documents\_WORKFLOW\BOV Master Sheet - Briggs.xlsx",Lease Abstract,C47,[Executed lease — date of lease],
"C:\Users\scott\OneDrive - NorthMarq Capital, LLC\Team Briggs - Documents\_WORKFLOW\BOV Master Sheet - Briggs.xlsx",Lease Abstract,D47,,Rent Abatement / Free Rent
"C:\Users\scott\OneDrive - NorthMarq Capital, LLC\Team Briggs - Documents\_WORKFLOW\BOV Master Sheet - Briggs.xlsx",Lease Abstract,B48,Secondary Source,17
"C:\Users\scott\OneDrive - NorthMarq Capital, LLC\Team Briggs - Documents\_WORKFLOW\BOV Master Sheet - Briggs.xlsx",Lease Abstract,C48,[Rent roll / OM — note conflicts],
"C:\Users\scott\OneDrive - NorthMarq Capital, LLC\Team Briggs - Documents\_WORKFLOW\BOV Master Sheet - Briggs.xlsx",Lease Abstract,D48,,Percentage Rent
"C:\Users\scott\OneDrive - NorthMarq Capital, LLC\Team Briggs - Documents\_WORKFLOW\BOV Master Sheet - Briggs.xlsx",Lease Abstract,B49,Lease Amendments,
"C:\Users\scott\OneDrive - NorthMarq Capital, LLC\Team Briggs - Documents\_WORKFLOW\BOV Master Sheet - Briggs.xlsx",Lease Abstract,C49,[List any amendments and dates],
"C:\Users\scott\OneDrive - NorthMarq Capital, LLC\Team Briggs - Documents\_WORKFLOW\BOV Master Sheet - Briggs.xlsx",Lease Abstract,B50,Document Location,18
"C:\Users\scott\OneDrive - NorthMarq Capital, LLC\Team Briggs - Documents\_WORKFLOW\BOV Master Sheet - Briggs.xlsx",Lease Abstract,C50,[OneDrive path or note],Expense Structure
"C:\Users\scott\OneDrive - NorthMarq Capital, LLC\Team Briggs - Documents\_WORKFLOW\BOV Master Sheet - Briggs.xlsx",Lease Abstract,D50,,Lease Structure (NNN / NN / Gross / MG)
"C:\Users\scott\OneDrive - NorthMarq Capital, LLC\Team Briggs - Documents\_WORKFLOW\BOV Master Sheet - Briggs.xlsx",Lease Abstract,B51,,19
"C:\Users\scott\OneDrive - NorthMarq Capital, LLC\Team Briggs - Documents\_WORKFLOW\BOV Master Sheet - Briggs.xlsx",Lease Abstract,D51,,Real Estate Taxes — Responsibility
"C:\Users\scott\OneDrive - NorthMarq Capital, LLC\Team Briggs - Documents\_WORKFLOW\BOV Master Sheet - Briggs.xlsx",Lease Abstract,B52,,20
"C:\Users\scott\OneDrive - NorthMarq Capital, LLC\Team Briggs - Documents\_WORKFLOW\BOV Master Sheet - Briggs.xlsx",Lease Abstract,D52,,Insurance — Responsibility
"C:\Users\scott\OneDrive - NorthMarq Capital, LLC\Team Briggs - Documents\_WORKFLOW\BOV Master Sheet - Briggs.xlsx",Lease Abstract,B53,,21
"C:\Users\scott\OneDrive - NorthMarq Capital, LLC\Team Briggs - Documents\_WORKFLOW\BOV Master Sheet - Briggs.xlsx",Lease Abstract,D53,,CAM / Maintenance — Responsibility
"C:\Users\scott\OneDrive - NorthMarq Capital, LLC\Team Briggs - Documents\_WORKFLOW\BOV Master Sheet - Briggs.xlsx",Lease Abstract,B54,,22
"C:\Users\scott\OneDrive - NorthMarq Capital, LLC\Team Briggs - Documents\_WORKFLOW\BOV Master Sheet - Briggs.xlsx",Lease Abstract,D54,,Capital / Roof / Structure — Responsibility
"C:\Users\scott\OneDrive - NorthMarq Capital, LLC\Team Briggs - Documents\_WORKFLOW\BOV Master Sheet - Briggs.xlsx",Lease Abstract,B55,,23
"C:\Users\scott\OneDrive - NorthMarq Capital, LLC\Team Briggs - Documents\_WORKFLOW\BOV Master Sheet - Briggs.xlsx",Lease Abstract,D55,,Expense Cap (if any)
"C:\Users\scott\OneDrive - NorthMarq Capital, LLC\Team Briggs - Documents\_WORKFLOW\BOV Master Sheet - Briggs.xlsx",Lease Abstract,B56,,24
"C:\Users\scott\OneDrive - NorthMarq Capital, LLC\Team Briggs - Documents\_WORKFLOW\BOV Master Sheet - Briggs.xlsx",Lease Abstract,D56,,Landlord Obligations
"C:\Users\scott\OneDrive - NorthMarq Capital, LLC\Team Briggs - Documents\_WORKFLOW\BOV Master Sheet - Briggs.xlsx",Lease Abstract,B58,,25
"C:\Users\scott\OneDrive - NorthMarq Capital, LLC\Team Briggs - Documents\_WORKFLOW\BOV Master Sheet - Briggs.xlsx",Lease Abstract,C58,,Options & Renewals
"C:\Users\scott\OneDrive - NorthMarq Capital, LLC\Team Briggs - Documents\_WORKFLOW\BOV Master Sheet - Briggs.xlsx",Lease Abstract,D58,,Number of Renewal Options
"C:\Users\scott\OneDrive - NorthMarq Capital, LLC\Team Briggs - Documents\_WORKFLOW\BOV Master Sheet - Briggs.xlsx",Lease Abstract,B59,,26
"C:\Users\scott\OneDrive - NorthMarq Capital, LLC\Team Briggs - Documents\_WORKFLOW\BOV Master Sheet - Briggs.xlsx",Lease Abstract,D59,,Option Term Length
"C:\Users\scott\OneDrive - NorthMarq Capital, LLC\Team Briggs - Documents\_WORKFLOW\BOV Master Sheet - Briggs.xlsx",Lease Abstract,B60,,27
"C:\Users\scott\OneDrive - NorthMarq Capital, LLC\Team Briggs - Documents\_WORKFLOW\BOV Master Sheet - Briggs.xlsx",Lease Abstract,D60,,Renewal Rent — Method
"C:\Users\scott\OneDrive - NorthMarq Capital, LLC\Team Briggs - Documents\_WORKFLOW\BOV Master Sheet - Briggs.xlsx",Lease Abstract,B61,,28
"C:\Users\scott\OneDrive - NorthMarq Capital, LLC\Team Briggs - Documents\_WORKFLOW\BOV Master Sheet - Briggs.xlsx",Lease Abstract,D61,,Renewal Notice Requirement
"C:\Users\scott\OneDrive - NorthMarq Capital, LLC\Team Briggs - Documents\_WORKFLOW\BOV Master Sheet - Briggs.xlsx",Lease Abstract,B62,,29
"C:\Users\scott\OneDrive - NorthMarq Capital, LLC\Team Briggs - Documents\_WORKFLOW\BOV Master Sheet - Briggs.xlsx",Lease Abstract,D62,,Option to Purchase
"C:\Users\scott\OneDrive - NorthMarq Capital, LLC\Team Briggs - Documents\_WORKFLOW\BOV Master Sheet - Briggs.xlsx",Lease Abstract,B63,,30
"C:\Users\scott\OneDrive - NorthMarq Capital, LLC\Team Briggs - Documents\_WORKFLOW\BOV Master Sheet - Briggs.xlsx",Lease Abstract,D63,,Right of First Refusal (ROFR)
"C:\Users\scott\OneDrive - NorthMarq Capital, LLC\Team Briggs - Documents\_WORKFLOW\BOV Master Sheet - Briggs.xlsx",Lease Abstract,B64,,31
"C:\Users\scott\OneDrive - NorthMarq Capital, LLC\Team Briggs - Documents\_WORKFLOW\BOV Master Sheet - Briggs.xlsx",Lease Abstract,D64,,Right of First Offer (ROFO)
"C:\Users\scott\OneDrive - NorthMarq Capital, LLC\Team Briggs - Documents\_WORKFLOW\BOV Master Sheet - Briggs.xlsx",Lease Abstract,B66,,32
"C:\Users\scott\OneDrive - NorthMarq Capital, LLC\Team Briggs - Documents\_WORKFLOW\BOV Master Sheet - Briggs.xlsx",Lease Abstract,C66,,Assignment & Subletting
"C:\Users\scott\OneDrive - NorthMarq Capital, LLC\Team Briggs - Documents\_WORKFLOW\BOV Master Sheet - Briggs.xlsx",Lease Abstract,D66,,Assignment Rights
"C:\Users\scott\OneDrive - NorthMarq Capital, LLC\Team Briggs - Documents\_WORKFLOW\BOV Master Sheet - Briggs.xlsx",Lease Abstract,B67,,33
"C:\Users\scott\OneDrive - NorthMarq Capital, LLC\Team Briggs - Documents\_WORKFLOW\BOV Master Sheet - Briggs.xlsx",Lease Abstract,D67,,Subletting Rights
"C:\Users\scott\OneDrive - NorthMarq Capital, LLC\Team Briggs - Documents\_WORKFLOW\BOV Master Sheet - Briggs.xlsx",Lease Abstract,B68,,34
"C:\Users\scott\OneDrive - NorthMarq Capital, LLC\Team Briggs - Documents\_WORKFLOW\BOV Master Sheet - Briggs.xlsx",Lease Abstract,D68,,Change of Control Provisions
"C:\Users\scott\OneDrive - NorthMarq Capital, LLC\Team Briggs - Documents\_WORKFLOW\BOV Master Sheet - Briggs.xlsx",Lease Abstract,B69,,35
"C:\Users\scott\OneDrive - NorthMarq Capital, LLC\Team Briggs - Documents\_WORKFLOW\BOV Master Sheet - Briggs.xlsx",Lease Abstract,D69,,Release of Guarantor on Assignment
"C:\Users\scott\OneDrive - NorthMarq Capital, LLC\Team Briggs - Documents\_WORKFLOW\BOV Master Sheet - Briggs.xlsx",Lease Abstract,B71,,36
"C:\Users\scott\OneDrive - NorthMarq Capital, LLC\Team Briggs - Documents\_WORKFLOW\BOV Master Sheet - Briggs.xlsx",Lease Abstract,C71,,Termination & Default
"C:\Users\scott\OneDrive - NorthMarq Capital, LLC\Team Briggs - Documents\_WORKFLOW\BOV Master Sheet - Briggs.xlsx",Lease Abstract,D71,,Early Termination Right
"C:\Users\scott\OneDrive - NorthMarq Capital, LLC\Team Briggs - Documents\_WORKFLOW\BOV Master Sheet - Briggs.xlsx",Lease Abstract,B72,,37
"C:\Users\scott\OneDrive - NorthMarq Capital, LLC\Team Briggs - Documents\_WORKFLOW\BOV Master Sheet - Briggs.xlsx",Lease Abstract,D72,,Termination Fee / Penalty
"C:\Users\scott\OneDrive - NorthMarq Capital, LLC\Team Briggs - Documents\_WORKFLOW\BOV Master Sheet - Briggs.xlsx",Lease Abstract,B73,,38
"C:\Users\scott\OneDrive - NorthMarq Capital, LLC\Team Briggs - Documents\_WORKFLOW\BOV Master Sheet - Briggs.xlsx",Lease Abstract,D73,,Default / Cure Periods
"C:\Users\scott\OneDrive - NorthMarq Capital, LLC\Team Briggs - Documents\_WORKFLOW\BOV Master Sheet - Briggs.xlsx",Lease Abstract,B74,,39
"C:\Users\scott\OneDrive - NorthMarq Capital, LLC\Team Briggs - Documents\_WORKFLOW\BOV Master Sheet - Briggs.xlsx",Lease Abstract,D74,,Co-Tenancy Provisions
"C:\Users\scott\OneDrive - NorthMarq Capital, LLC\Team Briggs - Documents\_WORKFLOW\BOV Master Sheet - Briggs.xlsx",Lease Abstract,B75,,40
"C:\Users\scott\OneDrive - NorthMarq Capital, LLC\Team Briggs - Documents\_WORKFLOW\BOV Master Sheet - Briggs.xlsx",Lease Abstract,D75,,Go-Dark Provision
"C:\Users\scott\OneDrive - NorthMarq Capital, LLC\Team Briggs - Documents\_WORKFLOW\BOV Master Sheet - Briggs.xlsx",Lease Abstract,B77,,41
"C:\Users\scott\OneDrive - NorthMarq Capital, LLC\Team Briggs - Documents\_WORKFLOW\BOV Master Sheet - Briggs.xlsx",Lease Abstract,C77,,Other Provisions
"C:\Users\scott\OneDrive - NorthMarq Capital, LLC\Team Briggs - Documents\_WORKFLOW\BOV Master Sheet - Briggs.xlsx",Lease Abstract,D77,,TI Allowance / Landlord Work
"C:\Users\scott\OneDrive - NorthMarq Capital, LLC\Team Briggs - Documents\_WORKFLOW\BOV Master Sheet - Briggs.xlsx",Lease Abstract,B78,,42
"C:\Users\scott\OneDrive - NorthMarq Capital, LLC\Team Briggs - Documents\_WORKFLOW\BOV Master Sheet - Briggs.xlsx",Lease Abstract,D78,,Signage Rights
"C:\Users\scott\OneDrive - NorthMarq Capital, LLC\Team Briggs - Documents\_WORKFLOW\BOV Master Sheet - Briggs.xlsx",Lease Abstract,B79,,43
"C:\Users\scott\OneDrive - NorthMarq Capital, LLC\Team Briggs - Documents\_WORKFLOW\BOV Master Sheet - Briggs.xlsx",Lease Abstract,D79,,Parking Allocation
"C:\Users\scott\OneDrive - NorthMarq Capital, LLC\Team Briggs - Documents\_WORKFLOW\BOV Master Sheet - Briggs.xlsx",Lease Abstract,B80,,44
"C:\Users\scott\OneDrive - NorthMarq Capital, LLC\Team Briggs - Documents\_WORKFLOW\BOV Master Sheet - Briggs.xlsx",Lease Abstract,D80,,Subordination / SNDA / Estoppel
"C:\Users\scott\OneDrive - NorthMarq Capital, LLC\Team Briggs - Documents\_WORKFLOW\BOV Master Sheet - Briggs.xlsx",Lease Abstract,B81,,45
"C:\Users\scott\OneDrive - NorthMarq Capital, LLC\Team Briggs - Documents\_WORKFLOW\BOV Master Sheet - Briggs.xlsx",Lease Abstract,D81,,Condemnation Provisions
"C:\Users\scott\OneDrive - NorthMarq Capital, LLC\Team Briggs - Documents\_WORKFLOW\BOV Master Sheet - Briggs.xlsx",Lease Abstract,B82,,46
"C:\Users\scott\OneDrive - NorthMarq Capital, LLC\Team Briggs - Documents\_WORKFLOW\BOV Master Sheet - Briggs.xlsx",Lease Abstract,D82,,Casualty / Damage Provisions
"C:\Users\scott\OneDrive - NorthMarq Capital, LLC\Team Briggs - Documents\_WORKFLOW\BOV Master Sheet - Briggs.xlsx",Lease Abstract,B83,,47
"C:\Users\scott\OneDrive - NorthMarq Capital, LLC\Team Briggs - Documents\_WORKFLOW\BOV Master Sheet - Briggs.xlsx",Lease Abstract,D83,,Holdover Provisions
"C:\Users\scott\OneDrive - NorthMarq Capital, LLC\Team Briggs - Documents\_WORKFLOW\BOV Master Sheet - Briggs.xlsx",Lease Abstract,B84,,48
"C:\Users\scott\OneDrive - NorthMarq Capital, LLC\Team Briggs - Documents\_WORKFLOW\BOV Master Sheet - Briggs.xlsx",Lease Abstract,D84,,Notices
"C:\Users\scott\OneDrive - NorthMarq Capital, LLC\Team Briggs - Documents\_WORKFLOW\BOV Master Sheet - Briggs.xlsx",Lease Abstract,B86,,"Page: lease page #  ·  Lease Section: cite the specific section ref (e.g. 'Section 1.1(i)(a)')  ·  Source: 'Executed Lease', 'Amendment No. 1', etc.  ·  Operative Language: quote or paraphrase the actual lease provision"
"C:\Users\scott\OneDrive - NorthMarq Capital, LLC\Team Briggs - Documents\_WORKFLOW\BOV Master Sheet - Briggs.xlsx",Pro Forma,A2,,PRO FORMA  —  10-YEAR INVESTMENT MODEL
"C:\Users\scott\OneDrive - NorthMarq Capital, LLC\Team Briggs - Documents\_WORKFLOW\BOV Master Sheet - Briggs.xlsx",Pro Forma,B2,Pro Forma — 10-Year Investment Model,
"C:\Users\scott\OneDrive - NorthMarq Capital, LLC\Team Briggs - Documents\_WORKFLOW\BOV Master Sheet - Briggs.xlsx",Pro Forma,A3,,Single-Tenant NNN  ·  All inputs on Assumptions & Flags tab  ·  Col C = Year 0 (purchase); Cols D–M = Operating Years 1–10
"C:\Users\scott\OneDrive - NorthMarq Capital, LLC\Team Briggs - Documents\_WORKFLOW\BOV Master Sheet - Briggs.xlsx",Pro Forma,B3,[Property Name]  ·  [Asset Type]  ·  Analysis Date: [Date]  ·  Assumptions — see Assumptions & Flags tab,
"C:\Users\scott\OneDrive - NorthMarq Capital, LLC\Team Briggs - Documents\_WORKFLOW\BOV Master Sheet - Briggs.xlsx",Pro Forma,C5,Notes,Year 0 / Purchase
"C:\Users\scott\OneDrive - NorthMarq Capital, LLC\Team Briggs - Documents\_WORKFLOW\BOV Master Sheet - Briggs.xlsx",Pro Forma,N5,Exit,
"C:\Users\scott\OneDrive - NorthMarq Capital, LLC\Team Briggs - Documents\_WORKFLOW\BOV Master Sheet - Briggs.xlsx",Pro Forma,A6,,Year-End Date
"C:\Users\scott\OneDrive - NorthMarq Capital, LLC\Team Briggs - Documents\_WORKFLOW\BOV Master Sheet - Briggs.xlsx",Pro Forma,D6,,"=IFERROR(DATE(YEAR('Assumptions & Flags'!$C$13)+1,MONTH('Assumptions & Flags'!$C$13),DAY('Assumptions & Flags'!$C$13)-1),"""")"
"C:\Users\scott\OneDrive - NorthMarq Capital, LLC\Team Briggs - Documents\_WORKFLOW\BOV Master Sheet - Briggs.xlsx",Pro Forma,E6,,"=IFERROR(DATE(YEAR('Assumptions & Flags'!$C$13)+2,MONTH('Assumptions & Flags'!$C$13),DAY('Assumptions & Flags'!$C$13)-1),"""")"
"C:\Users\scott\OneDrive - NorthMarq Capital, LLC\Team Briggs - Documents\_WORKFLOW\BOV Master Sheet - Briggs.xlsx",Pro Forma,F6,,"=IFERROR(DATE(YEAR('Assumptions & Flags'!$C$13)+3,MONTH('Assumptions & Flags'!$C$13),DAY('Assumptions & Flags'!$C$13)-1),"""")"
"C:\Users\scott\OneDrive - NorthMarq Capital, LLC\Team Briggs - Documents\_WORKFLOW\BOV Master Sheet - Briggs.xlsx",Pro Forma,G6,,"=IFERROR(DATE(YEAR('Assumptions & Flags'!$C$13)+4,MONTH('Assumptions & Flags'!$C$13),DAY('Assumptions & Flags'!$C$13)-1),"""")"
"C:\Users\scott\OneDrive - NorthMarq Capital, LLC\Team Briggs - Documents\_WORKFLOW\BOV Master Sheet - Briggs.xlsx",Pro Forma,H6,,"=IFERROR(DATE(YEAR('Assumptions & Flags'!$C$13)+5,MONTH('Assumptions & Flags'!$C$13),DAY('Assumptions & Flags'!$C$13)-1),"""")"
"C:\Users\scott\OneDrive - NorthMarq Capital, LLC\Team Briggs - Documents\_WORKFLOW\BOV Master Sheet - Briggs.xlsx",Pro Forma,I6,,"=IFERROR(DATE(YEAR('Assumptions & Flags'!$C$13)+6,MONTH('Assumptions & Flags'!$C$13),DAY('Assumptions & Flags'!$C$13)-1),"""")"
"C:\Users\scott\OneDrive - NorthMarq Capital, LLC\Team Briggs - Documents\_WORKFLOW\BOV Master Sheet - Briggs.xlsx",Pro Forma,J6,,"=IFERROR(DATE(YEAR('Assumptions & Flags'!$C$13)+7,MONTH('Assumptions & Flags'!$C$13),DAY('Assumptions & Flags'!$C$13)-1),"""")"
"C:\Users\scott\OneDrive - NorthMarq Capital, LLC\Team Briggs - Documents\_WORKFLOW\BOV Master Sheet - Briggs.xlsx",Pro Forma,K6,,"=IFERROR(DATE(YEAR('Assumptions & Flags'!$C$13)+8,MONTH('Assumptions & Flags'!$C$13),DAY('Assumptions & Flags'!$C$13)-1),"""")"
"C:\Users\scott\OneDrive - NorthMarq Capital, LLC\Team Briggs - Documents\_WORKFLOW\BOV Master Sheet - Briggs.xlsx",Pro Forma,L6,,"=IFERROR(DATE(YEAR('Assumptions & Flags'!$C$13)+9,MONTH('Assumptions & Flags'!$C$13),DAY('Assumptions & Flags'!$C$13)-1),"""")"
"C:\Users\scott\OneDrive - NorthMarq Capital, LLC\Team Briggs - Documents\_WORKFLOW\BOV Master Sheet - Briggs.xlsx",Pro Forma,M6,,"=IFERROR(DATE(YEAR('Assumptions & Flags'!$C$13)+10,MONTH('Assumptions & Flags'!$C$13),DAY('Assumptions & Flags'!$C$13)-1),"""")"
"C:\Users\scott\OneDrive - NorthMarq Capital, LLC\Team Briggs - Documents\_WORKFLOW\BOV Master Sheet - Briggs.xlsx",Pro Forma,A7,  REVENUE,REVENUE
"C:\Users\scott\OneDrive - NorthMarq Capital, LLC\Team Briggs - Documents\_WORKFLOW\BOV Master Sheet - Briggs.xlsx",Pro Forma,A8,,Base Rent
"C:\Users\scott\OneDrive - NorthMarq Capital, LLC\Team Briggs - Documents\_WORKFLOW\BOV Master Sheet - Briggs.xlsx",Pro Forma,B8,Base Rent  [Tenant Name],
"C:\Users\scott\OneDrive - NorthMarq Capital, LLC\Team Briggs - Documents\_WORKFLOW\BOV Master Sheet - Briggs.xlsx",Pro Forma,C8,Annual,
"C:\Users\scott\OneDrive - NorthMarq Capital, LLC\Team Briggs - Documents\_WORKFLOW\BOV Master Sheet - Briggs.xlsx",Pro Forma,D8,='Rent Schedule'!F6,"=IFERROR(IF('Assumptions & Flags'!$C$24="""","""",'Assumptions & Flags'!$C$24),"""")"
"C:\Users\scott\OneDrive - NorthMarq Capital, LLC\Team Briggs - Documents\_WORKFLOW\BOV Master Sheet - Briggs.xlsx",Pro Forma,E8,"=IFERROR(IF(D8="""","""",D8*(1+'Assumptions & Flags'!C13)),"""")","=IFERROR(IF(D8="""","""",D8*(1+'Assumptions & Flags'!$C$25)),"""")"
"C:\Users\scott\OneDrive - NorthMarq Capital, LLC\Team Briggs - Documents\_WORKFLOW\BOV Master Sheet - Briggs.xlsx",Pro Forma,F8,"=IFERROR(IF(E8="""","""",E8*(1+'Assumptions & Flags'!C13)),"""")","=IFERROR(IF(E8="""","""",E8*(1+'Assumptions & Flags'!$C$25)),"""")"
"C:\Users\scott\OneDrive - NorthMarq Capital, LLC\Team Briggs - Documents\_WORKFLOW\BOV Master Sheet - Briggs.xlsx",Pro Forma,G8,"=IFERROR(IF(F8="""","""",F8*(1+'Assumptions & Flags'!C13)),"""")","=IFERROR(IF(F8="""","""",F8*(1+'Assumptions & Flags'!$C$25)),"""")"
"C:\Users\scott\OneDrive - NorthMarq Capital, LLC\Team Briggs - Documents\_WORKFLOW\BOV Master Sheet - Briggs.xlsx",Pro Forma,H8,"=IFERROR(IF(G8="""","""",G8*(1+'Assumptions & Flags'!C13)),"""")","=IFERROR(IF(G8="""","""",G8*(1+'Assumptions & Flags'!$C$25)),"""")"
"C:\Users\scott\OneDrive - NorthMarq Capital, LLC\Team Briggs - Documents\_WORKFLOW\BOV Master Sheet - Briggs.xlsx",Pro Forma,I8,"=IFERROR(IF(H8="""","""",H8*(1+'Assumptions & Flags'!C13)),"""")","=IFERROR(IF(H8="""","""",H8*(1+'Assumptions & Flags'!$C$25)),"""")"
"C:\Users\scott\OneDrive - NorthMarq Capital, LLC\Team Briggs - Documents\_WORKFLOW\BOV Master Sheet - Briggs.xlsx",Pro Forma,J8,"=IFERROR(IF(I8="""","""",I8*(1+'Assumptions & Flags'!C13)),"""")","=IFERROR(IF(I8="""","""",I8*(1+'Assumptions & Flags'!$C$25)),"""")"
"C:\Users\scott\OneDrive - NorthMarq Capital, LLC\Team Briggs - Documents\_WORKFLOW\BOV Master Sheet - Briggs.xlsx",Pro Forma,K8,"=IFERROR(IF(J8="""","""",J8*(1+'Assumptions & Flags'!C13)),"""")","=IFERROR(IF(J8="""","""",J8*(1+'Assumptions & Flags'!$C$25)),"""")"
"C:\Users\scott\OneDrive - NorthMarq Capital, LLC\Team Briggs - Documents\_WORKFLOW\BOV Master Sheet - Briggs.xlsx",Pro Forma,L8,"=IFERROR(IF(K8="""","""",K8*(1+'Assumptions & Flags'!C13)),"""")","=IFERROR(IF(K8="""","""",K8*(1+'Assumptions & Flags'!$C$25)),"""")"
"C:\Users\scott\OneDrive - NorthMarq Capital, LLC\Team Briggs - Documents\_WORKFLOW\BOV Master Sheet - Briggs.xlsx",Pro Forma,M8,"=IFERROR(IF(L8="""","""",L8*(1+'Assumptions & Flags'!C13)),"""")","=IFERROR(IF(L8="""","""",L8*(1+'Assumptions & Flags'!$C$25)),"""")"
"C:\Users\scott\OneDrive - NorthMarq Capital, LLC\Team Briggs - Documents\_WORKFLOW\BOV Master Sheet - Briggs.xlsx",Pro Forma,N8,,NNN base rent
"C:\Users\scott\OneDrive - NorthMarq Capital, LLC\Team Briggs - Documents\_WORKFLOW\BOV Master Sheet - Briggs.xlsx",Pro Forma,A9,,Tenant Reimbursements (NNN)
"C:\Users\scott\OneDrive - NorthMarq Capital, LLC\Team Briggs - Documents\_WORKFLOW\BOV Master Sheet - Briggs.xlsx",Pro Forma,B9,  Additional Tenant 2,
"C:\Users\scott\OneDrive - NorthMarq Capital, LLC\Team Briggs - Documents\_WORKFLOW\BOV Master Sheet - Briggs.xlsx",Pro Forma,C9,Annual,
"C:\Users\scott\OneDrive - NorthMarq Capital, LLC\Team Briggs - Documents\_WORKFLOW\BOV Master Sheet - Briggs.xlsx",Pro Forma,D9,,"=IFERROR(IF('Assumptions & Flags'!$C$26="""","""",'Assumptions & Flags'!$C$26),"""")"
"C:\Users\scott\OneDrive - NorthMarq Capital, LLC\Team Briggs - Documents\_WORKFLOW\BOV Master Sheet - Briggs.xlsx",Pro Forma,E9,,"=IFERROR(IF('Assumptions & Flags'!$C$26="""","""",'Assumptions & Flags'!$C$26),"""")"
"C:\Users\scott\OneDrive - NorthMarq Capital, LLC\Team Briggs - Documents\_WORKFLOW\BOV Master Sheet - Briggs.xlsx",Pro Forma,F9,,"=IFERROR(IF('Assumptions & Flags'!$C$26="""","""",'Assumptions & Flags'!$C$26),"""")"
"C:\Users\scott\OneDrive - NorthMarq Capital, LLC\Team Briggs - Documents\_WORKFLOW\BOV Master Sheet - Briggs.xlsx",Pro Forma,G9,,"=IFERROR(IF('Assumptions & Flags'!$C$26="""","""",'Assumptions & Flags'!$C$26),"""")"
"C:\Users\scott\OneDrive - NorthMarq Capital, LLC\Team Briggs - Documents\_WORKFLOW\BOV Master Sheet - Briggs.xlsx",Pro Forma,H9,,"=IFERROR(IF('Assumptions & Flags'!$C$26="""","""",'Assumptions & Flags'!$C$26),"""")"
"C:\Users\scott\OneDrive - NorthMarq Capital, LLC\Team Briggs - Documents\_WORKFLOW\BOV Master Sheet - Briggs.xlsx",Pro Forma,I9,,"=IFERROR(IF('Assumptions & Flags'!$C$26="""","""",'Assumptions & Flags'!$C$26),"""")"
"C:\Users\scott\OneDrive - NorthMarq Capital, LLC\Team Briggs - Documents\_WORKFLOW\BOV Master Sheet - Briggs.xlsx",Pro Forma,J9,,"=IFERROR(IF('Assumptions & Flags'!$C$26="""","""",'Assumptions & Flags'!$C$26),"""")"
"C:\Users\scott\OneDrive - NorthMarq Capital, LLC\Team Briggs - Documents\_WORKFLOW\BOV Master Sheet - Briggs.xlsx",Pro Forma,K9,,"=IFERROR(IF('Assumptions & Flags'!$C$26="""","""",'Assumptions & Flags'!$C$26),"""")"
"C:\Users\scott\OneDrive - NorthMarq Capital, LLC\Team Briggs - Documents\_WORKFLOW\BOV Master Sheet - Briggs.xlsx",Pro Forma,L9,,"=IFERROR(IF('Assumptions & Flags'!$C$26="""","""",'Assumptions & Flags'!$C$26),"""")"
"C:\Users\scott\OneDrive - NorthMarq Capital, LLC\Team Briggs - Documents\_WORKFLOW\BOV Master Sheet - Briggs.xlsx",Pro Forma,M9,,"=IFERROR(IF('Assumptions & Flags'!$C$26="""","""",'Assumptions & Flags'!$C$26),"""")"
"C:\Users\scott\OneDrive - NorthMarq Capital, LLC\Team Briggs - Documents\_WORKFLOW\BOV Master Sheet - Briggs.xlsx",Pro Forma,N9,,From Assumptions
"C:\Users\scott\OneDrive - NorthMarq Capital, LLC\Team Briggs - Documents\_WORKFLOW\BOV Master Sheet - Briggs.xlsx",Pro Forma,A10,,Other Income
"C:\Users\scott\OneDrive - NorthMarq Capital, LLC\Team Briggs - Documents\_WORKFLOW\BOV Master Sheet - Briggs.xlsx",Pro Forma,B10,  Additional Tenant 3,
"C:\Users\scott\OneDrive - NorthMarq Capital, LLC\Team Briggs - Documents\_WORKFLOW\BOV Master Sheet - Briggs.xlsx",Pro Forma,C10,Annual,
"C:\Users\scott\OneDrive - NorthMarq Capital, LLC\Team Briggs - Documents\_WORKFLOW\BOV Master Sheet - Briggs.xlsx",Pro Forma,D10,,0
"C:\Users\scott\OneDrive - NorthMarq Capital, LLC\Team Briggs - Documents\_WORKFLOW\BOV Master Sheet - Briggs.xlsx",Pro Forma,E10,,0
"C:\Users\scott\OneDrive - NorthMarq Capital, LLC\Team Briggs - Documents\_WORKFLOW\BOV Master Sheet - Briggs.xlsx",Pro Forma,F10,,0
"C:\Users\scott\OneDrive - NorthMarq Capital, LLC\Team Briggs - Documents\_WORKFLOW\BOV Master Sheet - Briggs.xlsx",Pro Forma,G10,,0
"C:\Users\scott\OneDrive - NorthMarq Capital, LLC\Team Briggs - Documents\_WORKFLOW\BOV Master Sheet - Briggs.xlsx",Pro Forma,H10,,0
"C:\Users\scott\OneDrive - NorthMarq Capital, LLC\Team Briggs - Documents\_WORKFLOW\BOV Master Sheet - Briggs.xlsx",Pro Forma,I10,,0
"C:\Users\scott\OneDrive - NorthMarq Capital, LLC\Team Briggs - Documents\_WORKFLOW\BOV Master Sheet - Briggs.xlsx",Pro Forma,J10,,0
"C:\Users\scott\OneDrive - NorthMarq Capital, LLC\Team Briggs - Documents\_WORKFLOW\BOV Master Sheet - Briggs.xlsx",Pro Forma,K10,,0
"C:\Users\scott\OneDrive - NorthMarq Capital, LLC\Team Briggs - Documents\_WORKFLOW\BOV Master Sheet - Briggs.xlsx",Pro Forma,L10,,0
"C:\Users\scott\OneDrive - NorthMarq Capital, LLC\Team Briggs - Documents\_WORKFLOW\BOV Master Sheet - Briggs.xlsx",Pro Forma,M10,,0
"C:\Users\scott\OneDrive - NorthMarq Capital, LLC\Team Briggs - Documents\_WORKFLOW\BOV Master Sheet - Briggs.xlsx",Pro Forma,A11,,EFFECTIVE GROSS REVENUE
"C:\Users\scott\OneDrive - NorthMarq Capital, LLC\Team Briggs - Documents\_WORKFLOW\BOV Master Sheet - Briggs.xlsx",Pro Forma,B11,  Additional Tenant 4,
"C:\Users\scott\OneDrive - NorthMarq Capital, LLC\Team Briggs - Documents\_WORKFLOW\BOV Master Sheet - Briggs.xlsx",Pro Forma,C11,Annual,
"C:\Users\scott\OneDrive - NorthMarq Capital, LLC\Team Briggs - Documents\_WORKFLOW\BOV Master Sheet - Briggs.xlsx",Pro Forma,D11,,"=IFERROR(IFERROR(D8,0)+IFERROR(D9,0)+IFERROR(D10,0),"""")"
"C:\Users\scott\OneDrive - NorthMarq Capital, LLC\Team Briggs - Documents\_WORKFLOW\BOV Master Sheet - Briggs.xlsx",Pro Forma,E11,,"=IFERROR(IFERROR(E8,0)+IFERROR(E9,0)+IFERROR(E10,0),"""")"
"C:\Users\scott\OneDrive - NorthMarq Capital, LLC\Team Briggs - Documents\_WORKFLOW\BOV Master Sheet - Briggs.xlsx",Pro Forma,F11,,"=IFERROR(IFERROR(F8,0)+IFERROR(F9,0)+IFERROR(F10,0),"""")"
"C:\Users\scott\OneDrive - NorthMarq Capital, LLC\Team Briggs - Documents\_WORKFLOW\BOV Master Sheet - Briggs.xlsx",Pro Forma,G11,,"=IFERROR(IFERROR(G8,0)+IFERROR(G9,0)+IFERROR(G10,0),"""")"
"C:\Users\scott\OneDrive - NorthMarq Capital, LLC\Team Briggs - Documents\_WORKFLOW\BOV Master Sheet - Briggs.xlsx",Pro Forma,H11,,"=IFERROR(IFERROR(H8,0)+IFERROR(H9,0)+IFERROR(H10,0),"""")"
"C:\Users\scott\OneDrive - NorthMarq Capital, LLC\Team Briggs - Documents\_WORKFLOW\BOV Master Sheet - Briggs.xlsx",Pro Forma,I11,,"=IFERROR(IFERROR(I8,0)+IFERROR(I9,0)+IFERROR(I10,0),"""")"
"C:\Users\scott\OneDrive - NorthMarq Capital, LLC\Team Briggs - Documents\_WORKFLOW\BOV Master Sheet - Briggs.xlsx",Pro Forma,J11,,"=IFERROR(IFERROR(J8,0)+IFERROR(J9,0)+IFERROR(J10,0),"""")"
"C:\Users\scott\OneDrive - NorthMarq Capital, LLC\Team Briggs - Documents\_WORKFLOW\BOV Master Sheet - Briggs.xlsx",Pro Forma,K11,,"=IFERROR(IFERROR(K8,0)+IFERROR(K9,0)+IFERROR(K10,0),"""")"
"C:\Users\scott\OneDrive - NorthMarq Capital, LLC\Team Briggs - Documents\_WORKFLOW\BOV Master Sheet - Briggs.xlsx",Pro Forma,L11,,"=IFERROR(IFERROR(L8,0)+IFERROR(L9,0)+IFERROR(L10,0),"""")"
"C:\Users\scott\OneDrive - NorthMarq Capital, LLC\Team Briggs - Documents\_WORKFLOW\BOV Master Sheet - Briggs.xlsx",Pro Forma,M11,,"=IFERROR(IFERROR(M8,0)+IFERROR(M9,0)+IFERROR(M10,0),"""")"
"C:\Users\scott\OneDrive - NorthMarq Capital, LLC\Team Briggs - Documents\_WORKFLOW\BOV Master Sheet - Briggs.xlsx",Pro Forma,B12,  Vacancy / Credit Loss,
"C:\Users\scott\OneDrive - NorthMarq Capital, LLC\Team Briggs - Documents\_WORKFLOW\BOV Master Sheet - Briggs.xlsx",Pro Forma,C12,%(EGI),
"C:\Users\scott\OneDrive - NorthMarq Capital, LLC\Team Briggs - Documents\_WORKFLOW\BOV Master Sheet - Briggs.xlsx",Pro Forma,D12,"=IFERROR(-D8*'Assumptions & Flags'!C11,"""")",
"C:\Users\scott\OneDrive - NorthMarq Capital, LLC\Team Briggs - Documents\_WORKFLOW\BOV Master Sheet - Briggs.xlsx",Pro Forma,E12,"=IFERROR(-E8*'Assumptions & Flags'!C11,"""")",
"C:\Users\scott\OneDrive - NorthMarq Capital, LLC\Team Briggs - Documents\_WORKFLOW\BOV Master Sheet - Briggs.xlsx",Pro Forma,F12,"=IFERROR(-F8*'Assumptions & Flags'!C11,"""")",
"C:\Users\scott\OneDrive - NorthMarq Capital, LLC\Team Briggs - Documents\_WORKFLOW\BOV Master Sheet - Briggs.xlsx",Pro Forma,G12,"=IFERROR(-G8*'Assumptions & Flags'!C11,"""")",
"C:\Users\scott\OneDrive - NorthMarq Capital, LLC\Team Briggs - Documents\_WORKFLOW\BOV Master Sheet - Briggs.xlsx",Pro Forma,H12,"=IFERROR(-H8*'Assumptions & Flags'!C11,"""")",
"C:\Users\scott\OneDrive - NorthMarq Capital, LLC\Team Briggs - Documents\_WORKFLOW\BOV Master Sheet - Briggs.xlsx",Pro Forma,I12,"=IFERROR(-I8*'Assumptions & Flags'!C11,"""")",
"C:\Users\scott\OneDrive - NorthMarq Capital, LLC\Team Briggs - Documents\_WORKFLOW\BOV Master Sheet - Briggs.xlsx",Pro Forma,J12,"=IFERROR(-J8*'Assumptions & Flags'!C11,"""")",
"C:\Users\scott\OneDrive - NorthMarq Capital, LLC\Team Briggs - Documents\_WORKFLOW\BOV Master Sheet - Briggs.xlsx",Pro Forma,K12,"=IFERROR(-K8*'Assumptions & Flags'!C11,"""")",
"C:\Users\scott\OneDrive - NorthMarq Capital, LLC\Team Briggs - Documents\_WORKFLOW\BOV Master Sheet - Briggs.xlsx",Pro Forma,L12,"=IFERROR(-L8*'Assumptions & Flags'!C11,"""")",
"C:\Users\scott\OneDrive - NorthMarq Capital, LLC\Team Briggs - Documents\_WORKFLOW\BOV Master Sheet - Briggs.xlsx",Pro Forma,M12,"=IFERROR(-M8*'Assumptions & Flags'!C11,"""")",
"C:\Users\scott\OneDrive - NorthMarq Capital, LLC\Team Briggs - Documents\_WORKFLOW\BOV Master Sheet - Briggs.xlsx",Pro Forma,A13,,EXPENSES
"C:\Users\scott\OneDrive - NorthMarq Capital, LLC\Team Briggs - Documents\_WORKFLOW\BOV Master Sheet - Briggs.xlsx",Pro Forma,B13,  Expense Reimbursements,
"C:\Users\scott\OneDrive - NorthMarq Capital, LLC\Team Briggs - Documents\_WORKFLOW\BOV Master Sheet - Briggs.xlsx",Pro Forma,C13,Gross/MG only,
"C:\Users\scott\OneDrive - NorthMarq Capital, LLC\Team Briggs - Documents\_WORKFLOW\BOV Master Sheet - Briggs.xlsx",Pro Forma,A14,,Management Fee
"C:\Users\scott\OneDrive - NorthMarq Capital, LLC\Team Briggs - Documents\_WORKFLOW\BOV Master Sheet - Briggs.xlsx",Pro Forma,B14,Effective Gross Revenue,
"C:\Users\scott\OneDrive - NorthMarq Capital, LLC\Team Briggs - Documents\_WORKFLOW\BOV Master Sheet - Briggs.xlsx",Pro Forma,D14,"=IFERROR(SUM(D8:D13),"""")","=IFERROR(IF(D11="""","""",D11*'Assumptions & Flags'!$C$30),"""")"
"C:\Users\scott\OneDrive - NorthMarq Capital, LLC\Team Briggs - Documents\_WORKFLOW\BOV Master Sheet - Briggs.xlsx",Pro Forma,E14,"=IFERROR(SUM(E8:E13),"""")","=IFERROR(IF(E11="""","""",E11*'Assumptions & Flags'!$C$30),"""")"
"C:\Users\scott\OneDrive - NorthMarq Capital, LLC\Team Briggs - Documents\_WORKFLOW\BOV Master Sheet - Briggs.xlsx",Pro Forma,F14,"=IFERROR(SUM(F8:F13),"""")","=IFERROR(IF(F11="""","""",F11*'Assumptions & Flags'!$C$30),"""")"
"C:\Users\scott\OneDrive - NorthMarq Capital, LLC\Team Briggs - Documents\_WORKFLOW\BOV Master Sheet - Briggs.xlsx",Pro Forma,G14,"=IFERROR(SUM(G8:G13),"""")","=IFERROR(IF(G11="""","""",G11*'Assumptions & Flags'!$C$30),"""")"
"C:\Users\scott\OneDrive - NorthMarq Capital, LLC\Team Briggs - Documents\_WORKFLOW\BOV Master Sheet - Briggs.xlsx",Pro Forma,H14,"=IFERROR(SUM(H8:H13),"""")","=IFERROR(IF(H11="""","""",H11*'Assumptions & Flags'!$C$30),"""")"
"C:\Users\scott\OneDrive - NorthMarq Capital, LLC\Team Briggs - Documents\_WORKFLOW\BOV Master Sheet - Briggs.xlsx",Pro Forma,I14,"=IFERROR(SUM(I8:I13),"""")","=IFERROR(IF(I11="""","""",I11*'Assumptions & Flags'!$C$30),"""")"
"C:\Users\scott\OneDrive - NorthMarq Capital, LLC\Team Briggs - Documents\_WORKFLOW\BOV Master Sheet - Briggs.xlsx",Pro Forma,J14,"=IFERROR(SUM(J8:J13),"""")","=IFERROR(IF(J11="""","""",J11*'Assumptions & Flags'!$C$30),"""")"
"C:\Users\scott\OneDrive - NorthMarq Capital, LLC\Team Briggs - Documents\_WORKFLOW\BOV Master Sheet - Briggs.xlsx",Pro Forma,K14,"=IFERROR(SUM(K8:K13),"""")","=IFERROR(IF(K11="""","""",K11*'Assumptions & Flags'!$C$30),"""")"
"C:\Users\scott\OneDrive - NorthMarq Capital, LLC\Team Briggs - Documents\_WORKFLOW\BOV Master Sheet - Briggs.xlsx",Pro Forma,L14,"=IFERROR(SUM(L8:L13),"""")","=IFERROR(IF(L11="""","""",L11*'Assumptions & Flags'!$C$30),"""")"
"C:\Users\scott\OneDrive - NorthMarq Capital, LLC\Team Briggs - Documents\_WORKFLOW\BOV Master Sheet - Briggs.xlsx",Pro Forma,M14,"=IFERROR(SUM(M8:M13),"""")","=IFERROR(IF(M11="""","""",M11*'Assumptions & Flags'!$C$30),"""")"
"C:\Users\scott\OneDrive - NorthMarq Capital, LLC\Team Briggs - Documents\_WORKFLOW\BOV Master Sheet - Briggs.xlsx",Pro Forma,A15,,Real Estate Taxes (LL Responsibility)
"C:\Users\scott\OneDrive - NorthMarq Capital, LLC\Team Briggs - Documents\_WORKFLOW\BOV Master Sheet - Briggs.xlsx",Pro Forma,N15,,NNN = $0 typically
"C:\Users\scott\OneDrive - NorthMarq Capital, LLC\Team Briggs - Documents\_WORKFLOW\BOV Master Sheet - Briggs.xlsx",Pro Forma,A16,  EXPENSES,Insurance (LL Responsibility)
"C:\Users\scott\OneDrive - NorthMarq Capital, LLC\Team Briggs - Documents\_WORKFLOW\BOV Master Sheet - Briggs.xlsx",Pro Forma,A17,,Capital / Replacement Reserves
"C:\Users\scott\OneDrive - NorthMarq Capital, LLC\Team Briggs - Documents\_WORKFLOW\BOV Master Sheet - Briggs.xlsx",Pro Forma,B17,  Real Estate Taxes,
"C:\Users\scott\OneDrive - NorthMarq Capital, LLC\Team Briggs - Documents\_WORKFLOW\BOV Master Sheet - Briggs.xlsx",Pro Forma,C17,Annual,
"C:\Users\scott\OneDrive - NorthMarq Capital, LLC\Team Briggs - Documents\_WORKFLOW\BOV Master Sheet - Briggs.xlsx",Pro Forma,D17,,"=IFERROR(IF('Assumptions & Flags'!$C$31="""","""",'Assumptions & Flags'!$C$31),"""")"
"C:\Users\scott\OneDrive - NorthMarq Capital, LLC\Team Briggs - Documents\_WORKFLOW\BOV Master Sheet - Briggs.xlsx",Pro Forma,E17,,"=IFERROR(IF('Assumptions & Flags'!$C$31="""","""",'Assumptions & Flags'!$C$31),"""")"
"C:\Users\scott\OneDrive - NorthMarq Capital, LLC\Team Briggs - Documents\_WORKFLOW\BOV Master Sheet - Briggs.xlsx",Pro Forma,F17,,"=IFERROR(IF('Assumptions & Flags'!$C$31="""","""",'Assumptions & Flags'!$C$31),"""")"
"C:\Users\scott\OneDrive - NorthMarq Capital, LLC\Team Briggs - Documents\_WORKFLOW\BOV Master Sheet - Briggs.xlsx",Pro Forma,G17,,"=IFERROR(IF('Assumptions & Flags'!$C$31="""","""",'Assumptions & Flags'!$C$31),"""")"
"C:\Users\scott\OneDrive - NorthMarq Capital, LLC\Team Briggs - Documents\_WORKFLOW\BOV Master Sheet - Briggs.xlsx",Pro Forma,H17,,"=IFERROR(IF('Assumptions & Flags'!$C$31="""","""",'Assumptions & Flags'!$C$31),"""")"
"C:\Users\scott\OneDrive - NorthMarq Capital, LLC\Team Briggs - Documents\_WORKFLOW\BOV Master Sheet - Briggs.xlsx",Pro Forma,I17,,"=IFERROR(IF('Assumptions & Flags'!$C$31="""","""",'Assumptions & Flags'!$C$31),"""")"
"C:\Users\scott\OneDrive - NorthMarq Capital, LLC\Team Briggs - Documents\_WORKFLOW\BOV Master Sheet - Briggs.xlsx",Pro Forma,J17,,"=IFERROR(IF('Assumptions & Flags'!$C$31="""","""",'Assumptions & Flags'!$C$31),"""")"
"C:\Users\scott\OneDrive - NorthMarq Capital, LLC\Team Briggs - Documents\_WORKFLOW\BOV Master Sheet - Briggs.xlsx",Pro Forma,K17,,"=IFERROR(IF('Assumptions & Flags'!$C$31="""","""",'Assumptions & Flags'!$C$31),"""")"
"C:\Users\scott\OneDrive - NorthMarq Capital, LLC\Team Briggs - Documents\_WORKFLOW\BOV Master Sheet - Briggs.xlsx",Pro Forma,L17,,"=IFERROR(IF('Assumptions & Flags'!$C$31="""","""",'Assumptions & Flags'!$C$31),"""")"
"C:\Users\scott\OneDrive - NorthMarq Capital, LLC\Team Briggs - Documents\_WORKFLOW\BOV Master Sheet - Briggs.xlsx",Pro Forma,M17,,"=IFERROR(IF('Assumptions & Flags'!$C$31="""","""",'Assumptions & Flags'!$C$31),"""")"
"C:\Users\scott\OneDrive - NorthMarq Capital, LLC\Team Briggs - Documents\_WORKFLOW\BOV Master Sheet - Briggs.xlsx",Pro Forma,A18,,TOTAL OPERATING EXPENSES
"C:\Users\scott\OneDrive - NorthMarq Capital, LLC\Team Briggs - Documents\_WORKFLOW\BOV Master Sheet - Briggs.xlsx",Pro Forma,B18,  Insurance,
"C:\Users\scott\OneDrive - NorthMarq Capital, LLC\Team Briggs - Documents\_WORKFLOW\BOV Master Sheet - Briggs.xlsx",Pro Forma,C18,Annual,
"C:\Users\scott\OneDrive - NorthMarq Capital, LLC\Team Briggs - Documents\_WORKFLOW\BOV Master Sheet - Briggs.xlsx",Pro Forma,D18,,"=IFERROR(SUM(D14:D17),"""")"
"C:\Users\scott\OneDrive - NorthMarq Capital, LLC\Team Briggs - Documents\_WORKFLOW\BOV Master Sheet - Briggs.xlsx",Pro Forma,E18,,"=IFERROR(SUM(E14:E17),"""")"
"C:\Users\scott\OneDrive - NorthMarq Capital, LLC\Team Briggs - Documents\_WORKFLOW\BOV Master Sheet - Briggs.xlsx",Pro Forma,F18,,"=IFERROR(SUM(F14:F17),"""")"
"C:\Users\scott\OneDrive - NorthMarq Capital, LLC\Team Briggs - Documents\_WORKFLOW\BOV Master Sheet - Briggs.xlsx",Pro Forma,G18,,"=IFERROR(SUM(G14:G17),"""")"
"C:\Users\scott\OneDrive - NorthMarq Capital, LLC\Team Briggs - Documents\_WORKFLOW\BOV Master Sheet - Briggs.xlsx",Pro Forma,H18,,"=IFERROR(SUM(H14:H17),"""")"
"C:\Users\scott\OneDrive - NorthMarq Capital, LLC\Team Briggs - Documents\_WORKFLOW\BOV Master Sheet - Briggs.xlsx",Pro Forma,I18,,"=IFERROR(SUM(I14:I17),"""")"
"C:\Users\scott\OneDrive - NorthMarq Capital, LLC\Team Briggs - Documents\_WORKFLOW\BOV Master Sheet - Briggs.xlsx",Pro Forma,J18,,"=IFERROR(SUM(J14:J17),"""")"
"C:\Users\scott\OneDrive - NorthMarq Capital, LLC\Team Briggs - Documents\_WORKFLOW\BOV Master Sheet - Briggs.xlsx",Pro Forma,K18,,"=IFERROR(SUM(K14:K17),"""")"
"C:\Users\scott\OneDrive - NorthMarq Capital, LLC\Team Briggs - Documents\_WORKFLOW\BOV Master Sheet - Briggs.xlsx",Pro Forma,L18,,"=IFERROR(SUM(L14:L17),"""")"
"C:\Users\scott\OneDrive - NorthMarq Capital, LLC\Team Briggs - Documents\_WORKFLOW\BOV Master Sheet - Briggs.xlsx",Pro Forma,M18,,"=IFERROR(SUM(M14:M17),"""")"
"C:\Users\scott\OneDrive - NorthMarq Capital, LLC\Team Briggs - Documents\_WORKFLOW\BOV Master Sheet - Briggs.xlsx",Pro Forma,B19,  Common Area Maintenance,
"C:\Users\scott\OneDrive - NorthMarq Capital, LLC\Team Briggs - Documents\_WORKFLOW\BOV Master Sheet - Briggs.xlsx",Pro Forma,C19,Annual,
"C:\Users\scott\OneDrive - NorthMarq Capital, LLC\Team Briggs - Documents\_WORKFLOW\BOV Master Sheet - Briggs.xlsx",Pro Forma,A20,,NET OPERATING INCOME (NOI)
"C:\Users\scott\OneDrive - NorthMarq Capital, LLC\Team Briggs - Documents\_WORKFLOW\BOV Master Sheet - Briggs.xlsx",Pro Forma,B20,  Management Fee,
"C:\Users\scott\OneDrive - NorthMarq Capital, LLC\Team Briggs - Documents\_WORKFLOW\BOV Master Sheet - Briggs.xlsx",Pro Forma,C20,%(EGI),
"C:\Users\scott\OneDrive - NorthMarq Capital, LLC\Team Briggs - Documents\_WORKFLOW\BOV Master Sheet - Briggs.xlsx",Pro Forma,D20,"=IFERROR(D14*'Assumptions & Flags'!C12,"""")","=IFERROR(D11-D18,"""")"
"C:\Users\scott\OneDrive - NorthMarq Capital, LLC\Team Briggs - Documents\_WORKFLOW\BOV Master Sheet - Briggs.xlsx",Pro Forma,E20,"=IFERROR(E14*'Assumptions & Flags'!C12,"""")","=IFERROR(E11-E18,"""")"
"C:\Users\scott\OneDrive - NorthMarq Capital, LLC\Team Briggs - Documents\_WORKFLOW\BOV Master Sheet - Briggs.xlsx",Pro Forma,F20,"=IFERROR(F14*'Assumptions & Flags'!C12,"""")","=IFERROR(F11-F18,"""")"
"C:\Users\scott\OneDrive - NorthMarq Capital, LLC\Team Briggs - Documents\_WORKFLOW\BOV Master Sheet - Briggs.xlsx",Pro Forma,G20,"=IFERROR(G14*'Assumptions & Flags'!C12,"""")","=IFERROR(G11-G18,"""")"
"C:\Users\scott\OneDrive - NorthMarq Capital, LLC\Team Briggs - Documents\_WORKFLOW\BOV Master Sheet - Briggs.xlsx",Pro Forma,H20,"=IFERROR(H14*'Assumptions & Flags'!C12,"""")","=IFERROR(H11-H18,"""")"
"C:\Users\scott\OneDrive - NorthMarq Capital, LLC\Team Briggs - Documents\_WORKFLOW\BOV Master Sheet - Briggs.xlsx",Pro Forma,I20,"=IFERROR(I14*'Assumptions & Flags'!C12,"""")","=IFERROR(I11-I18,"""")"
"C:\Users\scott\OneDrive - NorthMarq Capital, LLC\Team Briggs - Documents\_WORKFLOW\BOV Master Sheet - Briggs.xlsx",Pro Forma,J20,"=IFERROR(J14*'Assumptions & Flags'!C12,"""")","=IFERROR(J11-J18,"""")"
"C:\Users\scott\OneDrive - NorthMarq Capital, LLC\Team Briggs - Documents\_WORKFLOW\BOV Master Sheet - Briggs.xlsx",Pro Forma,K20,"=IFERROR(K14*'Assumptions & Flags'!C12,"""")","=IFERROR(K11-K18,"""")"
"C:\Users\scott\OneDrive - NorthMarq Capital, LLC\Team Briggs - Documents\_WORKFLOW\BOV Master Sheet - Briggs.xlsx",Pro Forma,L20,"=IFERROR(L14*'Assumptions & Flags'!C12,"""")","=IFERROR(L11-L18,"""")"
"C:\Users\scott\OneDrive - NorthMarq Capital, LLC\Team Briggs - Documents\_WORKFLOW\BOV Master Sheet - Briggs.xlsx",Pro Forma,M20,"=IFERROR(M14*'Assumptions & Flags'!C12,"""")","=IFERROR(M11-M18,"""")"
"C:\Users\scott\OneDrive - NorthMarq Capital, LLC\Team Briggs - Documents\_WORKFLOW\BOV Master Sheet - Briggs.xlsx",Pro Forma,B21,  Capital Reserves,
"C:\Users\scott\OneDrive - NorthMarq Capital, LLC\Team Briggs - Documents\_WORKFLOW\BOV Master Sheet - Briggs.xlsx",Pro Forma,C21,Annual,
"C:\Users\scott\OneDrive - NorthMarq Capital, LLC\Team Briggs - Documents\_WORKFLOW\BOV Master Sheet - Briggs.xlsx",Pro Forma,A22,,UNLEVERAGED INVESTMENT ANALYSIS
"C:\Users\scott\OneDrive - NorthMarq Capital, LLC\Team Briggs - Documents\_WORKFLOW\BOV Master Sheet - Briggs.xlsx",Pro Forma,B22,  Other Operating Expenses,
"C:\Users\scott\OneDrive - NorthMarq Capital, LLC\Team Briggs - Documents\_WORKFLOW\BOV Master Sheet - Briggs.xlsx",Pro Forma,C22,Annual,
"C:\Users\scott\OneDrive - NorthMarq Capital, LLC\Team Briggs - Documents\_WORKFLOW\BOV Master Sheet - Briggs.xlsx",Pro Forma,A23,,"Purchase Price (Year 0, negative outflow)"
"C:\Users\scott\OneDrive - NorthMarq Capital, LLC\Team Briggs - Documents\_WORKFLOW\BOV Master Sheet - Briggs.xlsx",Pro Forma,B23,Total Expenses,
"C:\Users\scott\OneDrive - NorthMarq Capital, LLC\Team Briggs - Documents\_WORKFLOW\BOV Master Sheet - Briggs.xlsx",Pro Forma,C23,,"=IFERROR(IF('Assumptions & Flags'!$C$36="""","""",-'Assumptions & Flags'!$C$36),"""")"
"C:\Users\scott\OneDrive - NorthMarq Capital, LLC\Team Briggs - Documents\_WORKFLOW\BOV Master Sheet - Briggs.xlsx",Pro Forma,D23,"=IFERROR(SUM(D17:D22),"""")",
"C:\Users\scott\OneDrive - NorthMarq Capital, LLC\Team Briggs - Documents\_WORKFLOW\BOV Master Sheet - Briggs.xlsx",Pro Forma,E23,"=IFERROR(SUM(E17:E22),"""")",
"C:\Users\scott\OneDrive - NorthMarq Capital, LLC\Team Briggs - Documents\_WORKFLOW\BOV Master Sheet - Briggs.xlsx",Pro Forma,F23,"=IFERROR(SUM(F17:F22),"""")",
"C:\Users\scott\OneDrive - NorthMarq Capital, LLC\Team Briggs - Documents\_WORKFLOW\BOV Master Sheet - Briggs.xlsx",Pro Forma,G23,"=IFERROR(SUM(G17:G22),"""")",
"C:\Users\scott\OneDrive - NorthMarq Capital, LLC\Team Briggs - Documents\_WORKFLOW\BOV Master Sheet - Briggs.xlsx",Pro Forma,H23,"=IFERROR(SUM(H17:H22),"""")",
"C:\Users\scott\OneDrive - NorthMarq Capital, LLC\Team Briggs - Documents\_WORKFLOW\BOV Master Sheet - Briggs.xlsx",Pro Forma,I23,"=IFERROR(SUM(I17:I22),"""")",
"C:\Users\scott\OneDrive - NorthMarq Capital, LLC\Team Briggs - Documents\_WORKFLOW\BOV Master Sheet - Briggs.xlsx",Pro Forma,J23,"=IFERROR(SUM(J17:J22),"""")",
"C:\Users\scott\OneDrive - NorthMarq Capital, LLC\Team Briggs - Documents\_WORKFLOW\BOV Master Sheet - Briggs.xlsx",Pro Forma,K23,"=IFERROR(SUM(K17:K22),"""")",
"C:\Users\scott\OneDrive - NorthMarq Capital, LLC\Team Briggs - Documents\_WORKFLOW\BOV Master Sheet - Briggs.xlsx",Pro Forma,L23,"=IFERROR(SUM(L17:L22),"""")",
"C:\Users\scott\OneDrive - NorthMarq Capital, LLC\Team Briggs - Documents\_WORKFLOW\BOV Master Sheet - Briggs.xlsx",Pro Forma,M23,"=IFERROR(SUM(M17:M22),"""")",
"C:\Users\scott\OneDrive - NorthMarq Capital, LLC\Team Briggs - Documents\_WORKFLOW\BOV Master Sheet - Briggs.xlsx",Pro Forma,N23,,Col C = Year 0 outflow
"C:\Users\scott\OneDrive - NorthMarq Capital, LLC\Team Briggs - Documents\_WORKFLOW\BOV Master Sheet - Briggs.xlsx",Pro Forma,A24,,Annual NOI Cash Flows (Years 1-10)
"C:\Users\scott\OneDrive - NorthMarq Capital, LLC\Team Briggs - Documents\_WORKFLOW\BOV Master Sheet - Briggs.xlsx",Pro Forma,D24,,"=IFERROR(D20,"""")"
"C:\Users\scott\OneDrive - NorthMarq Capital, LLC\Team Briggs - Documents\_WORKFLOW\BOV Master Sheet - Briggs.xlsx",Pro Forma,E24,,"=IFERROR(E20,"""")"
"C:\Users\scott\OneDrive - NorthMarq Capital, LLC\Team Briggs - Documents\_WORKFLOW\BOV Master Sheet - Briggs.xlsx",Pro Forma,F24,,"=IFERROR(F20,"""")"
"C:\Users\scott\OneDrive - NorthMarq Capital, LLC\Team Briggs - Documents\_WORKFLOW\BOV Master Sheet - Briggs.xlsx",Pro Forma,G24,,"=IFERROR(G20,"""")"
"C:\Users\scott\OneDrive - NorthMarq Capital, LLC\Team Briggs - Documents\_WORKFLOW\BOV Master Sheet - Briggs.xlsx",Pro Forma,H24,,"=IFERROR(H20,"""")"
"C:\Users\scott\OneDrive - NorthMarq Capital, LLC\Team Briggs - Documents\_WORKFLOW\BOV Master Sheet - Briggs.xlsx",Pro Forma,I24,,"=IFERROR(I20,"""")"
"C:\Users\scott\OneDrive - NorthMarq Capital, LLC\Team Briggs - Documents\_WORKFLOW\BOV Master Sheet - Briggs.xlsx",Pro Forma,J24,,"=IFERROR(J20,"""")"
"C:\Users\scott\OneDrive - NorthMarq Capital, LLC\Team Briggs - Documents\_WORKFLOW\BOV Master Sheet - Briggs.xlsx",Pro Forma,K24,,"=IFERROR(K20,"""")"
"C:\Users\scott\OneDrive - NorthMarq Capital, LLC\Team Briggs - Documents\_WORKFLOW\BOV Master Sheet - Briggs.xlsx",Pro Forma,L24,,"=IFERROR(L20,"""")"
"C:\Users\scott\OneDrive - NorthMarq Capital, LLC\Team Briggs - Documents\_WORKFLOW\BOV Master Sheet - Briggs.xlsx",Pro Forma,M24,,"=IFERROR(M20,"""")"
"C:\Users\scott\OneDrive - NorthMarq Capital, LLC\Team Briggs - Documents\_WORKFLOW\BOV Master Sheet - Briggs.xlsx",Pro Forma,A25,  NET OPERATING INCOME,Net Reversion (Year 10)
"C:\Users\scott\OneDrive - NorthMarq Capital, LLC\Team Briggs - Documents\_WORKFLOW\BOV Master Sheet - Briggs.xlsx",Pro Forma,M25,,"=IFERROR('Assumptions & Flags'!$I$25,"""")"
"C:\Users\scott\OneDrive - NorthMarq Capital, LLC\Team Briggs - Documents\_WORKFLOW\BOV Master Sheet - Briggs.xlsx",Pro Forma,N25,,Gross − 5% bkg − 1% costs
"C:\Users\scott\OneDrive - NorthMarq Capital, LLC\Team Briggs - Documents\_WORKFLOW\BOV Master Sheet - Briggs.xlsx",Pro Forma,A26,,UNLEVERAGED CASH FLOW (for IRR)
"C:\Users\scott\OneDrive - NorthMarq Capital, LLC\Team Briggs - Documents\_WORKFLOW\BOV Master Sheet - Briggs.xlsx",Pro Forma,B26,Net Operating Income (NOI),
"C:\Users\scott\OneDrive - NorthMarq Capital, LLC\Team Briggs - Documents\_WORKFLOW\BOV Master Sheet - Briggs.xlsx",Pro Forma,C26,,"=IFERROR(C23,"""")"
"C:\Users\scott\OneDrive - NorthMarq Capital, LLC\Team Briggs - Documents\_WORKFLOW\BOV Master Sheet - Briggs.xlsx",Pro Forma,D26,"=IFERROR(D14-D23,"""")","=IFERROR(D24,"""")"
"C:\Users\scott\OneDrive - NorthMarq Capital, LLC\Team Briggs - Documents\_WORKFLOW\BOV Master Sheet - Briggs.xlsx",Pro Forma,E26,"=IFERROR(E14-E23,"""")","=IFERROR(E24,"""")"
"C:\Users\scott\OneDrive - NorthMarq Capital, LLC\Team Briggs - Documents\_WORKFLOW\BOV Master Sheet - Briggs.xlsx",Pro Forma,F26,"=IFERROR(F14-F23,"""")","=IFERROR(F24,"""")"
"C:\Users\scott\OneDrive - NorthMarq Capital, LLC\Team Briggs - Documents\_WORKFLOW\BOV Master Sheet - Briggs.xlsx",Pro Forma,G26,"=IFERROR(G14-G23,"""")","=IFERROR(G24,"""")"
"C:\Users\scott\OneDrive - NorthMarq Capital, LLC\Team Briggs - Documents\_WORKFLOW\BOV Master Sheet - Briggs.xlsx",Pro Forma,H26,"=IFERROR(H14-H23,"""")","=IFERROR(H24,"""")"
"C:\Users\scott\OneDrive - NorthMarq Capital, LLC\Team Briggs - Documents\_WORKFLOW\BOV Master Sheet - Briggs.xlsx",Pro Forma,I26,"=IFERROR(I14-I23,"""")","=IFERROR(I24,"""")"
"C:\Users\scott\OneDrive - NorthMarq Capital, LLC\Team Briggs - Documents\_WORKFLOW\BOV Master Sheet - Briggs.xlsx",Pro Forma,J26,"=IFERROR(J14-J23,"""")","=IFERROR(J24,"""")"
"C:\Users\scott\OneDrive - NorthMarq Capital, LLC\Team Briggs - Documents\_WORKFLOW\BOV Master Sheet - Briggs.xlsx",Pro Forma,K26,"=IFERROR(K14-K23,"""")","=IFERROR(K24,"""")"
"C:\Users\scott\OneDrive - NorthMarq Capital, LLC\Team Briggs - Documents\_WORKFLOW\BOV Master Sheet - Briggs.xlsx",Pro Forma,L26,"=IFERROR(L14-L23,"""")","=IFERROR(L24,"""")"
"C:\Users\scott\OneDrive - NorthMarq Capital, LLC\Team Briggs - Documents\_WORKFLOW\BOV Master Sheet - Briggs.xlsx",Pro Forma,M26,"=IFERROR(M14-M23,"""")","=IFERROR(IF(M24="""","""",M24+M25),"""")"
"C:\Users\scott\OneDrive - NorthMarq Capital, LLC\Team Briggs - Documents\_WORKFLOW\BOV Master Sheet - Briggs.xlsx",Pro Forma,A28,  VALUATION MATRIX — Year 1 NOI,
"C:\Users\scott\OneDrive - NorthMarq Capital, LLC\Team Briggs - Documents\_WORKFLOW\BOV Master Sheet - Briggs.xlsx",Pro Forma,C28,,UNLEVERAGED IRR
"C:\Users\scott\OneDrive - NorthMarq Capital, LLC\Team Briggs - Documents\_WORKFLOW\BOV Master Sheet - Briggs.xlsx",Pro Forma,G28,,EQUITY REALIZATION MULTIPLE
"C:\Users\scott\OneDrive - NorthMarq Capital, LLC\Team Briggs - Documents\_WORKFLOW\BOV Master Sheet - Briggs.xlsx",Pro Forma,K28,,AVG CASH-ON-CASH RETURN
"C:\Users\scott\OneDrive - NorthMarq Capital, LLC\Team Briggs - Documents\_WORKFLOW\BOV Master Sheet - Briggs.xlsx",Pro Forma,B29,NOI Scenario,
"C:\Users\scott\OneDrive - NorthMarq Capital, LLC\Team Briggs - Documents\_WORKFLOW\BOV Master Sheet - Briggs.xlsx",Pro Forma,C29,0.045,"=IFERROR(IF(C26="""","""",IRR(C26:M26)),"""")"
"C:\Users\scott\OneDrive - NorthMarq Capital, LLC\Team Briggs - Documents\_WORKFLOW\BOV Master Sheet - Briggs.xlsx",Pro Forma,D29,0.05,
"C:\Users\scott\OneDrive - NorthMarq Capital, LLC\Team Briggs - Documents\_WORKFLOW\BOV Master Sheet - Briggs.xlsx",Pro Forma,E29,0.055,
"C:\Users\scott\OneDrive - NorthMarq Capital, LLC\Team Briggs - Documents\_WORKFLOW\BOV Master Sheet - Briggs.xlsx",Pro Forma,F29,0.06,
"C:\Users\scott\OneDrive - NorthMarq Capital, LLC\Team Briggs - Documents\_WORKFLOW\BOV Master Sheet - Briggs.xlsx",Pro Forma,G29,0.065,"=IFERROR(IF(OR(C26="""",C26=0),"""",SUM(D26:M26)/(-C26)),"""")"
"C:\Users\scott\OneDrive - NorthMarq Capital, LLC\Team Briggs - Documents\_WORKFLOW\BOV Master Sheet - Briggs.xlsx",Pro Forma,H29,0.07,
"C:\Users\scott\OneDrive - NorthMarq Capital, LLC\Team Briggs - Documents\_WORKFLOW\BOV Master Sheet - Briggs.xlsx",Pro Forma,I29,0.075,
"C:\Users\scott\OneDrive - NorthMarq Capital, LLC\Team Briggs - Documents\_WORKFLOW\BOV Master Sheet - Briggs.xlsx",Pro Forma,K29,,"=IFERROR(IF(OR(C26="""",C26=0),"""",AVERAGE(D26:L26)/(-C26)),"""")"
"C:\Users\scott\OneDrive - NorthMarq Capital, LLC\Team Briggs - Documents\_WORKFLOW\BOV Master Sheet - Briggs.xlsx",Pro Forma,B30,-10% NOI,
"C:\Users\scott\OneDrive - NorthMarq Capital, LLC\Team Briggs - Documents\_WORKFLOW\BOV Master Sheet - Briggs.xlsx",Pro Forma,C30,"=IFERROR(D26*(1+-0.1)/0.045,"""")",
"C:\Users\scott\OneDrive - NorthMarq Capital, LLC\Team Briggs - Documents\_WORKFLOW\BOV Master Sheet - Briggs.xlsx",Pro Forma,D30,"=IFERROR(D26*(1+-0.1)/0.05,"""")",
"C:\Users\scott\OneDrive - NorthMarq Capital, LLC\Team Briggs - Documents\_WORKFLOW\BOV Master Sheet - Briggs.xlsx",Pro Forma,E30,"=IFERROR(D26*(1+-0.1)/0.055,"""")",
"C:\Users\scott\OneDrive - NorthMarq Capital, LLC\Team Briggs - Documents\_WORKFLOW\BOV Master Sheet - Briggs.xlsx",Pro Forma,F30,"=IFERROR(D26*(1+-0.1)/0.06,"""")",
"C:\Users\scott\OneDrive - NorthMarq Capital, LLC\Team Briggs - Documents\_WORKFLOW\BOV Master Sheet - Briggs.xlsx",Pro Forma,G30,"=IFERROR(D26*(1+-0.1)/0.065,"""")",
"C:\Users\scott\OneDrive - NorthMarq Capital, LLC\Team Briggs - Documents\_WORKFLOW\BOV Master Sheet - Briggs.xlsx",Pro Forma,H30,"=IFERROR(D26*(1+-0.1)/0.07,"""")",
"C:\Users\scott\OneDrive - NorthMarq Capital, LLC\Team Briggs - Documents\_WORKFLOW\BOV Master Sheet - Briggs.xlsx",Pro Forma,I30,"=IFERROR(D26*(1+-0.1)/0.075,"""")",
"C:\Users\scott\OneDrive - NorthMarq Capital, LLC\Team Briggs - Documents\_WORKFLOW\BOV Master Sheet - Briggs.xlsx",Pro Forma,B31,-5% NOI,
"C:\Users\scott\OneDrive - NorthMarq Capital, LLC\Team Briggs - Documents\_WORKFLOW\BOV Master Sheet - Briggs.xlsx",Pro Forma,C31,"=IFERROR(D26*(1+-0.05)/0.045,"""")",
"C:\Users\scott\OneDrive - NorthMarq Capital, LLC\Team Briggs - Documents\_WORKFLOW\BOV Master Sheet - Briggs.xlsx",Pro Forma,D31,"=IFERROR(D26*(1+-0.05)/0.05,"""")",
"C:\Users\scott\OneDrive - NorthMarq Capital, LLC\Team Briggs - Documents\_WORKFLOW\BOV Master Sheet - Briggs.xlsx",Pro Forma,E31,"=IFERROR(D26*(1+-0.05)/0.055,"""")",
"C:\Users\scott\OneDrive - NorthMarq Capital, LLC\Team Briggs - Documents\_WORKFLOW\BOV Master Sheet - Briggs.xlsx",Pro Forma,F31,"=IFERROR(D26*(1+-0.05)/0.06,"""")",
"C:\Users\scott\OneDrive - NorthMarq Capital, LLC\Team Briggs - Documents\_WORKFLOW\BOV Master Sheet - Briggs.xlsx",Pro Forma,G31,"=IFERROR(D26*(1+-0.05)/0.065,"""")",
"C:\Users\scott\OneDrive - NorthMarq Capital, LLC\Team Briggs - Documents\_WORKFLOW\BOV Master Sheet - Briggs.xlsx",Pro Forma,H31,"=IFERROR(D26*(1+-0.05)/0.07,"""")",
"C:\Users\scott\OneDrive - NorthMarq Capital, LLC\Team Briggs - Documents\_WORKFLOW\BOV Master Sheet - Briggs.xlsx",Pro Forma,I31,"=IFERROR(D26*(1+-0.05)/0.075,"""")",
"C:\Users\scott\OneDrive - NorthMarq Capital, LLC\Team Briggs - Documents\_WORKFLOW\BOV Master Sheet - Briggs.xlsx",Pro Forma,A32,,CASH FLOW AFTER DEBT SERVICE  —  LEVERAGED ANALYSIS
"C:\Users\scott\OneDrive - NorthMarq Capital, LLC\Team Briggs - Documents\_WORKFLOW\BOV Master Sheet - Briggs.xlsx",Pro Forma,B32,Base NOI,
"C:\Users\scott\OneDrive - NorthMarq Capital, LLC\Team Briggs - Documents\_WORKFLOW\BOV Master Sheet - Briggs.xlsx",Pro Forma,C32,"=IFERROR(D26*(1+0)/0.045,"""")",
"C:\Users\scott\OneDrive - NorthMarq Capital, LLC\Team Briggs - Documents\_WORKFLOW\BOV Master Sheet - Briggs.xlsx",Pro Forma,D32,"=IFERROR(D26*(1+0)/0.05,"""")",
"C:\Users\scott\OneDrive - NorthMarq Capital, LLC\Team Briggs - Documents\_WORKFLOW\BOV Master Sheet - Briggs.xlsx",Pro Forma,E32,"=IFERROR(D26*(1+0)/0.055,"""")",
"C:\Users\scott\OneDrive - NorthMarq Capital, LLC\Team Briggs - Documents\_WORKFLOW\BOV Master Sheet - Briggs.xlsx",Pro Forma,F32,"=IFERROR(D26*(1+0)/0.06,"""")",
"C:\Users\scott\OneDrive - NorthMarq Capital, LLC\Team Briggs - Documents\_WORKFLOW\BOV Master Sheet - Briggs.xlsx",Pro Forma,G32,"=IFERROR(D26*(1+0)/0.065,"""")",
"C:\Users\scott\OneDrive - NorthMarq Capital, LLC\Team Briggs - Documents\_WORKFLOW\BOV Master Sheet - Briggs.xlsx",Pro Forma,H32,"=IFERROR(D26*(1+0)/0.07,"""")",
"C:\Users\scott\OneDrive - NorthMarq Capital, LLC\Team Briggs - Documents\_WORKFLOW\BOV Master Sheet - Briggs.xlsx",Pro Forma,I32,"=IFERROR(D26*(1+0)/0.075,"""")",
"C:\Users\scott\OneDrive - NorthMarq Capital, LLC\Team Briggs - Documents\_WORKFLOW\BOV Master Sheet - Briggs.xlsx",Pro Forma,A33,,Net Operating Income
"C:\Users\scott\OneDrive - NorthMarq Capital, LLC\Team Briggs - Documents\_WORKFLOW\BOV Master Sheet - Briggs.xlsx",Pro Forma,B33,+5% NOI,
"C:\Users\scott\OneDrive - NorthMarq Capital, LLC\Team Briggs - Documents\_WORKFLOW\BOV Master Sheet - Briggs.xlsx",Pro Forma,C33,"=IFERROR(D26*(1+0.05)/0.045,"""")",
"C:\Users\scott\OneDrive - NorthMarq Capital, LLC\Team Briggs - Documents\_WORKFLOW\BOV Master Sheet - Briggs.xlsx",Pro Forma,D33,"=IFERROR(D26*(1+0.05)/0.05,"""")","=IFERROR(D20,"""")"
"C:\Users\scott\OneDrive - NorthMarq Capital, LLC\Team Briggs - Documents\_WORKFLOW\BOV Master Sheet - Briggs.xlsx",Pro Forma,E33,"=IFERROR(D26*(1+0.05)/0.055,"""")","=IFERROR(E20,"""")"
"C:\Users\scott\OneDrive - NorthMarq Capital, LLC\Team Briggs - Documents\_WORKFLOW\BOV Master Sheet - Briggs.xlsx",Pro Forma,F33,"=IFERROR(D26*(1+0.05)/0.06,"""")","=IFERROR(F20,"""")"
"C:\Users\scott\OneDrive - NorthMarq Capital, LLC\Team Briggs - Documents\_WORKFLOW\BOV Master Sheet - Briggs.xlsx",Pro Forma,G33,"=IFERROR(D26*(1+0.05)/0.065,"""")","=IFERROR(G20,"""")"
"C:\Users\scott\OneDrive - NorthMarq Capital, LLC\Team Briggs - Documents\_WORKFLOW\BOV Master Sheet - Briggs.xlsx",Pro Forma,H33,"=IFERROR(D26*(1+0.05)/0.07,"""")","=IFERROR(H20,"""")"
"C:\Users\scott\OneDrive - NorthMarq Capital, LLC\Team Briggs - Documents\_WORKFLOW\BOV Master Sheet - Briggs.xlsx",Pro Forma,I33,"=IFERROR(D26*(1+0.05)/0.075,"""")","=IFERROR(I20,"""")"
"C:\Users\scott\OneDrive - NorthMarq Capital, LLC\Team Briggs - Documents\_WORKFLOW\BOV Master Sheet - Briggs.xlsx",Pro Forma,J33,,"=IFERROR(J20,"""")"
"C:\Users\scott\OneDrive - NorthMarq Capital, LLC\Team Briggs - Documents\_WORKFLOW\BOV Master Sheet - Briggs.xlsx",Pro Forma,K33,,"=IFERROR(K20,"""")"
"C:\Users\scott\OneDrive - NorthMarq Capital, LLC\Team Briggs - Documents\_WORKFLOW\BOV Master Sheet - Briggs.xlsx",Pro Forma,L33,,"=IFERROR(L20,"""")"
"C:\Users\scott\OneDrive - NorthMarq Capital, LLC\Team Briggs - Documents\_WORKFLOW\BOV Master Sheet - Briggs.xlsx",Pro Forma,M33,,"=IFERROR(M20,"""")"
"C:\Users\scott\OneDrive - NorthMarq Capital, LLC\Team Briggs - Documents\_WORKFLOW\BOV Master Sheet - Briggs.xlsx",Pro Forma,A34,,Annual Debt Service
"C:\Users\scott\OneDrive - NorthMarq Capital, LLC\Team Briggs - Documents\_WORKFLOW\BOV Master Sheet - Briggs.xlsx",Pro Forma,B34,+10% NOI,
"C:\Users\scott\OneDrive - NorthMarq Capital, LLC\Team Briggs - Documents\_WORKFLOW\BOV Master Sheet - Briggs.xlsx",Pro Forma,C34,"=IFERROR(D26*(1+0.1)/0.045,"""")",
"C:\Users\scott\OneDrive - NorthMarq Capital, LLC\Team Briggs - Documents\_WORKFLOW\BOV Master Sheet - Briggs.xlsx",Pro Forma,D34,"=IFERROR(D26*(1+0.1)/0.05,"""")","=IFERROR(IF('Assumptions & Flags'!$I$14="""","""",'Assumptions & Flags'!$I$14),"""")"
"C:\Users\scott\OneDrive - NorthMarq Capital, LLC\Team Briggs - Documents\_WORKFLOW\BOV Master Sheet - Briggs.xlsx",Pro Forma,E34,"=IFERROR(D26*(1+0.1)/0.055,"""")","=IFERROR(IF('Assumptions & Flags'!$I$14="""","""",'Assumptions & Flags'!$I$14),"""")"
"C:\Users\scott\OneDrive - NorthMarq Capital, LLC\Team Briggs - Documents\_WORKFLOW\BOV Master Sheet - Briggs.xlsx",Pro Forma,F34,"=IFERROR(D26*(1+0.1)/0.06,"""")","=IFERROR(IF('Assumptions & Flags'!$I$14="""","""",'Assumptions & Flags'!$I$14),"""")"
"C:\Users\scott\OneDrive - NorthMarq Capital, LLC\Team Briggs - Documents\_WORKFLOW\BOV Master Sheet - Briggs.xlsx",Pro Forma,G34,"=IFERROR(D26*(1+0.1)/0.065,"""")","=IFERROR(IF('Assumptions & Flags'!$I$14="""","""",'Assumptions & Flags'!$I$14),"""")"
"C:\Users\scott\OneDrive - NorthMarq Capital, LLC\Team Briggs - Documents\_WORKFLOW\BOV Master Sheet - Briggs.xlsx",Pro Forma,H34,"=IFERROR(D26*(1+0.1)/0.07,"""")","=IFERROR(IF('Assumptions & Flags'!$I$14="""","""",'Assumptions & Flags'!$I$14),"""")"
"C:\Users\scott\OneDrive - NorthMarq Capital, LLC\Team Briggs - Documents\_WORKFLOW\BOV Master Sheet - Briggs.xlsx",Pro Forma,I34,"=IFERROR(D26*(1+0.1)/0.075,"""")","=IFERROR(IF('Assumptions & Flags'!$I$14="""","""",'Assumptions & Flags'!$I$14),"""")"
"C:\Users\scott\OneDrive - NorthMarq Capital, LLC\Team Briggs - Documents\_WORKFLOW\BOV Master Sheet - Briggs.xlsx",Pro Forma,J34,,"=IFERROR(IF('Assumptions & Flags'!$I$14="""","""",'Assumptions & Flags'!$I$14),"""")"
"C:\Users\scott\OneDrive - NorthMarq Capital, LLC\Team Briggs - Documents\_WORKFLOW\BOV Master Sheet - Briggs.xlsx",Pro Forma,K34,,"=IFERROR(IF('Assumptions & Flags'!$I$14="""","""",'Assumptions & Flags'!$I$14),"""")"
"C:\Users\scott\OneDrive - NorthMarq Capital, LLC\Team Briggs - Documents\_WORKFLOW\BOV Master Sheet - Briggs.xlsx",Pro Forma,L34,,"=IFERROR(IF('Assumptions & Flags'!$I$14="""","""",'Assumptions & Flags'!$I$14),"""")"
"C:\Users\scott\OneDrive - NorthMarq Capital, LLC\Team Briggs - Documents\_WORKFLOW\BOV Master Sheet - Briggs.xlsx",Pro Forma,M34,,"=IFERROR(IF('Assumptions & Flags'!$I$14="""","""",'Assumptions & Flags'!$I$14),"""")"
"C:\Users\scott\OneDrive - NorthMarq Capital, LLC\Team Briggs - Documents\_WORKFLOW\BOV Master Sheet - Briggs.xlsx",Pro Forma,N34,,From Assumptions — I14
"C:\Users\scott\OneDrive - NorthMarq Capital, LLC\Team Briggs - Documents\_WORKFLOW\BOV Master Sheet - Briggs.xlsx",Pro Forma,A35,,CASH FLOW AFTER DEBT SERVICE
"C:\Users\scott\OneDrive - NorthMarq Capital, LLC\Team Briggs - Documents\_WORKFLOW\BOV Master Sheet - Briggs.xlsx",Pro Forma,D35,,"=IFERROR(IF(D33="""","""",D33-D34),"""")"
"C:\Users\scott\OneDrive - NorthMarq Capital, LLC\Team Briggs - Documents\_WORKFLOW\BOV Master Sheet - Briggs.xlsx",Pro Forma,E35,,"=IFERROR(IF(E33="""","""",E33-E34),"""")"
"C:\Users\scott\OneDrive - NorthMarq Capital, LLC\Team Briggs - Documents\_WORKFLOW\BOV Master Sheet - Briggs.xlsx",Pro Forma,F35,,"=IFERROR(IF(F33="""","""",F33-F34),"""")"
"C:\Users\scott\OneDrive - NorthMarq Capital, LLC\Team Briggs - Documents\_WORKFLOW\BOV Master Sheet - Briggs.xlsx",Pro Forma,G35,,"=IFERROR(IF(G33="""","""",G33-G34),"""")"
"C:\Users\scott\OneDrive - NorthMarq Capital, LLC\Team Briggs - Documents\_WORKFLOW\BOV Master Sheet - Briggs.xlsx",Pro Forma,H35,,"=IFERROR(IF(H33="""","""",H33-H34),"""")"
"C:\Users\scott\OneDrive - NorthMarq Capital, LLC\Team Briggs - Documents\_WORKFLOW\BOV Master Sheet - Briggs.xlsx",Pro Forma,I35,,"=IFERROR(IF(I33="""","""",I33-I34),"""")"
"C:\Users\scott\OneDrive - NorthMarq Capital, LLC\Team Briggs - Documents\_WORKFLOW\BOV Master Sheet - Briggs.xlsx",Pro Forma,J35,,"=IFERROR(IF(J33="""","""",J33-J34),"""")"
"C:\Users\scott\OneDrive - NorthMarq Capital, LLC\Team Briggs - Documents\_WORKFLOW\BOV Master Sheet - Briggs.xlsx",Pro Forma,K35,,"=IFERROR(IF(K33="""","""",K33-K34),"""")"
"C:\Users\scott\OneDrive - NorthMarq Capital, LLC\Team Briggs - Documents\_WORKFLOW\BOV Master Sheet - Briggs.xlsx",Pro Forma,L35,,"=IFERROR(IF(L33="""","""",L33-L34),"""")"
"C:\Users\scott\OneDrive - NorthMarq Capital, LLC\Team Briggs - Documents\_WORKFLOW\BOV Master Sheet - Briggs.xlsx",Pro Forma,M35,,"=IFERROR(IF(M33="""","""",M33-M34),"""")"
"C:\Users\scott\OneDrive - NorthMarq Capital, LLC\Team Briggs - Documents\_WORKFLOW\BOV Master Sheet - Briggs.xlsx",Pro Forma,A36,  CASH INVESTMENT OUTCOMES — UNLEVERAGED,Debt Coverage Ratio (DCR)
"C:\Users\scott\OneDrive - NorthMarq Capital, LLC\Team Briggs - Documents\_WORKFLOW\BOV Master Sheet - Briggs.xlsx",Pro Forma,D36,,"=IFERROR(IF(OR(D34="""",D34=0),"""",D33/D34),"""")"
"C:\Users\scott\OneDrive - NorthMarq Capital, LLC\Team Briggs - Documents\_WORKFLOW\BOV Master Sheet - Briggs.xlsx",Pro Forma,E36,,"=IFERROR(IF(OR(E34="""",E34=0),"""",E33/E34),"""")"
"C:\Users\scott\OneDrive - NorthMarq Capital, LLC\Team Briggs - Documents\_WORKFLOW\BOV Master Sheet - Briggs.xlsx",Pro Forma,F36,,"=IFERROR(IF(OR(F34="""",F34=0),"""",F33/F34),"""")"
"C:\Users\scott\OneDrive - NorthMarq Capital, LLC\Team Briggs - Documents\_WORKFLOW\BOV Master Sheet - Briggs.xlsx",Pro Forma,G36,,"=IFERROR(IF(OR(G34="""",G34=0),"""",G33/G34),"""")"
"C:\Users\scott\OneDrive - NorthMarq Capital, LLC\Team Briggs - Documents\_WORKFLOW\BOV Master Sheet - Briggs.xlsx",Pro Forma,H36,,"=IFERROR(IF(OR(H34="""",H34=0),"""",H33/H34),"""")"
"C:\Users\scott\OneDrive - NorthMarq Capital, LLC\Team Briggs - Documents\_WORKFLOW\BOV Master Sheet - Briggs.xlsx",Pro Forma,I36,,"=IFERROR(IF(OR(I34="""",I34=0),"""",I33/I34),"""")"
"C:\Users\scott\OneDrive - NorthMarq Capital, LLC\Team Briggs - Documents\_WORKFLOW\BOV Master Sheet - Briggs.xlsx",Pro Forma,J36,,"=IFERROR(IF(OR(J34="""",J34=0),"""",J33/J34),"""")"
"C:\Users\scott\OneDrive - NorthMarq Capital, LLC\Team Briggs - Documents\_WORKFLOW\BOV Master Sheet - Briggs.xlsx",Pro Forma,K36,,"=IFERROR(IF(OR(K34="""",K34=0),"""",K33/K34),"""")"
"C:\Users\scott\OneDrive - NorthMarq Capital, LLC\Team Briggs - Documents\_WORKFLOW\BOV Master Sheet - Briggs.xlsx",Pro Forma,L36,,"=IFERROR(IF(OR(L34="""",L34=0),"""",L33/L34),"""")"
"C:\Users\scott\OneDrive - NorthMarq Capital, LLC\Team Briggs - Documents\_WORKFLOW\BOV Master Sheet - Briggs.xlsx",Pro Forma,M36,,"=IFERROR(IF(OR(M34="""",M34=0),"""",M33/M34),"""")"
"C:\Users\scott\OneDrive - NorthMarq Capital, LLC\Team Briggs - Documents\_WORKFLOW\BOV Master Sheet - Briggs.xlsx",Pro Forma,B37,Exit NOI (Yr 10 × exit cap),
"C:\Users\scott\OneDrive - NorthMarq Capital, LLC\Team Briggs - Documents\_WORKFLOW\BOV Master Sheet - Briggs.xlsx",Pro Forma,N37,"=IFERROR(M26/(1+'Assumptions & Flags'!C9),"""")",
"C:\Users\scott\OneDrive - NorthMarq Capital, LLC\Team Briggs - Documents\_WORKFLOW\BOV Master Sheet - Briggs.xlsx",Pro Forma,A38,,"Equity Investment (Year 0, negative)"
"C:\Users\scott\OneDrive - NorthMarq Capital, LLC\Team Briggs - Documents\_WORKFLOW\BOV Master Sheet - Briggs.xlsx",Pro Forma,B38,Gross Sale Proceeds,
"C:\Users\scott\OneDrive - NorthMarq Capital, LLC\Team Briggs - Documents\_WORKFLOW\BOV Master Sheet - Briggs.xlsx",Pro Forma,C38,,"=IFERROR(IF('Assumptions & Flags'!$I$9="""","""",-'Assumptions & Flags'!$I$9),"""")"
"C:\Users\scott\OneDrive - NorthMarq Capital, LLC\Team Briggs - Documents\_WORKFLOW\BOV Master Sheet - Briggs.xlsx",Pro Forma,N38,"=IFERROR(N37/'Assumptions & Flags'!C9,"""")",Down payment from I9
"C:\Users\scott\OneDrive - NorthMarq Capital, LLC\Team Briggs - Documents\_WORKFLOW\BOV Master Sheet - Briggs.xlsx",Pro Forma,A39,,Net Reversion After Debt Payoff
"C:\Users\scott\OneDrive - NorthMarq Capital, LLC\Team Briggs - Documents\_WORKFLOW\BOV Master Sheet - Briggs.xlsx",Pro Forma,B39,  Less: Brokerage Fee (5%),
"C:\Users\scott\OneDrive - NorthMarq Capital, LLC\Team Briggs - Documents\_WORKFLOW\BOV Master Sheet - Briggs.xlsx",Pro Forma,M39,,"=IFERROR('Assumptions & Flags'!$I$27,"""")"
"C:\Users\scott\OneDrive - NorthMarq Capital, LLC\Team Briggs - Documents\_WORKFLOW\BOV Master Sheet - Briggs.xlsx",Pro Forma,N39,"=IFERROR(-N38*'Assumptions & Flags'!C15,"""")",Net Rev − loan balance
"C:\Users\scott\OneDrive - NorthMarq Capital, LLC\Team Briggs - Documents\_WORKFLOW\BOV Master Sheet - Briggs.xlsx",Pro Forma,A40,,LEVERAGED CASH FLOW (for IRR)
"C:\Users\scott\OneDrive - NorthMarq Capital, LLC\Team Briggs - Documents\_WORKFLOW\BOV Master Sheet - Briggs.xlsx",Pro Forma,B40,  Less: Transaction Costs (1%),
"C:\Users\scott\OneDrive - NorthMarq Capital, LLC\Team Briggs - Documents\_WORKFLOW\BOV Master Sheet - Briggs.xlsx",Pro Forma,C40,,"=IFERROR(C38,"""")"
"C:\Users\scott\OneDrive - NorthMarq Capital, LLC\Team Briggs - Documents\_WORKFLOW\BOV Master Sheet - Briggs.xlsx",Pro Forma,D40,,"=IFERROR(D35,"""")"
"C:\Users\scott\OneDrive - NorthMarq Capital, LLC\Team Briggs - Documents\_WORKFLOW\BOV Master Sheet - Briggs.xlsx",Pro Forma,E40,,"=IFERROR(E35,"""")"
"C:\Users\scott\OneDrive - NorthMarq Capital, LLC\Team Briggs - Documents\_WORKFLOW\BOV Master Sheet - Briggs.xlsx",Pro Forma,F40,,"=IFERROR(F35,"""")"
"C:\Users\scott\OneDrive - NorthMarq Capital, LLC\Team Briggs - Documents\_WORKFLOW\BOV Master Sheet - Briggs.xlsx",Pro Forma,G40,,"=IFERROR(G35,"""")"
"C:\Users\scott\OneDrive - NorthMarq Capital, LLC\Team Briggs - Documents\_WORKFLOW\BOV Master Sheet - Briggs.xlsx",Pro Forma,H40,,"=IFERROR(H35,"""")"
"C:\Users\scott\OneDrive - NorthMarq Capital, LLC\Team Briggs - Documents\_WORKFLOW\BOV Master Sheet - Briggs.xlsx",Pro Forma,I40,,"=IFERROR(I35,"""")"
"C:\Users\scott\OneDrive - NorthMarq Capital, LLC\Team Briggs - Documents\_WORKFLOW\BOV Master Sheet - Briggs.xlsx",Pro Forma,J40,,"=IFERROR(J35,"""")"
"C:\Users\scott\OneDrive - NorthMarq Capital, LLC\Team Briggs - Documents\_WORKFLOW\BOV Master Sheet - Briggs.xlsx",Pro Forma,K40,,"=IFERROR(K35,"""")"
"C:\Users\scott\OneDrive - NorthMarq Capital, LLC\Team Briggs - Documents\_WORKFLOW\BOV Master Sheet - Briggs.xlsx",Pro Forma,L40,,"=IFERROR(L35,"""")"
"C:\Users\scott\OneDrive - NorthMarq Capital, LLC\Team Briggs - Documents\_WORKFLOW\BOV Master Sheet - Briggs.xlsx",Pro Forma,M40,,"=IFERROR(IF(M35="""","""",M35+M39),"""")"
"C:\Users\scott\OneDrive - NorthMarq Capital, LLC\Team Briggs - Documents\_WORKFLOW\BOV Master Sheet - Briggs.xlsx",Pro Forma,N40,"=IFERROR(-N38*'Assumptions & Flags'!C16,"""")",
"C:\Users\scott\OneDrive - NorthMarq Capital, LLC\Team Briggs - Documents\_WORKFLOW\BOV Master Sheet - Briggs.xlsx",Pro Forma,B41,Net Reversion,
"C:\Users\scott\OneDrive - NorthMarq Capital, LLC\Team Briggs - Documents\_WORKFLOW\BOV Master Sheet - Briggs.xlsx",Pro Forma,N41,"=IFERROR(N38+N39+N40,"""")",
"C:\Users\scott\OneDrive - NorthMarq Capital, LLC\Team Briggs - Documents\_WORKFLOW\BOV Master Sheet - Briggs.xlsx",Pro Forma,B42,Year 0 (Purchase / Equity),
"C:\Users\scott\OneDrive - NorthMarq Capital, LLC\Team Briggs - Documents\_WORKFLOW\BOV Master Sheet - Briggs.xlsx",Pro Forma,C42,−Purchase Price,LEVERAGED IRR
"C:\Users\scott\OneDrive - NorthMarq Capital, LLC\Team Briggs - Documents\_WORKFLOW\BOV Master Sheet - Briggs.xlsx",Pro Forma,D42,"=IFERROR(-'Assumptions & Flags'!C6,"""")",
"C:\Users\scott\OneDrive - NorthMarq Capital, LLC\Team Briggs - Documents\_WORKFLOW\BOV Master Sheet - Briggs.xlsx",Pro Forma,G42,,EQUITY REALIZATION MULTIPLE
"C:\Users\scott\OneDrive - NorthMarq Capital, LLC\Team Briggs - Documents\_WORKFLOW\BOV Master Sheet - Briggs.xlsx",Pro Forma,K42,,AVG CASH-ON-CASH RETURN
"C:\Users\scott\OneDrive - NorthMarq Capital, LLC\Team Briggs - Documents\_WORKFLOW\BOV Master Sheet - Briggs.xlsx",Pro Forma,B43,Year 1,
"C:\Users\scott\OneDrive - NorthMarq Capital, LLC\Team Briggs - Documents\_WORKFLOW\BOV Master Sheet - Briggs.xlsx",Pro Forma,C43,,"=IFERROR(IF(C40="""","""",IRR(C40:M40)),"""")"
"C:\Users\scott\OneDrive - NorthMarq Capital, LLC\Team Briggs - Documents\_WORKFLOW\BOV Master Sheet - Briggs.xlsx",Pro Forma,D43,"=IFERROR(D26,"""")",
"C:\Users\scott\OneDrive - NorthMarq Capital, LLC\Team Briggs - Documents\_WORKFLOW\BOV Master Sheet - Briggs.xlsx",Pro Forma,G43,,"=IFERROR(IF(OR(C40="""",C40=0),"""",SUM(D40:M40)/(-C40)),"""")"
"C:\Users\scott\OneDrive - NorthMarq Capital, LLC\Team Briggs - Documents\_WORKFLOW\BOV Master Sheet - Briggs.xlsx",Pro Forma,K43,,"=IFERROR(IF(OR(C40="""",C40=0),"""",AVERAGE(D40:L40)/(-C40)),"""")"
"C:\Users\scott\OneDrive - NorthMarq Capital, LLC\Team Briggs - Documents\_WORKFLOW\BOV Master Sheet - Briggs.xlsx",Pro Forma,B44,Year 2,
"C:\Users\scott\OneDrive - NorthMarq Capital, LLC\Team Briggs - Documents\_WORKFLOW\BOV Master Sheet - Briggs.xlsx",Pro Forma,E44,"=IFERROR(E26,"""")",
"C:\Users\scott\OneDrive - NorthMarq Capital, LLC\Team Briggs - Documents\_WORKFLOW\BOV Master Sheet - Briggs.xlsx",Pro Forma,B45,Year 3,
"C:\Users\scott\OneDrive - NorthMarq Capital, LLC\Team Briggs - Documents\_WORKFLOW\BOV Master Sheet - Briggs.xlsx",Pro Forma,F45,"=IFERROR(F26,"""")",
"C:\Users\scott\OneDrive - NorthMarq Capital, LLC\Team Briggs - Documents\_WORKFLOW\BOV Master Sheet - Briggs.xlsx",Pro Forma,A46,,DISPOSITION ANALYSIS  —  Year 10 Exit (detail reference)
"C:\Users\scott\OneDrive - NorthMarq Capital, LLC\Team Briggs - Documents\_WORKFLOW\BOV Master Sheet - Briggs.xlsx",Pro Forma,B46,Year 4,
"C:\Users\scott\OneDrive - NorthMarq Capital, LLC\Team Briggs - Documents\_WORKFLOW\BOV Master Sheet - Briggs.xlsx",Pro Forma,G46,"=IFERROR(G26,"""")",
"C:\Users\scott\OneDrive - NorthMarq Capital, LLC\Team Briggs - Documents\_WORKFLOW\BOV Master Sheet - Briggs.xlsx",Pro Forma,A47,,Exit NOI (Year 10)
"C:\Users\scott\OneDrive - NorthMarq Capital, LLC\Team Briggs - Documents\_WORKFLOW\BOV Master Sheet - Briggs.xlsx",Pro Forma,B47,Year 5,
"C:\Users\scott\OneDrive - NorthMarq Capital, LLC\Team Briggs - Documents\_WORKFLOW\BOV Master Sheet - Briggs.xlsx",Pro Forma,C47,,"=IFERROR(M20,"""")"
"C:\Users\scott\OneDrive - NorthMarq Capital, LLC\Team Briggs - Documents\_WORKFLOW\BOV Master Sheet - Briggs.xlsx",Pro Forma,H47,"=IFERROR(H26,"""")",
"C:\Users\scott\OneDrive - NorthMarq Capital, LLC\Team Briggs - Documents\_WORKFLOW\BOV Master Sheet - Briggs.xlsx",Pro Forma,A48,,Exit Cap Rate
"C:\Users\scott\OneDrive - NorthMarq Capital, LLC\Team Briggs - Documents\_WORKFLOW\BOV Master Sheet - Briggs.xlsx",Pro Forma,B48,Year 6,
"C:\Users\scott\OneDrive - NorthMarq Capital, LLC\Team Briggs - Documents\_WORKFLOW\BOV Master Sheet - Briggs.xlsx",Pro Forma,C48,,"=IFERROR('Assumptions & Flags'!$I$20,"""")"
"C:\Users\scott\OneDrive - NorthMarq Capital, LLC\Team Briggs - Documents\_WORKFLOW\BOV Master Sheet - Briggs.xlsx",Pro Forma,I48,"=IFERROR(I26,"""")",
"C:\Users\scott\OneDrive - NorthMarq Capital, LLC\Team Briggs - Documents\_WORKFLOW\BOV Master Sheet - Briggs.xlsx",Pro Forma,A49,,GROSS SALE PROCEEDS
"C:\Users\scott\OneDrive - NorthMarq Capital, LLC\Team Briggs - Documents\_WORKFLOW\BOV Master Sheet - Briggs.xlsx",Pro Forma,B49,Year 7,
"C:\Users\scott\OneDrive - NorthMarq Capital, LLC\Team Briggs - Documents\_WORKFLOW\BOV Master Sheet - Briggs.xlsx",Pro Forma,C49,,"=IFERROR(IF(OR(C47="""",C48="""",C48=0),"""",C47/C48),"""")"
"C:\Users\scott\OneDrive - NorthMarq Capital, LLC\Team Briggs - Documents\_WORKFLOW\BOV Master Sheet - Briggs.xlsx",Pro Forma,J49,"=IFERROR(J26,"""")",
"C:\Users\scott\OneDrive - NorthMarq Capital, LLC\Team Briggs - Documents\_WORKFLOW\BOV Master Sheet - Briggs.xlsx",Pro Forma,A50,,Less: Brokerage Fee (5%)
"C:\Users\scott\OneDrive - NorthMarq Capital, LLC\Team Briggs - Documents\_WORKFLOW\BOV Master Sheet - Briggs.xlsx",Pro Forma,B50,Year 8,
"C:\Users\scott\OneDrive - NorthMarq Capital, LLC\Team Briggs - Documents\_WORKFLOW\BOV Master Sheet - Briggs.xlsx",Pro Forma,C50,,"=IFERROR(IF(C49="""","""",-C49*0.05),"""")"
"C:\Users\scott\OneDrive - NorthMarq Capital, LLC\Team Briggs - Documents\_WORKFLOW\BOV Master Sheet - Briggs.xlsx",Pro Forma,K50,"=IFERROR(K26,"""")",
"C:\Users\scott\OneDrive - NorthMarq Capital, LLC\Team Briggs - Documents\_WORKFLOW\BOV Master Sheet - Briggs.xlsx",Pro Forma,A51,,Less: Transaction Costs (1%)
"C:\Users\scott\OneDrive - NorthMarq Capital, LLC\Team Briggs - Documents\_WORKFLOW\BOV Master Sheet - Briggs.xlsx",Pro Forma,B51,Year 9,
"C:\Users\scott\OneDrive - NorthMarq Capital, LLC\Team Briggs - Documents\_WORKFLOW\BOV Master Sheet - Briggs.xlsx",Pro Forma,C51,,"=IFERROR(IF(C49="""","""",-C49*0.01),"""")"
"C:\Users\scott\OneDrive - NorthMarq Capital, LLC\Team Briggs - Documents\_WORKFLOW\BOV Master Sheet - Briggs.xlsx",Pro Forma,L51,"=IFERROR(L26,"""")",
"C:\Users\scott\OneDrive - NorthMarq Capital, LLC\Team Briggs - Documents\_WORKFLOW\BOV Master Sheet - Briggs.xlsx",Pro Forma,A52,,NET REVERSION (Unleveraged)
"C:\Users\scott\OneDrive - NorthMarq Capital, LLC\Team Briggs - Documents\_WORKFLOW\BOV Master Sheet - Briggs.xlsx",Pro Forma,B52,Year 10,
"C:\Users\scott\OneDrive - NorthMarq Capital, LLC\Team Briggs - Documents\_WORKFLOW\BOV Master Sheet - Briggs.xlsx",Pro Forma,C52,,"=IFERROR(IF(C49="""","""",C49+C50+C51),"""")"
"C:\Users\scott\OneDrive - NorthMarq Capital, LLC\Team Briggs - Documents\_WORKFLOW\BOV Master Sheet - Briggs.xlsx",Pro Forma,M52,"=IFERROR(M26+N41,"""")",
"C:\Users\scott\OneDrive - NorthMarq Capital, LLC\Team Briggs - Documents\_WORKFLOW\BOV Master Sheet - Briggs.xlsx",Pro Forma,A53,,Less: Remaining Loan Balance
"C:\Users\scott\OneDrive - NorthMarq Capital, LLC\Team Briggs - Documents\_WORKFLOW\BOV Master Sheet - Briggs.xlsx",Pro Forma,B53,Unleveraged IRR,
"C:\Users\scott\OneDrive - NorthMarq Capital, LLC\Team Briggs - Documents\_WORKFLOW\BOV Master Sheet - Briggs.xlsx",Pro Forma,C53,,"=IFERROR('Assumptions & Flags'!$I$26,"""")"
"C:\Users\scott\OneDrive - NorthMarq Capital, LLC\Team Briggs - Documents\_WORKFLOW\BOV Master Sheet - Briggs.xlsx",Pro Forma,D53,"=IFERROR(IRR(D42:D52),"""")",
"C:\Users\scott\OneDrive - NorthMarq Capital, LLC\Team Briggs - Documents\_WORKFLOW\BOV Master Sheet - Briggs.xlsx",Pro Forma,A54,,NET REVERSION AFTER DEBT PAYOFF
"C:\Users\scott\OneDrive - NorthMarq Capital, LLC\Team Briggs - Documents\_WORKFLOW\BOV Master Sheet - Briggs.xlsx",Pro Forma,B54,Equity Realization Multiple,
"C:\Users\scott\OneDrive - NorthMarq Capital, LLC\Team Briggs - Documents\_WORKFLOW\BOV Master Sheet - Briggs.xlsx",Pro Forma,C54,,"=IFERROR(IF(C52="""","""",C52-C53),"""")"
"C:\Users\scott\OneDrive - NorthMarq Capital, LLC\Team Briggs - Documents\_WORKFLOW\BOV Master Sheet - Briggs.xlsx",Pro Forma,D54,"=IFERROR((SUM(D43:D52)+N41)/(-D42),"""")",
"C:\Users\scott\OneDrive - NorthMarq Capital, LLC\Team Briggs - Documents\_WORKFLOW\BOV Master Sheet - Briggs.xlsx",Pro Forma,A55,,Brokerage: 5%  ·  Transaction Costs: 1%  ·  Gross Proceeds = Exit NOI ÷ Exit Cap Rate  ·  All inputs on Assumptions & Flags tab
"C:\Users\scott\OneDrive - NorthMarq Capital, LLC\Team Briggs - Documents\_WORKFLOW\BOV Master Sheet - Briggs.xlsx",Pro Forma,B55,Average Cash-on-Cash Return,
"C:\Users\scott\OneDrive - NorthMarq Capital, LLC\Team Briggs - Documents\_WORKFLOW\BOV Master Sheet - Briggs.xlsx",Pro Forma,D55,"=IFERROR(AVERAGE(D43:M52)/(-D42),"""")",
"C:\Users\scott\OneDrive - NorthMarq Capital, LLC\Team Briggs - Documents\_WORKFLOW\BOV Master Sheet - Briggs.xlsx",Pro Forma,A57,  CASH FLOW AFTER DEBT SERVICE,
"C:\Users\scott\OneDrive - NorthMarq Capital, LLC\Team Briggs - Documents\_WORKFLOW\BOV Master Sheet - Briggs.xlsx",Pro Forma,A58,,PRICE AT CAP RATE  —  Year 1 NOI ÷ Going-In Cap Rate
"C:\Users\scott\OneDrive - NorthMarq Capital, LLC\Team Briggs - Documents\_WORKFLOW\BOV Master Sheet - Briggs.xlsx",Pro Forma,B58,Net Operating Income,
"C:\Users\scott\OneDrive - NorthMarq Capital, LLC\Team Briggs - Documents\_WORKFLOW\BOV Master Sheet - Briggs.xlsx",Pro Forma,D58,=D26,
"C:\Users\scott\OneDrive - NorthMarq Capital, LLC\Team Briggs - Documents\_WORKFLOW\BOV Master Sheet - Briggs.xlsx",Pro Forma,E58,=E26,
"C:\Users\scott\OneDrive - NorthMarq Capital, LLC\Team Briggs - Documents\_WORKFLOW\BOV Master Sheet - Briggs.xlsx",Pro Forma,F58,=F26,
"C:\Users\scott\OneDrive - NorthMarq Capital, LLC\Team Briggs - Documents\_WORKFLOW\BOV Master Sheet - Briggs.xlsx",Pro Forma,G58,=G26,
"C:\Users\scott\OneDrive - NorthMarq Capital, LLC\Team Briggs - Documents\_WORKFLOW\BOV Master Sheet - Briggs.xlsx",Pro Forma,H58,=H26,
"C:\Users\scott\OneDrive - NorthMarq Capital, LLC\Team Briggs - Documents\_WORKFLOW\BOV Master Sheet - Briggs.xlsx",Pro Forma,I58,=I26,
"C:\Users\scott\OneDrive - NorthMarq Capital, LLC\Team Briggs - Documents\_WORKFLOW\BOV Master Sheet - Briggs.xlsx",Pro Forma,J58,=J26,
"C:\Users\scott\OneDrive - NorthMarq Capital, LLC\Team Briggs - Documents\_WORKFLOW\BOV Master Sheet - Briggs.xlsx",Pro Forma,K58,=K26,
"C:\Users\scott\OneDrive - NorthMarq Capital, LLC\Team Briggs - Documents\_WORKFLOW\BOV Master Sheet - Briggs.xlsx",Pro Forma,L58,=L26,
"C:\Users\scott\OneDrive - NorthMarq Capital, LLC\Team Briggs - Documents\_WORKFLOW\BOV Master Sheet - Briggs.xlsx",Pro Forma,M58,=M26,
"C:\Users\scott\OneDrive - NorthMarq Capital, LLC\Team Briggs - Documents\_WORKFLOW\BOV Master Sheet - Briggs.xlsx",Pro Forma,A59,,Year 1 NOI  →  Price at Going-In Cap Rate:
"C:\Users\scott\OneDrive - NorthMarq Capital, LLC\Team Briggs - Documents\_WORKFLOW\BOV Master Sheet - Briggs.xlsx",Pro Forma,B59,Annual Debt Service,
"C:\Users\scott\OneDrive - NorthMarq Capital, LLC\Team Briggs - Documents\_WORKFLOW\BOV Master Sheet - Briggs.xlsx",Pro Forma,C59,PMT,"=IFERROR('Assumptions & Flags'!$C$37-0.005,"""")"
"C:\Users\scott\OneDrive - NorthMarq Capital, LLC\Team Briggs - Documents\_WORKFLOW\BOV Master Sheet - Briggs.xlsx",Pro Forma,D59,='Assumptions & Flags'!C21,"=IFERROR('Assumptions & Flags'!$C$37-0.004,"""")"
"C:\Users\scott\OneDrive - NorthMarq Capital, LLC\Team Briggs - Documents\_WORKFLOW\BOV Master Sheet - Briggs.xlsx",Pro Forma,E59,='Assumptions & Flags'!C21,"=IFERROR('Assumptions & Flags'!$C$37-0.003,"""")"
"C:\Users\scott\OneDrive - NorthMarq Capital, LLC\Team Briggs - Documents\_WORKFLOW\BOV Master Sheet - Briggs.xlsx",Pro Forma,F59,='Assumptions & Flags'!C21,"=IFERROR('Assumptions & Flags'!$C$37-0.002,"""")"
"C:\Users\scott\OneDrive - NorthMarq Capital, LLC\Team Briggs - Documents\_WORKFLOW\BOV Master Sheet - Briggs.xlsx",Pro Forma,G59,='Assumptions & Flags'!C21,"=IFERROR('Assumptions & Flags'!$C$37-0.001,"""")"
"C:\Users\scott\OneDrive - NorthMarq Capital, LLC\Team Briggs - Documents\_WORKFLOW\BOV Master Sheet - Briggs.xlsx",Pro Forma,H59,='Assumptions & Flags'!C21,"=IFERROR('Assumptions & Flags'!$C$37,"""")"
"C:\Users\scott\OneDrive - NorthMarq Capital, LLC\Team Briggs - Documents\_WORKFLOW\BOV Master Sheet - Briggs.xlsx",Pro Forma,I59,='Assumptions & Flags'!C21,"=IFERROR('Assumptions & Flags'!$C$37+0.001,"""")"
"C:\Users\scott\OneDrive - NorthMarq Capital, LLC\Team Briggs - Documents\_WORKFLOW\BOV Master Sheet - Briggs.xlsx",Pro Forma,J59,='Assumptions & Flags'!C21,"=IFERROR('Assumptions & Flags'!$C$37+0.002,"""")"
"C:\Users\scott\OneDrive - NorthMarq Capital, LLC\Team Briggs - Documents\_WORKFLOW\BOV Master Sheet - Briggs.xlsx",Pro Forma,K59,='Assumptions & Flags'!C21,"=IFERROR('Assumptions & Flags'!$C$37+0.003,"""")"
"C:\Users\scott\OneDrive - NorthMarq Capital, LLC\Team Briggs - Documents\_WORKFLOW\BOV Master Sheet - Briggs.xlsx",Pro Forma,L59,='Assumptions & Flags'!C21,"=IFERROR('Assumptions & Flags'!$C$37+0.004,"""")"
"C:\Users\scott\OneDrive - NorthMarq Capital, LLC\Team Briggs - Documents\_WORKFLOW\BOV Master Sheet - Briggs.xlsx",Pro Forma,M59,='Assumptions & Flags'!C21,"=IFERROR('Assumptions & Flags'!$C$37+0.005,"""")"
"C:\Users\scott\OneDrive - NorthMarq Capital, LLC\Team Briggs - Documents\_WORKFLOW\BOV Master Sheet - Briggs.xlsx",Pro Forma,A60,,Price at Cap Rate (NOI ÷ Cap)
"C:\Users\scott\OneDrive - NorthMarq Capital, LLC\Team Briggs - Documents\_WORKFLOW\BOV Master Sheet - Briggs.xlsx",Pro Forma,B60,Cash Flow After Debt Service,
"C:\Users\scott\OneDrive - NorthMarq Capital, LLC\Team Briggs - Documents\_WORKFLOW\BOV Master Sheet - Briggs.xlsx",Pro Forma,C60,,"=IFERROR(IF(OR(D20="""",C59=0),"""",D20/C59),"""")"
"C:\Users\scott\OneDrive - NorthMarq Capital, LLC\Team Briggs - Documents\_WORKFLOW\BOV Master Sheet - Briggs.xlsx",Pro Forma,D60,"=IFERROR(D26-D59,"""")","=IFERROR(IF(OR(D20="""",D59=0),"""",D20/D59),"""")"
"C:\Users\scott\OneDrive - NorthMarq Capital, LLC\Team Briggs - Documents\_WORKFLOW\BOV Master Sheet - Briggs.xlsx",Pro Forma,E60,"=IFERROR(E26-E59,"""")","=IFERROR(IF(OR(D20="""",E59=0),"""",D20/E59),"""")"
"C:\Users\scott\OneDrive - NorthMarq Capital, LLC\Team Briggs - Documents\_WORKFLOW\BOV Master Sheet - Briggs.xlsx",Pro Forma,F60,"=IFERROR(F26-F59,"""")","=IFERROR(IF(OR(D20="""",F59=0),"""",D20/F59),"""")"
"C:\Users\scott\OneDrive - NorthMarq Capital, LLC\Team Briggs - Documents\_WORKFLOW\BOV Master Sheet - Briggs.xlsx",Pro Forma,G60,"=IFERROR(G26-G59,"""")","=IFERROR(IF(OR(D20="""",G59=0),"""",D20/G59),"""")"
"C:\Users\scott\OneDrive - NorthMarq Capital, LLC\Team Briggs - Documents\_WORKFLOW\BOV Master Sheet - Briggs.xlsx",Pro Forma,H60,"=IFERROR(H26-H59,"""")","=IFERROR(IF(OR(D20="""",H59=0),"""",D20/H59),"""")"
"C:\Users\scott\OneDrive - NorthMarq Capital, LLC\Team Briggs - Documents\_WORKFLOW\BOV Master Sheet - Briggs.xlsx",Pro Forma,I60,"=IFERROR(I26-I59,"""")","=IFERROR(IF(OR(D20="""",I59=0),"""",D20/I59),"""")"
"C:\Users\scott\OneDrive - NorthMarq Capital, LLC\Team Briggs - Documents\_WORKFLOW\BOV Master Sheet - Briggs.xlsx",Pro Forma,J60,"=IFERROR(J26-J59,"""")","=IFERROR(IF(OR(D20="""",J59=0),"""",D20/J59),"""")"
"C:\Users\scott\OneDrive - NorthMarq Capital, LLC\Team Briggs - Documents\_WORKFLOW\BOV Master Sheet - Briggs.xlsx",Pro Forma,K60,"=IFERROR(K26-K59,"""")","=IFERROR(IF(OR(D20="""",K59=0),"""",D20/K59),"""")"
"C:\Users\scott\OneDrive - NorthMarq Capital, LLC\Team Briggs - Documents\_WORKFLOW\BOV Master Sheet - Briggs.xlsx",Pro Forma,L60,"=IFERROR(L26-L59,"""")","=IFERROR(IF(OR(D20="""",L59=0),"""",D20/L59),"""")"
"C:\Users\scott\OneDrive - NorthMarq Capital, LLC\Team Briggs - Documents\_WORKFLOW\BOV Master Sheet - Briggs.xlsx",Pro Forma,M60,"=IFERROR(M26-M59,"""")","=IFERROR(IF(OR(D20="""",M59=0),"""",D20/M59),"""")"
"C:\Users\scott\OneDrive - NorthMarq Capital, LLC\Team Briggs - Documents\_WORKFLOW\BOV Master Sheet - Briggs.xlsx",Pro Forma,A61,,Price per SF
"C:\Users\scott\OneDrive - NorthMarq Capital, LLC\Team Briggs - Documents\_WORKFLOW\BOV Master Sheet - Briggs.xlsx",Pro Forma,C61,,"=IFERROR(IF(OR(C60="""",'Assumptions & Flags'!$C$9="""",'Assumptions & Flags'!$C$9=0),"""",C60/'Assumptions & Flags'!$C$9),"""")"
"C:\Users\scott\OneDrive - NorthMarq Capital, LLC\Team Briggs - Documents\_WORKFLOW\BOV Master Sheet - Briggs.xlsx",Pro Forma,D61,,"=IFERROR(IF(OR(D60="""",'Assumptions & Flags'!$C$9="""",'Assumptions & Flags'!$C$9=0),"""",D60/'Assumptions & Flags'!$C$9),"""")"
"C:\Users\scott\OneDrive - NorthMarq Capital, LLC\Team Briggs - Documents\_WORKFLOW\BOV Master Sheet - Briggs.xlsx",Pro Forma,E61,,"=IFERROR(IF(OR(E60="""",'Assumptions & Flags'!$C$9="""",'Assumptions & Flags'!$C$9=0),"""",E60/'Assumptions & Flags'!$C$9),"""")"
"C:\Users\scott\OneDrive - NorthMarq Capital, LLC\Team Briggs - Documents\_WORKFLOW\BOV Master Sheet - Briggs.xlsx",Pro Forma,F61,,"=IFERROR(IF(OR(F60="""",'Assumptions & Flags'!$C$9="""",'Assumptions & Flags'!$C$9=0),"""",F60/'Assumptions & Flags'!$C$9),"""")"
"C:\Users\scott\OneDrive - NorthMarq Capital, LLC\Team Briggs - Documents\_WORKFLOW\BOV Master Sheet - Briggs.xlsx",Pro Forma,G61,,"=IFERROR(IF(OR(G60="""",'Assumptions & Flags'!$C$9="""",'Assumptions & Flags'!$C$9=0),"""",G60/'Assumptions & Flags'!$C$9),"""")"
"C:\Users\scott\OneDrive - NorthMarq Capital, LLC\Team Briggs - Documents\_WORKFLOW\BOV Master Sheet - Briggs.xlsx",Pro Forma,H61,,"=IFERROR(IF(OR(H60="""",'Assumptions & Flags'!$C$9="""",'Assumptions & Flags'!$C$9=0),"""",H60/'Assumptions & Flags'!$C$9),"""")"
"C:\Users\scott\OneDrive - NorthMarq Capital, LLC\Team Briggs - Documents\_WORKFLOW\BOV Master Sheet - Briggs.xlsx",Pro Forma,I61,,"=IFERROR(IF(OR(I60="""",'Assumptions & Flags'!$C$9="""",'Assumptions & Flags'!$C$9=0),"""",I60/'Assumptions & Flags'!$C$9),"""")"
"C:\Users\scott\OneDrive - NorthMarq Capital, LLC\Team Briggs - Documents\_WORKFLOW\BOV Master Sheet - Briggs.xlsx",Pro Forma,J61,,"=IFERROR(IF(OR(J60="""",'Assumptions & Flags'!$C$9="""",'Assumptions & Flags'!$C$9=0),"""",J60/'Assumptions & Flags'!$C$9),"""")"
"C:\Users\scott\OneDrive - NorthMarq Capital, LLC\Team Briggs - Documents\_WORKFLOW\BOV Master Sheet - Briggs.xlsx",Pro Forma,K61,,"=IFERROR(IF(OR(K60="""",'Assumptions & Flags'!$C$9="""",'Assumptions & Flags'!$C$9=0),"""",K60/'Assumptions & Flags'!$C$9),"""")"
"C:\Users\scott\OneDrive - NorthMarq Capital, LLC\Team Briggs - Documents\_WORKFLOW\BOV Master Sheet - Briggs.xlsx",Pro Forma,L61,,"=IFERROR(IF(OR(L60="""",'Assumptions & Flags'!$C$9="""",'Assumptions & Flags'!$C$9=0),"""",L60/'Assumptions & Flags'!$C$9),"""")"
"C:\Users\scott\OneDrive - NorthMarq Capital, LLC\Team Briggs - Documents\_WORKFLOW\BOV Master Sheet - Briggs.xlsx",Pro Forma,M61,,"=IFERROR(IF(OR(M60="""",'Assumptions & Flags'!$C$9="""",'Assumptions & Flags'!$C$9=0),"""",M60/'Assumptions & Flags'!$C$9),"""")"
"C:\Users\scott\OneDrive - NorthMarq Capital, LLC\Team Briggs - Documents\_WORKFLOW\BOV Master Sheet - Briggs.xlsx",Pro Forma,A62,  LEVERAGED INVESTMENT OUTCOMES,
"C:\Users\scott\OneDrive - NorthMarq Capital, LLC\Team Briggs - Documents\_WORKFLOW\BOV Master Sheet - Briggs.xlsx",Pro Forma,B63,Year 0 (Equity Invested),
"C:\Users\scott\OneDrive - NorthMarq Capital, LLC\Team Briggs - Documents\_WORKFLOW\BOV Master Sheet - Briggs.xlsx",Pro Forma,C63,Purchase − Loan,
"C:\Users\scott\OneDrive - NorthMarq Capital, LLC\Team Briggs - Documents\_WORKFLOW\BOV Master Sheet - Briggs.xlsx",Pro Forma,D63,"=IFERROR(-'Assumptions & Flags'!C20,"""")",
"C:\Users\scott\OneDrive - NorthMarq Capital, LLC\Team Briggs - Documents\_WORKFLOW\BOV Master Sheet - Briggs.xlsx",Pro Forma,B64,Year 1,
"C:\Users\scott\OneDrive - NorthMarq Capital, LLC\Team Briggs - Documents\_WORKFLOW\BOV Master Sheet - Briggs.xlsx",Pro Forma,D64,"=IFERROR(D60,"""")",
"C:\Users\scott\OneDrive - NorthMarq Capital, LLC\Team Briggs - Documents\_WORKFLOW\BOV Master Sheet - Briggs.xlsx",Pro Forma,B65,Year 2,
"C:\Users\scott\OneDrive - NorthMarq Capital, LLC\Team Briggs - Documents\_WORKFLOW\BOV Master Sheet - Briggs.xlsx",Pro Forma,E65,"=IFERROR(E60,"""")",
"C:\Users\scott\OneDrive - NorthMarq Capital, LLC\Team Briggs - Documents\_WORKFLOW\BOV Master Sheet - Briggs.xlsx",Pro Forma,B66,Year 3,
"C:\Users\scott\OneDrive - NorthMarq Capital, LLC\Team Briggs - Documents\_WORKFLOW\BOV Master Sheet - Briggs.xlsx",Pro Forma,F66,"=IFERROR(F60,"""")",
"C:\Users\scott\OneDrive - NorthMarq Capital, LLC\Team Briggs - Documents\_WORKFLOW\BOV Master Sheet - Briggs.xlsx",Pro Forma,B67,Year 4,
"C:\Users\scott\OneDrive - NorthMarq Capital, LLC\Team Briggs - Documents\_WORKFLOW\BOV Master Sheet - Briggs.xlsx",Pro Forma,G67,"=IFERROR(G60,"""")",
"C:\Users\scott\OneDrive - NorthMarq Capital, LLC\Team Briggs - Documents\_WORKFLOW\BOV Master Sheet - Briggs.xlsx",Pro Forma,B68,Year 5,
"C:\Users\scott\OneDrive - NorthMarq Capital, LLC\Team Briggs - Documents\_WORKFLOW\BOV Master Sheet - Briggs.xlsx",Pro Forma,H68,"=IFERROR(H60,"""")",
"C:\Users\scott\OneDrive - NorthMarq Capital, LLC\Team Briggs - Documents\_WORKFLOW\BOV Master Sheet - Briggs.xlsx",Pro Forma,B69,Year 6,
"C:\Users\scott\OneDrive - NorthMarq Capital, LLC\Team Briggs - Documents\_WORKFLOW\BOV Master Sheet - Briggs.xlsx",Pro Forma,I69,"=IFERROR(I60,"""")",
"C:\Users\scott\OneDrive - NorthMarq Capital, LLC\Team Briggs - Documents\_WORKFLOW\BOV Master Sheet - Briggs.xlsx",Pro Forma,B70,Year 7,
"C:\Users\scott\OneDrive - NorthMarq Capital, LLC\Team Briggs - Documents\_WORKFLOW\BOV Master Sheet - Briggs.xlsx",Pro Forma,J70,"=IFERROR(J60,"""")",
"C:\Users\scott\OneDrive - NorthMarq Capital, LLC\Team Briggs - Documents\_WORKFLOW\BOV Master Sheet - Briggs.xlsx",Pro Forma,B71,Year 8,
"C:\Users\scott\OneDrive - NorthMarq Capital, LLC\Team Briggs - Documents\_WORKFLOW\BOV Master Sheet - Briggs.xlsx",Pro Forma,K71,"=IFERROR(K60,"""")",
"C:\Users\scott\OneDrive - NorthMarq Capital, LLC\Team Briggs - Documents\_WORKFLOW\BOV Master Sheet - Briggs.xlsx",Pro Forma,B72,Year 9,
"C:\Users\scott\OneDrive - NorthMarq Capital, LLC\Team Briggs - Documents\_WORKFLOW\BOV Master Sheet - Briggs.xlsx",Pro Forma,L72,"=IFERROR(L60,"""")",
"C:\Users\scott\OneDrive - NorthMarq Capital, LLC\Team Briggs - Documents\_WORKFLOW\BOV Master Sheet - Briggs.xlsx",Pro Forma,B73,Year 10,
"C:\Users\scott\OneDrive - NorthMarq Capital, LLC\Team Briggs - Documents\_WORKFLOW\BOV Master Sheet - Briggs.xlsx",Pro Forma,M73,"=IFERROR(M60+N41-'Assumptions & Flags'!C23,"""")",
"C:\Users\scott\OneDrive - NorthMarq Capital, LLC\Team Briggs - Documents\_WORKFLOW\BOV Master Sheet - Briggs.xlsx",Pro Forma,B74,Leveraged IRR,
"C:\Users\scott\OneDrive - NorthMarq Capital, LLC\Team Briggs - Documents\_WORKFLOW\BOV Master Sheet - Briggs.xlsx",Pro Forma,D74,"=IFERROR(IRR(D63:D73),"""")",
"C:\Users\scott\OneDrive - NorthMarq Capital, LLC\Team Briggs - Documents\_WORKFLOW\BOV Master Sheet - Briggs.xlsx",Pro Forma,B75,Equity Realization Multiple,
"C:\Users\scott\OneDrive - NorthMarq Capital, LLC\Team Briggs - Documents\_WORKFLOW\BOV Master Sheet - Briggs.xlsx",Pro Forma,D75,"=IFERROR((SUM(D64:D74))/-D63,"""")",
"C:\Users\scott\OneDrive - NorthMarq Capital, LLC\Team Briggs - Documents\_WORKFLOW\BOV Master Sheet - Briggs.xlsx",Pro Forma,B76,Average Annual Cash-on-Cash Return,
"C:\Users\scott\OneDrive - NorthMarq Capital, LLC\Team Briggs - Documents\_WORKFLOW\BOV Master Sheet - Briggs.xlsx",Pro Forma,D76,"=IFERROR(AVERAGE(D64:D75)/(-D63),"""")",
"C:\Users\scott\OneDrive - NorthMarq Capital, LLC\Team Briggs - Documents\_WORKFLOW\BOV Master Sheet - Briggs.xlsx",Real Estate,*,<missing sheet>,<added sheet>
"C:\Users\scott\OneDrive - NorthMarq Capital, LLC\Team Briggs - Documents\_WORKFLOW\BOV Master Sheet - Briggs.xlsx",Rent Schedule,A2,Rent Schedule,
"C:\Users\scott\OneDrive - NorthMarq Capital, LLC\Team Briggs - Documents\_WORKFLOW\BOV Master Sheet - Briggs.xlsx",Rent Schedule,B2,,RENT SCHEDULE
"C:\Users\scott\OneDrive - NorthMarq Capital, LLC\Team Briggs - Documents\_WORKFLOW\BOV Master Sheet - Briggs.xlsx",Rent Schedule,A3,NM Blue 12 fill = Contracted/executed period  ·  Tourmaline fill = Renewal/option/projection,
"C:\Users\scott\OneDrive - NorthMarq Capital, LLC\Team Briggs - Documents\_WORKFLOW\BOV Master Sheet - Briggs.xlsx",Rent Schedule,B3,,Leg 2 of 3  ·  Contractual rent by lease period  ·  Current lease year highlighted  ·  No projections — use Notes for FMV / CPI / other variable increases
"C:\Users\scott\OneDrive - NorthMarq Capital, LLC\Team Briggs - Documents\_WORKFLOW\BOV Master Sheet - Briggs.xlsx",Rent Schedule,B5,YR,PROPERTY & LEASE IDENTIFICATION
"C:\Users\scott\OneDrive - NorthMarq Capital, LLC\Team Briggs - Documents\_WORKFLOW\BOV Master Sheet - Briggs.xlsx",Rent Schedule,C5,PERIOD START,
"C:\Users\scott\OneDrive - NorthMarq Capital, LLC\Team Briggs - Documents\_WORKFLOW\BOV Master Sheet - Briggs.xlsx",Rent Schedule,D5,PERIOD END,
"C:\Users\scott\OneDrive - NorthMarq Capital, LLC\Team Briggs - Documents\_WORKFLOW\BOV Master Sheet - Briggs.xlsx",Rent Schedule,E5,REM. TERM (YRS),
"C:\Users\scott\OneDrive - NorthMarq Capital, LLC\Team Briggs - Documents\_WORKFLOW\BOV Master Sheet - Briggs.xlsx",Rent Schedule,F5,ANNUAL RENT,
"C:\Users\scott\OneDrive - NorthMarq Capital, LLC\Team Briggs - Documents\_WORKFLOW\BOV Master Sheet - Briggs.xlsx",Rent Schedule,G5,MONTHLY RENT,
"C:\Users\scott\OneDrive - NorthMarq Capital, LLC\Team Briggs - Documents\_WORKFLOW\BOV Master Sheet - Briggs.xlsx",Rent Schedule,H5,RENT/SF,
"C:\Users\scott\OneDrive - NorthMarq Capital, LLC\Team Briggs - Documents\_WORKFLOW\BOV Master Sheet - Briggs.xlsx",Rent Schedule,I5,$ CHANGE,
"C:\Users\scott\OneDrive - NorthMarq Capital, LLC\Team Briggs - Documents\_WORKFLOW\BOV Master Sheet - Briggs.xlsx",Rent Schedule,J5,% CHANGE,
"C:\Users\scott\OneDrive - NorthMarq Capital, LLC\Team Briggs - Documents\_WORKFLOW\BOV Master Sheet - Briggs.xlsx",Rent Schedule,K5,PERIOD TYPE,
"C:\Users\scott\OneDrive - NorthMarq Capital, LLC\Team Briggs - Documents\_WORKFLOW\BOV Master Sheet - Briggs.xlsx",Rent Schedule,L5,NOTES,
"C:\Users\scott\OneDrive - NorthMarq Capital, LLC\Team Briggs - Documents\_WORKFLOW\BOV Master Sheet - Briggs.xlsx",Rent Schedule,B6,1,Property Address
"C:\Users\scott\OneDrive - NorthMarq Capital, LLC\Team Briggs - Documents\_WORKFLOW\BOV Master Sheet - Briggs.xlsx",Rent Schedule,E6,"=IFERROR(IF(OR(C6="""",D6=""""),"""",(D6-TODAY())/365.25),"""")",
"C:\Users\scott\OneDrive - NorthMarq Capital, LLC\Team Briggs - Documents\_WORKFLOW\BOV Master Sheet - Briggs.xlsx",Rent Schedule,G6,"=IFERROR(IF(F6="""","""",F6/12),"""")",
"C:\Users\scott\OneDrive - NorthMarq Capital, LLC\Team Briggs - Documents\_WORKFLOW\BOV Master Sheet - Briggs.xlsx",Rent Schedule,H6,"=IFERROR(IF(OR(F6="""",'Assumptions & Flags'!C7=""""),"""",F6/'Assumptions & Flags'!C7),"""")",
"C:\Users\scott\OneDrive - NorthMarq Capital, LLC\Team Briggs - Documents\_WORKFLOW\BOV Master Sheet - Briggs.xlsx",Rent Schedule,K6,Contracted,
"C:\Users\scott\OneDrive - NorthMarq Capital, LLC\Team Briggs - Documents\_WORKFLOW\BOV Master Sheet - Briggs.xlsx",Rent Schedule,B7,2,Tenant
"C:\Users\scott\OneDrive - NorthMarq Capital, LLC\Team Briggs - Documents\_WORKFLOW\BOV Master Sheet - Briggs.xlsx",Rent Schedule,E7,"=IFERROR(IF(E6="""","""",E6-1),"""")",
"C:\Users\scott\OneDrive - NorthMarq Capital, LLC\Team Briggs - Documents\_WORKFLOW\BOV Master Sheet - Briggs.xlsx",Rent Schedule,F7,"=IFERROR(IF(F6="""","""",F6*(1+'Assumptions & Flags'!C13)),"""")",
"C:\Users\scott\OneDrive - NorthMarq Capital, LLC\Team Briggs - Documents\_WORKFLOW\BOV Master Sheet - Briggs.xlsx",Rent Schedule,G7,"=IFERROR(IF(F7="""","""",F7/12),"""")",
"C:\Users\scott\OneDrive - NorthMarq Capital, LLC\Team Briggs - Documents\_WORKFLOW\BOV Master Sheet - Briggs.xlsx",Rent Schedule,H7,"=IFERROR(IF(OR(F7="""",'Assumptions & Flags'!C7=""""),"""",F7/'Assumptions & Flags'!C7),"""")",
"C:\Users\scott\OneDrive - NorthMarq Capital, LLC\Team Briggs - Documents\_WORKFLOW\BOV Master Sheet - Briggs.xlsx",Rent Schedule,I7,"=IFERROR(IF(OR(F7="""",F6=""""),"""",F7-F6),"""")",
"C:\Users\scott\OneDrive - NorthMarq Capital, LLC\Team Briggs - Documents\_WORKFLOW\BOV Master Sheet - Briggs.xlsx",Rent Schedule,J7,"=IFERROR(IF(OR(F7="""",F6=""""),"""",F7/F6-1),"""")",
"C:\Users\scott\OneDrive - NorthMarq Capital, LLC\Team Briggs - Documents\_WORKFLOW\BOV Master Sheet - Briggs.xlsx",Rent Schedule,K7,Contracted,
"C:\Users\scott\OneDrive - NorthMarq Capital, LLC\Team Briggs - Documents\_WORKFLOW\BOV Master Sheet - Briggs.xlsx",Rent Schedule,B8,3,Guarantor
"C:\Users\scott\OneDrive - NorthMarq Capital, LLC\Team Briggs - Documents\_WORKFLOW\BOV Master Sheet - Briggs.xlsx",Rent Schedule,E8,"=IFERROR(IF(E7="""","""",E7-1),"""")",
"C:\Users\scott\OneDrive - NorthMarq Capital, LLC\Team Briggs - Documents\_WORKFLOW\BOV Master Sheet - Briggs.xlsx",Rent Schedule,F8,"=IFERROR(IF(F7="""","""",F7*(1+'Assumptions & Flags'!C13)),"""")",
"C:\Users\scott\OneDrive - NorthMarq Capital, LLC\Team Briggs - Documents\_WORKFLOW\BOV Master Sheet - Briggs.xlsx",Rent Schedule,G8,"=IFERROR(IF(F8="""","""",F8/12),"""")",
"C:\Users\scott\OneDrive - NorthMarq Capital, LLC\Team Briggs - Documents\_WORKFLOW\BOV Master Sheet - Briggs.xlsx",Rent Schedule,H8,"=IFERROR(IF(OR(F8="""",'Assumptions & Flags'!C7=""""),"""",F8/'Assumptions & Flags'!C7),"""")",
"C:\Users\scott\OneDrive - NorthMarq Capital, LLC\Team Briggs - Documents\_WORKFLOW\BOV Master Sheet - Briggs.xlsx",Rent Schedule,I8,"=IFERROR(IF(OR(F8="""",F7=""""),"""",F8-F7),"""")",
"C:\Users\scott\OneDrive - NorthMarq Capital, LLC\Team Briggs - Documents\_WORKFLOW\BOV Master Sheet - Briggs.xlsx",Rent Schedule,J8,"=IFERROR(IF(OR(F8="""",F7=""""),"""",F8/F7-1),"""")",
"C:\Users\scott\OneDrive - NorthMarq Capital, LLC\Team Briggs - Documents\_WORKFLOW\BOV Master Sheet - Briggs.xlsx",Rent Schedule,K8,Contracted,
"C:\Users\scott\OneDrive - NorthMarq Capital, LLC\Team Briggs - Documents\_WORKFLOW\BOV Master Sheet - Briggs.xlsx",Rent Schedule,B9,4,Lease Commencement
"C:\Users\scott\OneDrive - NorthMarq Capital, LLC\Team Briggs - Documents\_WORKFLOW\BOV Master Sheet - Briggs.xlsx",Rent Schedule,E9,"=IFERROR(IF(E8="""","""",E8-1),"""")",
"C:\Users\scott\OneDrive - NorthMarq Capital, LLC\Team Briggs - Documents\_WORKFLOW\BOV Master Sheet - Briggs.xlsx",Rent Schedule,F9,"=IFERROR(IF(F8="""","""",F8*(1+'Assumptions & Flags'!C13)),"""")",
"C:\Users\scott\OneDrive - NorthMarq Capital, LLC\Team Briggs - Documents\_WORKFLOW\BOV Master Sheet - Briggs.xlsx",Rent Schedule,G9,"=IFERROR(IF(F9="""","""",F9/12),"""")",
"C:\Users\scott\OneDrive - NorthMarq Capital, LLC\Team Briggs - Documents\_WORKFLOW\BOV Master Sheet - Briggs.xlsx",Rent Schedule,H9,"=IFERROR(IF(OR(F9="""",'Assumptions & Flags'!C7=""""),"""",F9/'Assumptions & Flags'!C7),"""")",
"C:\Users\scott\OneDrive - NorthMarq Capital, LLC\Team Briggs - Documents\_WORKFLOW\BOV Master Sheet - Briggs.xlsx",Rent Schedule,I9,"=IFERROR(IF(OR(F9="""",F8=""""),"""",F9-F8),"""")",
"C:\Users\scott\OneDrive - NorthMarq Capital, LLC\Team Briggs - Documents\_WORKFLOW\BOV Master Sheet - Briggs.xlsx",Rent Schedule,J9,"=IFERROR(IF(OR(F9="""",F8=""""),"""",F9/F8-1),"""")",
"C:\Users\scott\OneDrive - NorthMarq Capital, LLC\Team Briggs - Documents\_WORKFLOW\BOV Master Sheet - Briggs.xlsx",Rent Schedule,K9,Contracted,
"C:\Users\scott\OneDrive - NorthMarq Capital, LLC\Team Briggs - Documents\_WORKFLOW\BOV Master Sheet - Briggs.xlsx",Rent Schedule,B10,5,Lease Expiration
"C:\Users\scott\OneDrive - NorthMarq Capital, LLC\Team Briggs - Documents\_WORKFLOW\BOV Master Sheet - Briggs.xlsx",Rent Schedule,E10,"=IFERROR(IF(E9="""","""",E9-1),"""")",
"C:\Users\scott\OneDrive - NorthMarq Capital, LLC\Team Briggs - Documents\_WORKFLOW\BOV Master Sheet - Briggs.xlsx",Rent Schedule,F10,"=IFERROR(IF(F9="""","""",F9*(1+'Assumptions & Flags'!C13)),"""")",
"C:\Users\scott\OneDrive - NorthMarq Capital, LLC\Team Briggs - Documents\_WORKFLOW\BOV Master Sheet - Briggs.xlsx",Rent Schedule,G10,"=IFERROR(IF(F10="""","""",F10/12),"""")",
"C:\Users\scott\OneDrive - NorthMarq Capital, LLC\Team Briggs - Documents\_WORKFLOW\BOV Master Sheet - Briggs.xlsx",Rent Schedule,H10,"=IFERROR(IF(OR(F10="""",'Assumptions & Flags'!C7=""""),"""",F10/'Assumptions & Flags'!C7),"""")",
"C:\Users\scott\OneDrive - NorthMarq Capital, LLC\Team Briggs - Documents\_WORKFLOW\BOV Master Sheet - Briggs.xlsx",Rent Schedule,I10,"=IFERROR(IF(OR(F10="""",F9=""""),"""",F10-F9),"""")",
"C:\Users\scott\OneDrive - NorthMarq Capital, LLC\Team Briggs - Documents\_WORKFLOW\BOV Master Sheet - Briggs.xlsx",Rent Schedule,J10,"=IFERROR(IF(OR(F10="""",F9=""""),"""",F10/F9-1),"""")",
"C:\Users\scott\OneDrive - NorthMarq Capital, LLC\Team Briggs - Documents\_WORKFLOW\BOV Master Sheet - Briggs.xlsx",Rent Schedule,K10,Contracted,
"C:\Users\scott\OneDrive - NorthMarq Capital, LLC\Team Briggs - Documents\_WORKFLOW\BOV Master Sheet - Briggs.xlsx",Rent Schedule,B11,6,Remaining Term
"C:\Users\scott\OneDrive - NorthMarq Capital, LLC\Team Briggs - Documents\_WORKFLOW\BOV Master Sheet - Briggs.xlsx",Rent Schedule,E11,"=IFERROR(IF(E10="""","""",E10-1),"""")",
"C:\Users\scott\OneDrive - NorthMarq Capital, LLC\Team Briggs - Documents\_WORKFLOW\BOV Master Sheet - Briggs.xlsx",Rent Schedule,F11,"=IFERROR(IF(F10="""","""",F10*(1+'Assumptions & Flags'!C13)),"""")",
"C:\Users\scott\OneDrive - NorthMarq Capital, LLC\Team Briggs - Documents\_WORKFLOW\BOV Master Sheet - Briggs.xlsx",Rent Schedule,G11,"=IFERROR(IF(F11="""","""",F11/12),"""")",
"C:\Users\scott\OneDrive - NorthMarq Capital, LLC\Team Briggs - Documents\_WORKFLOW\BOV Master Sheet - Briggs.xlsx",Rent Schedule,H11,"=IFERROR(IF(OR(F11="""",'Assumptions & Flags'!C7=""""),"""",F11/'Assumptions & Flags'!C7),"""")",
"C:\Users\scott\OneDrive - NorthMarq Capital, LLC\Team Briggs - Documents\_WORKFLOW\BOV Master Sheet - Briggs.xlsx",Rent Schedule,I11,"=IFERROR(IF(OR(F11="""",F10=""""),"""",F11-F10),"""")",
"C:\Users\scott\OneDrive - NorthMarq Capital, LLC\Team Briggs - Documents\_WORKFLOW\BOV Master Sheet - Briggs.xlsx",Rent Schedule,J11,"=IFERROR(IF(OR(F11="""",F10=""""),"""",F11/F10-1),"""")",
"C:\Users\scott\OneDrive - NorthMarq Capital, LLC\Team Briggs - Documents\_WORKFLOW\BOV Master Sheet - Briggs.xlsx",Rent Schedule,K11,Contracted,
"C:\Users\scott\OneDrive - NorthMarq Capital, LLC\Team Briggs - Documents\_WORKFLOW\BOV Master Sheet - Briggs.xlsx",Rent Schedule,B12,7,Building SF
"C:\Users\scott\OneDrive - NorthMarq Capital, LLC\Team Briggs - Documents\_WORKFLOW\BOV Master Sheet - Briggs.xlsx",Rent Schedule,E12,"=IFERROR(IF(E11="""","""",E11-1),"""")",
"C:\Users\scott\OneDrive - NorthMarq Capital, LLC\Team Briggs - Documents\_WORKFLOW\BOV Master Sheet - Briggs.xlsx",Rent Schedule,F12,"=IFERROR(IF(F11="""","""",F11*(1+'Assumptions & Flags'!C13)),"""")",
"C:\Users\scott\OneDrive - NorthMarq Capital, LLC\Team Briggs - Documents\_WORKFLOW\BOV Master Sheet - Briggs.xlsx",Rent Schedule,G12,"=IFERROR(IF(F12="""","""",F12/12),"""")",
"C:\Users\scott\OneDrive - NorthMarq Capital, LLC\Team Briggs - Documents\_WORKFLOW\BOV Master Sheet - Briggs.xlsx",Rent Schedule,H12,"=IFERROR(IF(OR(F12="""",'Assumptions & Flags'!C7=""""),"""",F12/'Assumptions & Flags'!C7),"""")",
"C:\Users\scott\OneDrive - NorthMarq Capital, LLC\Team Briggs - Documents\_WORKFLOW\BOV Master Sheet - Briggs.xlsx",Rent Schedule,I12,"=IFERROR(IF(OR(F12="""",F11=""""),"""",F12-F11),"""")",
"C:\Users\scott\OneDrive - NorthMarq Capital, LLC\Team Briggs - Documents\_WORKFLOW\BOV Master Sheet - Briggs.xlsx",Rent Schedule,J12,"=IFERROR(IF(OR(F12="""",F11=""""),"""",F12/F11-1),"""")",
"C:\Users\scott\OneDrive - NorthMarq Capital, LLC\Team Briggs - Documents\_WORKFLOW\BOV Master Sheet - Briggs.xlsx",Rent Schedule,K12,Contracted,
"C:\Users\scott\OneDrive - NorthMarq Capital, LLC\Team Briggs - Documents\_WORKFLOW\BOV Master Sheet - Briggs.xlsx",Rent Schedule,B13,8,
"C:\Users\scott\OneDrive - NorthMarq Capital, LLC\Team Briggs - Documents\_WORKFLOW\BOV Master Sheet - Briggs.xlsx",Rent Schedule,E13,"=IFERROR(IF(E12="""","""",E12-1),"""")",
"C:\Users\scott\OneDrive - NorthMarq Capital, LLC\Team Briggs - Documents\_WORKFLOW\BOV Master Sheet - Briggs.xlsx",Rent Schedule,F13,"=IFERROR(IF(F12="""","""",F12*(1+'Assumptions & Flags'!C13)),"""")",
"C:\Users\scott\OneDrive - NorthMarq Capital, LLC\Team Briggs - Documents\_WORKFLOW\BOV Master Sheet - Briggs.xlsx",Rent Schedule,G13,"=IFERROR(IF(F13="""","""",F13/12),"""")",
"C:\Users\scott\OneDrive - NorthMarq Capital, LLC\Team Briggs - Documents\_WORKFLOW\BOV Master Sheet - Briggs.xlsx",Rent Schedule,H13,"=IFERROR(IF(OR(F13="""",'Assumptions & Flags'!C7=""""),"""",F13/'Assumptions & Flags'!C7),"""")",
"C:\Users\scott\OneDrive - NorthMarq Capital, LLC\Team Briggs - Documents\_WORKFLOW\BOV Master Sheet - Briggs.xlsx",Rent Schedule,I13,"=IFERROR(IF(OR(F13="""",F12=""""),"""",F13-F12),"""")",
"C:\Users\scott\OneDrive - NorthMarq Capital, LLC\Team Briggs - Documents\_WORKFLOW\BOV Master Sheet - Briggs.xlsx",Rent Schedule,J13,"=IFERROR(IF(OR(F13="""",F12=""""),"""",F13/F12-1),"""")",
"C:\Users\scott\OneDrive - NorthMarq Capital, LLC\Team Briggs - Documents\_WORKFLOW\BOV Master Sheet - Briggs.xlsx",Rent Schedule,K13,Contracted,
"C:\Users\scott\OneDrive - NorthMarq Capital, LLC\Team Briggs - Documents\_WORKFLOW\BOV Master Sheet - Briggs.xlsx",Rent Schedule,B14,9,RENT SCHEDULE BY LEASE PERIOD
"C:\Users\scott\OneDrive - NorthMarq Capital, LLC\Team Briggs - Documents\_WORKFLOW\BOV Master Sheet - Briggs.xlsx",Rent Schedule,E14,"=IFERROR(IF(E13="""","""",E13-1),"""")",
"C:\Users\scott\OneDrive - NorthMarq Capital, LLC\Team Briggs - Documents\_WORKFLOW\BOV Master Sheet - Briggs.xlsx",Rent Schedule,F14,"=IFERROR(IF(F13="""","""",F13*(1+'Assumptions & Flags'!C13)),"""")",
"C:\Users\scott\OneDrive - NorthMarq Capital, LLC\Team Briggs - Documents\_WORKFLOW\BOV Master Sheet - Briggs.xlsx",Rent Schedule,G14,"=IFERROR(IF(F14="""","""",F14/12),"""")",
"C:\Users\scott\OneDrive - NorthMarq Capital, LLC\Team Briggs - Documents\_WORKFLOW\BOV Master Sheet - Briggs.xlsx",Rent Schedule,H14,"=IFERROR(IF(OR(F14="""",'Assumptions & Flags'!C7=""""),"""",F14/'Assumptions & Flags'!C7),"""")",
"C:\Users\scott\OneDrive - NorthMarq Capital, LLC\Team Briggs - Documents\_WORKFLOW\BOV Master Sheet - Briggs.xlsx",Rent Schedule,I14,"=IFERROR(IF(OR(F14="""",F13=""""),"""",F14-F13),"""")",
"C:\Users\scott\OneDrive - NorthMarq Capital, LLC\Team Briggs - Documents\_WORKFLOW\BOV Master Sheet - Briggs.xlsx",Rent Schedule,J14,"=IFERROR(IF(OR(F14="""",F13=""""),"""",F14/F13-1),"""")",
"C:\Users\scott\OneDrive - NorthMarq Capital, LLC\Team Briggs - Documents\_WORKFLOW\BOV Master Sheet - Briggs.xlsx",Rent Schedule,K14,Contracted,
"C:\Users\scott\OneDrive - NorthMarq Capital, LLC\Team Briggs - Documents\_WORKFLOW\BOV Master Sheet - Briggs.xlsx",Rent Schedule,B15,10,YR
"C:\Users\scott\OneDrive - NorthMarq Capital, LLC\Team Briggs - Documents\_WORKFLOW\BOV Master Sheet - Briggs.xlsx",Rent Schedule,C15,,START DATE
"C:\Users\scott\OneDrive - NorthMarq Capital, LLC\Team Briggs - Documents\_WORKFLOW\BOV Master Sheet - Briggs.xlsx",Rent Schedule,D15,,END DATE
"C:\Users\scott\OneDrive - NorthMarq Capital, LLC\Team Briggs - Documents\_WORKFLOW\BOV Master Sheet - Briggs.xlsx",Rent Schedule,E15,"=IFERROR(IF(E14="""","""",E14-1),"""")",LEASE PERIOD
"C:\Users\scott\OneDrive - NorthMarq Capital, LLC\Team Briggs - Documents\_WORKFLOW\BOV Master Sheet - Briggs.xlsx",Rent Schedule,F15,"=IFERROR(IF(F14="""","""",F14*(1+'Assumptions & Flags'!C13)),"""")",ANNUAL RENT
"C:\Users\scott\OneDrive - NorthMarq Capital, LLC\Team Briggs - Documents\_WORKFLOW\BOV Master Sheet - Briggs.xlsx",Rent Schedule,G15,"=IFERROR(IF(F15="""","""",F15/12),"""")",MONTHLY RENT
"C:\Users\scott\OneDrive - NorthMarq Capital, LLC\Team Briggs - Documents\_WORKFLOW\BOV Master Sheet - Briggs.xlsx",Rent Schedule,H15,"=IFERROR(IF(OR(F15="""",'Assumptions & Flags'!C7=""""),"""",F15/'Assumptions & Flags'!C7),"""")",RENT / SF
"C:\Users\scott\OneDrive - NorthMarq Capital, LLC\Team Briggs - Documents\_WORKFLOW\BOV Master Sheet - Briggs.xlsx",Rent Schedule,I15,"=IFERROR(IF(OR(F15="""",F14=""""),"""",F15-F14),"""")",ESCALATION
"C:\Users\scott\OneDrive - NorthMarq Capital, LLC\Team Briggs - Documents\_WORKFLOW\BOV Master Sheet - Briggs.xlsx",Rent Schedule,J15,"=IFERROR(IF(OR(F15="""",F14=""""),"""",F15/F14-1),"""")",NOTES
"C:\Users\scott\OneDrive - NorthMarq Capital, LLC\Team Briggs - Documents\_WORKFLOW\BOV Master Sheet - Briggs.xlsx",Rent Schedule,K15,Contracted,
"C:\Users\scott\OneDrive - NorthMarq Capital, LLC\Team Briggs - Documents\_WORKFLOW\BOV Master Sheet - Briggs.xlsx",Rent Schedule,B16,11,1
"C:\Users\scott\OneDrive - NorthMarq Capital, LLC\Team Briggs - Documents\_WORKFLOW\BOV Master Sheet - Briggs.xlsx",Rent Schedule,E16,"=IFERROR(IF(E15="""","""",E15-1),"""")",
"C:\Users\scott\OneDrive - NorthMarq Capital, LLC\Team Briggs - Documents\_WORKFLOW\BOV Master Sheet - Briggs.xlsx",Rent Schedule,F16,"=IFERROR(IF(F15="""","""",F15*(1+'Assumptions & Flags'!C13)),"""")",
"C:\Users\scott\OneDrive - NorthMarq Capital, LLC\Team Briggs - Documents\_WORKFLOW\BOV Master Sheet - Briggs.xlsx",Rent Schedule,H16,"=IFERROR(IF(OR(F16="""",'Assumptions & Flags'!C7=""""),"""",F16/'Assumptions & Flags'!C7),"""")","=IFERROR(IF(OR(F16="""",E12="""",E12=0),"""",F16/E12),"""")"
"C:\Users\scott\OneDrive - NorthMarq Capital, LLC\Team Briggs - Documents\_WORKFLOW\BOV Master Sheet - Briggs.xlsx",Rent Schedule,I16,"=IFERROR(IF(OR(F16="""",F15=""""),"""",F16-F15),"""")",
"C:\Users\scott\OneDrive - NorthMarq Capital, LLC\Team Briggs - Documents\_WORKFLOW\BOV Master Sheet - Briggs.xlsx",Rent Schedule,J16,"=IFERROR(IF(OR(F16="""",F15=""""),"""",F16/F15-1),"""")",
"C:\Users\scott\OneDrive - NorthMarq Capital, LLC\Team Briggs - Documents\_WORKFLOW\BOV Master Sheet - Briggs.xlsx",Rent Schedule,K16,Projection,
"C:\Users\scott\OneDrive - NorthMarq Capital, LLC\Team Briggs - Documents\_WORKFLOW\BOV Master Sheet - Briggs.xlsx",Rent Schedule,B17,12,2
"C:\Users\scott\OneDrive - NorthMarq Capital, LLC\Team Briggs - Documents\_WORKFLOW\BOV Master Sheet - Briggs.xlsx",Rent Schedule,E17,"=IFERROR(IF(E16="""","""",E16-1),"""")",
"C:\Users\scott\OneDrive - NorthMarq Capital, LLC\Team Briggs - Documents\_WORKFLOW\BOV Master Sheet - Briggs.xlsx",Rent Schedule,F17,"=IFERROR(IF(F16="""","""",F16*(1+'Assumptions & Flags'!C13)),"""")",
"C:\Users\scott\OneDrive - NorthMarq Capital, LLC\Team Briggs - Documents\_WORKFLOW\BOV Master Sheet - Briggs.xlsx",Rent Schedule,H17,"=IFERROR(IF(OR(F17="""",'Assumptions & Flags'!C7=""""),"""",F17/'Assumptions & Flags'!C7),"""")","=IFERROR(IF(OR(F17="""",E12="""",E12=0),"""",F17/E12),"""")"
"C:\Users\scott\OneDrive - NorthMarq Capital, LLC\Team Briggs - Documents\_WORKFLOW\BOV Master Sheet - Briggs.xlsx",Rent Schedule,I17,"=IFERROR(IF(OR(F17="""",F16=""""),"""",F17-F16),"""")",
"C:\Users\scott\OneDrive - NorthMarq Capital, LLC\Team Briggs - Documents\_WORKFLOW\BOV Master Sheet - Briggs.xlsx",Rent Schedule,J17,"=IFERROR(IF(OR(F17="""",F16=""""),"""",F17/F16-1),"""")",
"C:\Users\scott\OneDrive - NorthMarq Capital, LLC\Team Briggs - Documents\_WORKFLOW\BOV Master Sheet - Briggs.xlsx",Rent Schedule,K17,Projection,
"C:\Users\scott\OneDrive - NorthMarq Capital, LLC\Team Briggs - Documents\_WORKFLOW\BOV Master Sheet - Briggs.xlsx",Rent Schedule,B18,13,3
"C:\Users\scott\OneDrive - NorthMarq Capital, LLC\Team Briggs - Documents\_WORKFLOW\BOV Master Sheet - Briggs.xlsx",Rent Schedule,E18,"=IFERROR(IF(E17="""","""",E17-1),"""")",
"C:\Users\scott\OneDrive - NorthMarq Capital, LLC\Team Briggs - Documents\_WORKFLOW\BOV Master Sheet - Briggs.xlsx",Rent Schedule,F18,"=IFERROR(IF(F17="""","""",F17*(1+'Assumptions & Flags'!C13)),"""")",
"C:\Users\scott\OneDrive - NorthMarq Capital, LLC\Team Briggs - Documents\_WORKFLOW\BOV Master Sheet - Briggs.xlsx",Rent Schedule,H18,"=IFERROR(IF(OR(F18="""",'Assumptions & Flags'!C7=""""),"""",F18/'Assumptions & Flags'!C7),"""")","=IFERROR(IF(OR(F18="""",E12="""",E12=0),"""",F18/E12),"""")"
"C:\Users\scott\OneDrive - NorthMarq Capital, LLC\Team Briggs - Documents\_WORKFLOW\BOV Master Sheet - Briggs.xlsx",Rent Schedule,I18,"=IFERROR(IF(OR(F18="""",F17=""""),"""",F18-F17),"""")",
"C:\Users\scott\OneDrive - NorthMarq Capital, LLC\Team Briggs - Documents\_WORKFLOW\BOV Master Sheet - Briggs.xlsx",Rent Schedule,J18,"=IFERROR(IF(OR(F18="""",F17=""""),"""",F18/F17-1),"""")",
"C:\Users\scott\OneDrive - NorthMarq Capital, LLC\Team Briggs - Documents\_WORKFLOW\BOV Master Sheet - Briggs.xlsx",Rent Schedule,K18,Projection,
"C:\Users\scott\OneDrive - NorthMarq Capital, LLC\Team Briggs - Documents\_WORKFLOW\BOV Master Sheet - Briggs.xlsx",Rent Schedule,B19,14,4
"C:\Users\scott\OneDrive - NorthMarq Capital, LLC\Team Briggs - Documents\_WORKFLOW\BOV Master Sheet - Briggs.xlsx",Rent Schedule,E19,"=IFERROR(IF(E18="""","""",E18-1),"""")",
"C:\Users\scott\OneDrive - NorthMarq Capital, LLC\Team Briggs - Documents\_WORKFLOW\BOV Master Sheet - Briggs.xlsx",Rent Schedule,F19,"=IFERROR(IF(F18="""","""",F18*(1+'Assumptions & Flags'!C13)),"""")",
"C:\Users\scott\OneDrive - NorthMarq Capital, LLC\Team Briggs - Documents\_WORKFLOW\BOV Master Sheet - Briggs.xlsx",Rent Schedule,H19,"=IFERROR(IF(OR(F19="""",'Assumptions & Flags'!C7=""""),"""",F19/'Assumptions & Flags'!C7),"""")","=IFERROR(IF(OR(F19="""",E12="""",E12=0),"""",F19/E12),"""")"
"C:\Users\scott\OneDrive - NorthMarq Capital, LLC\Team Briggs - Documents\_WORKFLOW\BOV Master Sheet - Briggs.xlsx",Rent Schedule,I19,"=IFERROR(IF(OR(F19="""",F18=""""),"""",F19-F18),"""")",
"C:\Users\scott\OneDrive - NorthMarq Capital, LLC\Team Briggs - Documents\_WORKFLOW\BOV Master Sheet - Briggs.xlsx",Rent Schedule,J19,"=IFERROR(IF(OR(F19="""",F18=""""),"""",F19/F18-1),"""")",
"C:\Users\scott\OneDrive - NorthMarq Capital, LLC\Team Briggs - Documents\_WORKFLOW\BOV Master Sheet - Briggs.xlsx",Rent Schedule,K19,Projection,
"C:\Users\scott\OneDrive - NorthMarq Capital, LLC\Team Briggs - Documents\_WORKFLOW\BOV Master Sheet - Briggs.xlsx",Rent Schedule,B20,15,5
"C:\Users\scott\OneDrive - NorthMarq Capital, LLC\Team Briggs - Documents\_WORKFLOW\BOV Master Sheet - Briggs.xlsx",Rent Schedule,E20,"=IFERROR(IF(E19="""","""",E19-1),"""")",
"C:\Users\scott\OneDrive - NorthMarq Capital, LLC\Team Briggs - Documents\_WORKFLOW\BOV Master Sheet - Briggs.xlsx",Rent Schedule,F20,"=IFERROR(IF(F19="""","""",F19*(1+'Assumptions & Flags'!C13)),"""")",
"C:\Users\scott\OneDrive - NorthMarq Capital, LLC\Team Briggs - Documents\_WORKFLOW\BOV Master Sheet - Briggs.xlsx",Rent Schedule,H20,"=IFERROR(IF(OR(F20="""",'Assumptions & Flags'!C7=""""),"""",F20/'Assumptions & Flags'!C7),"""")","=IFERROR(IF(OR(F20="""",E12="""",E12=0),"""",F20/E12),"""")"
"C:\Users\scott\OneDrive - NorthMarq Capital, LLC\Team Briggs - Documents\_WORKFLOW\BOV Master Sheet - Briggs.xlsx",Rent Schedule,I20,"=IFERROR(IF(OR(F20="""",F19=""""),"""",F20-F19),"""")",
"C:\Users\scott\OneDrive - NorthMarq Capital, LLC\Team Briggs - Documents\_WORKFLOW\BOV Master Sheet - Briggs.xlsx",Rent Schedule,J20,"=IFERROR(IF(OR(F20="""",F19=""""),"""",F20/F19-1),"""")",
"C:\Users\scott\OneDrive - NorthMarq Capital, LLC\Team Briggs - Documents\_WORKFLOW\BOV Master Sheet - Briggs.xlsx",Rent Schedule,K20,Projection,
"C:\Users\scott\OneDrive - NorthMarq Capital, LLC\Team Briggs - Documents\_WORKFLOW\BOV Master Sheet - Briggs.xlsx",Rent Schedule,B21,,6
"C:\Users\scott\OneDrive - NorthMarq Capital, LLC\Team Briggs - Documents\_WORKFLOW\BOV Master Sheet - Briggs.xlsx",Rent Schedule,G21,,"=IFERROR(IF(F21="""","""",F21/12),"""")"
"C:\Users\scott\OneDrive - NorthMarq Capital, LLC\Team Briggs - Documents\_WORKFLOW\BOV Master Sheet - Briggs.xlsx",Rent Schedule,H21,,"=IFERROR(IF(OR(F21="""",E12="""",E12=0),"""",F21/E12),"""")"
"C:\Users\scott\OneDrive - NorthMarq Capital, LLC\Team Briggs - Documents\_WORKFLOW\BOV Master Sheet - Briggs.xlsx",Rent Schedule,A22,Fill colors: NM Blue 12 (#E0E8F4) = Contracted lease period  |  Tourmaline (#B6E0DA) = Renewal/option/projection  |  Remaining Term uses TODAY() function.,
"C:\Users\scott\OneDrive - NorthMarq Capital, LLC\Team Briggs - Documents\_WORKFLOW\BOV Master Sheet - Briggs.xlsx",Rent Schedule,B22,,7
"C:\Users\scott\OneDrive - NorthMarq Capital, LLC\Team Briggs - Documents\_WORKFLOW\BOV Master Sheet - Briggs.xlsx",Rent Schedule,G22,,"=IFERROR(IF(F22="""","""",F22/12),"""")"
"C:\Users\scott\OneDrive - NorthMarq Capital, LLC\Team Briggs - Documents\_WORKFLOW\BOV Master Sheet - Briggs.xlsx",Rent Schedule,H22,,"=IFERROR(IF(OR(F22="""",E12="""",E12=0),"""",F22/E12),"""")"
"C:\Users\scott\OneDrive - NorthMarq Capital, LLC\Team Briggs - Documents\_WORKFLOW\BOV Master Sheet - Briggs.xlsx",Rent Schedule,B23,,8
"C:\Users\scott\OneDrive - NorthMarq Capital, LLC\Team Briggs - Documents\_WORKFLOW\BOV Master Sheet - Briggs.xlsx",Rent Schedule,G23,,"=IFERROR(IF(F23="""","""",F23/12),"""")"
"C:\Users\scott\OneDrive - NorthMarq Capital, LLC\Team Briggs - Documents\_WORKFLOW\BOV Master Sheet - Briggs.xlsx",Rent Schedule,H23,,"=IFERROR(IF(OR(F23="""",E12="""",E12=0),"""",F23/E12),"""")"
"C:\Users\scott\OneDrive - NorthMarq Capital, LLC\Team Briggs - Documents\_WORKFLOW\BOV Master Sheet - Briggs.xlsx",Rent Schedule,B24,,9
"C:\Users\scott\OneDrive - NorthMarq Capital, LLC\Team Briggs - Documents\_WORKFLOW\BOV Master Sheet - Briggs.xlsx",Rent Schedule,G24,,"=IFERROR(IF(F24="""","""",F24/12),"""")"
"C:\Users\scott\OneDrive - NorthMarq Capital, LLC\Team Briggs - Documents\_WORKFLOW\BOV Master Sheet - Briggs.xlsx",Rent Schedule,H24,,"=IFERROR(IF(OR(F24="""",E12="""",E12=0),"""",F24/E12),"""")"
"C:\Users\scott\OneDrive - NorthMarq Capital, LLC\Team Briggs - Documents\_WORKFLOW\BOV Master Sheet - Briggs.xlsx",Rent Schedule,B25,,10
"C:\Users\scott\OneDrive - NorthMarq Capital, LLC\Team Briggs - Documents\_WORKFLOW\BOV Master Sheet - Briggs.xlsx",Rent Schedule,G25,,"=IFERROR(IF(F25="""","""",F25/12),"""")"
"C:\Users\scott\OneDrive - NorthMarq Capital, LLC\Team Briggs - Documents\_WORKFLOW\BOV Master Sheet - Briggs.xlsx",Rent Schedule,H25,,"=IFERROR(IF(OR(F25="""",E12="""",E12=0),"""",F25/E12),"""")"
"C:\Users\scott\OneDrive - NorthMarq Capital, LLC\Team Briggs - Documents\_WORKFLOW\BOV Master Sheet - Briggs.xlsx",Rent Schedule,B26,,11
"C:\Users\scott\OneDrive - NorthMarq Capital, LLC\Team Briggs - Documents\_WORKFLOW\BOV Master Sheet - Briggs.xlsx",Rent Schedule,G26,,"=IFERROR(IF(F26="""","""",F26/12),"""")"
"C:\Users\scott\OneDrive - NorthMarq Capital, LLC\Team Briggs - Documents\_WORKFLOW\BOV Master Sheet - Briggs.xlsx",Rent Schedule,H26,,"=IFERROR(IF(OR(F26="""",E12="""",E12=0),"""",F26/E12),"""")"
"C:\Users\scott\OneDrive - NorthMarq Capital, LLC\Team Briggs - Documents\_WORKFLOW\BOV Master Sheet - Briggs.xlsx",Rent Schedule,B27,,12
"C:\Users\scott\OneDrive - NorthMarq Capital, LLC\Team Briggs - Documents\_WORKFLOW\BOV Master Sheet - Briggs.xlsx",Rent Schedule,G27,,"=IFERROR(IF(F27="""","""",F27/12),"""")"
"C:\Users\scott\OneDrive - NorthMarq Capital, LLC\Team Briggs - Documents\_WORKFLOW\BOV Master Sheet - Briggs.xlsx",Rent Schedule,H27,,"=IFERROR(IF(OR(F27="""",E12="""",E12=0),"""",F27/E12),"""")"
"C:\Users\scott\OneDrive - NorthMarq Capital, LLC\Team Briggs - Documents\_WORKFLOW\BOV Master Sheet - Briggs.xlsx",Rent Schedule,B28,,13
"C:\Users\scott\OneDrive - NorthMarq Capital, LLC\Team Briggs - Documents\_WORKFLOW\BOV Master Sheet - Briggs.xlsx",Rent Schedule,G28,,"=IFERROR(IF(F28="""","""",F28/12),"""")"
"C:\Users\scott\OneDrive - NorthMarq Capital, LLC\Team Briggs - Documents\_WORKFLOW\BOV Master Sheet - Briggs.xlsx",Rent Schedule,H28,,"=IFERROR(IF(OR(F28="""",E12="""",E12=0),"""",F28/E12),"""")"
"C:\Users\scott\OneDrive - NorthMarq Capital, LLC\Team Briggs - Documents\_WORKFLOW\BOV Master Sheet - Briggs.xlsx",Rent Schedule,B29,,14
"C:\Users\scott\OneDrive - NorthMarq Capital, LLC\Team Briggs - Documents\_WORKFLOW\BOV Master Sheet - Briggs.xlsx",Rent Schedule,G29,,"=IFERROR(IF(F29="""","""",F29/12),"""")"
"C:\Users\scott\OneDrive - NorthMarq Capital, LLC\Team Briggs - Documents\_WORKFLOW\BOV Master Sheet - Briggs.xlsx",Rent Schedule,H29,,"=IFERROR(IF(OR(F29="""",E12="""",E12=0),"""",F29/E12),"""")"
"C:\Users\scott\OneDrive - NorthMarq Capital, LLC\Team Briggs - Documents\_WORKFLOW\BOV Master Sheet - Briggs.xlsx",Rent Schedule,B30,,15
"C:\Users\scott\OneDrive - NorthMarq Capital, LLC\Team Briggs - Documents\_WORKFLOW\BOV Master Sheet - Briggs.xlsx",Rent Schedule,G30,,"=IFERROR(IF(F30="""","""",F30/12),"""")"
"C:\Users\scott\OneDrive - NorthMarq Capital, LLC\Team Briggs - Documents\_WORKFLOW\BOV Master Sheet - Briggs.xlsx",Rent Schedule,H30,,"=IFERROR(IF(OR(F30="""",E12="""",E12=0),"""",F30/E12),"""")"
"C:\Users\scott\OneDrive - NorthMarq Capital, LLC\Team Briggs - Documents\_WORKFLOW\BOV Master Sheet - Briggs.xlsx",Rent Schedule,B31,,16
"C:\Users\scott\OneDrive - NorthMarq Capital, LLC\Team Briggs - Documents\_WORKFLOW\BOV Master Sheet - Briggs.xlsx",Rent Schedule,G31,,"=IFERROR(IF(F31="""","""",F31/12),"""")"
"C:\Users\scott\OneDrive - NorthMarq Capital, LLC\Team Briggs - Documents\_WORKFLOW\BOV Master Sheet - Briggs.xlsx",Rent Schedule,H31,,"=IFERROR(IF(OR(F31="""",E12="""",E12=0),"""",F31/E12),"""")"
"C:\Users\scott\OneDrive - NorthMarq Capital, LLC\Team Briggs - Documents\_WORKFLOW\BOV Master Sheet - Briggs.xlsx",Rent Schedule,B32,,17
"C:\Users\scott\OneDrive - NorthMarq Capital, LLC\Team Briggs - Documents\_WORKFLOW\BOV Master Sheet - Briggs.xlsx",Rent Schedule,G32,,"=IFERROR(IF(F32="""","""",F32/12),"""")"
"C:\Users\scott\OneDrive - NorthMarq Capital, LLC\Team Briggs - Documents\_WORKFLOW\BOV Master Sheet - Briggs.xlsx",Rent Schedule,H32,,"=IFERROR(IF(OR(F32="""",E12="""",E12=0),"""",F32/E12),"""")"
"C:\Users\scott\OneDrive - NorthMarq Capital, LLC\Team Briggs - Documents\_WORKFLOW\BOV Master Sheet - Briggs.xlsx",Rent Schedule,B33,,18
"C:\Users\scott\OneDrive - NorthMarq Capital, LLC\Team Briggs - Documents\_WORKFLOW\BOV Master Sheet - Briggs.xlsx",Rent Schedule,G33,,"=IFERROR(IF(F33="""","""",F33/12),"""")"
"C:\Users\scott\OneDrive - NorthMarq Capital, LLC\Team Briggs - Documents\_WORKFLOW\BOV Master Sheet - Briggs.xlsx",Rent Schedule,H33,,"=IFERROR(IF(OR(F33="""",E12="""",E12=0),"""",F33/E12),"""")"
"C:\Users\scott\OneDrive - NorthMarq Capital, LLC\Team Briggs - Documents\_WORKFLOW\BOV Master Sheet - Briggs.xlsx",Rent Schedule,B34,,19
"C:\Users\scott\OneDrive - NorthMarq Capital, LLC\Team Briggs - Documents\_WORKFLOW\BOV Master Sheet - Briggs.xlsx",Rent Schedule,G34,,"=IFERROR(IF(F34="""","""",F34/12),"""")"
"C:\Users\scott\OneDrive - NorthMarq Capital, LLC\Team Briggs - Documents\_WORKFLOW\BOV Master Sheet - Briggs.xlsx",Rent Schedule,H34,,"=IFERROR(IF(OR(F34="""",E12="""",E12=0),"""",F34/E12),"""")"
"C:\Users\scott\OneDrive - NorthMarq Capital, LLC\Team Briggs - Documents\_WORKFLOW\BOV Master Sheet - Briggs.xlsx",Rent Schedule,B35,,20
"C:\Users\scott\OneDrive - NorthMarq Capital, LLC\Team Briggs - Documents\_WORKFLOW\BOV Master Sheet - Briggs.xlsx",Rent Schedule,G35,,"=IFERROR(IF(F35="""","""",F35/12),"""")"
"C:\Users\scott\OneDrive - NorthMarq Capital, LLC\Team Briggs - Documents\_WORKFLOW\BOV Master Sheet - Briggs.xlsx",Rent Schedule,H35,,"=IFERROR(IF(OR(F35="""",E12="""",E12=0),"""",F35/E12),"""")"
"C:\Users\scott\OneDrive - NorthMarq Capital, LLC\Team Briggs - Documents\_WORKFLOW\BOV Master Sheet - Briggs.xlsx",Rent Schedule,B36,,21
"C:\Users\scott\OneDrive - NorthMarq Capital, LLC\Team Briggs - Documents\_WORKFLOW\BOV Master Sheet - Briggs.xlsx",Rent Schedule,G36,,"=IFERROR(IF(F36="""","""",F36/12),"""")"
"C:\Users\scott\OneDrive - NorthMarq Capital, LLC\Team Briggs - Documents\_WORKFLOW\BOV Master Sheet - Briggs.xlsx",Rent Schedule,H36,,"=IFERROR(IF(OR(F36="""",E12="""",E12=0),"""",F36/E12),"""")"
"C:\Users\scott\OneDrive - NorthMarq Capital, LLC\Team Briggs - Documents\_WORKFLOW\BOV Master Sheet - Briggs.xlsx",Rent Schedule,B37,,22
"C:\Users\scott\OneDrive - NorthMarq Capital, LLC\Team Briggs - Documents\_WORKFLOW\BOV Master Sheet - Briggs.xlsx",Rent Schedule,G37,,"=IFERROR(IF(F37="""","""",F37/12),"""")"
"C:\Users\scott\OneDrive - NorthMarq Capital, LLC\Team Briggs - Documents\_WORKFLOW\BOV Master Sheet - Briggs.xlsx",Rent Schedule,H37,,"=IFERROR(IF(OR(F37="""",E12="""",E12=0),"""",F37/E12),"""")"
"C:\Users\scott\OneDrive - NorthMarq Capital, LLC\Team Briggs - Documents\_WORKFLOW\BOV Master Sheet - Briggs.xlsx",Rent Schedule,B38,,23
"C:\Users\scott\OneDrive - NorthMarq Capital, LLC\Team Briggs - Documents\_WORKFLOW\BOV Master Sheet - Briggs.xlsx",Rent Schedule,G38,,"=IFERROR(IF(F38="""","""",F38/12),"""")"
"C:\Users\scott\OneDrive - NorthMarq Capital, LLC\Team Briggs - Documents\_WORKFLOW\BOV Master Sheet - Briggs.xlsx",Rent Schedule,H38,,"=IFERROR(IF(OR(F38="""",E12="""",E12=0),"""",F38/E12),"""")"
"C:\Users\scott\OneDrive - NorthMarq Capital, LLC\Team Briggs - Documents\_WORKFLOW\BOV Master Sheet - Briggs.xlsx",Rent Schedule,B39,,24
"C:\Users\scott\OneDrive - NorthMarq Capital, LLC\Team Briggs - Documents\_WORKFLOW\BOV Master Sheet - Briggs.xlsx",Rent Schedule,G39,,"=IFERROR(IF(F39="""","""",F39/12),"""")"
"C:\Users\scott\OneDrive - NorthMarq Capital, LLC\Team Briggs - Documents\_WORKFLOW\BOV Master Sheet - Briggs.xlsx",Rent Schedule,H39,,"=IFERROR(IF(OR(F39="""",E12="""",E12=0),"""",F39/E12),"""")"
"C:\Users\scott\OneDrive - NorthMarq Capital, LLC\Team Briggs - Documents\_WORKFLOW\BOV Master Sheet - Briggs.xlsx",Rent Schedule,B40,,25
"C:\Users\scott\OneDrive - NorthMarq Capital, LLC\Team Briggs - Documents\_WORKFLOW\BOV Master Sheet - Briggs.xlsx",Rent Schedule,G40,,"=IFERROR(IF(F40="""","""",F40/12),"""")"
"C:\Users\scott\OneDrive - NorthMarq Capital, LLC\Team Briggs - Documents\_WORKFLOW\BOV Master Sheet - Briggs.xlsx",Rent Schedule,H40,,"=IFERROR(IF(OR(F40="""",E12="""",E12=0),"""",F40/E12),"""")"
"C:\Users\scott\OneDrive - NorthMarq Capital, LLC\Team Briggs - Documents\_WORKFLOW\BOV Master Sheet - Briggs.xlsx",Rent Schedule,B41,,26
"C:\Users\scott\OneDrive - NorthMarq Capital, LLC\Team Briggs - Documents\_WORKFLOW\BOV Master Sheet - Briggs.xlsx",Rent Schedule,G41,,"=IFERROR(IF(F41="""","""",F41/12),"""")"
"C:\Users\scott\OneDrive - NorthMarq Capital, LLC\Team Briggs - Documents\_WORKFLOW\BOV Master Sheet - Briggs.xlsx",Rent Schedule,H41,,"=IFERROR(IF(OR(F41="""",E12="""",E12=0),"""",F41/E12),"""")"
"C:\Users\scott\OneDrive - NorthMarq Capital, LLC\Team Briggs - Documents\_WORKFLOW\BOV Master Sheet - Briggs.xlsx",Rent Schedule,B42,,27
"C:\Users\scott\OneDrive - NorthMarq Capital, LLC\Team Briggs - Documents\_WORKFLOW\BOV Master Sheet - Briggs.xlsx",Rent Schedule,G42,,"=IFERROR(IF(F42="""","""",F42/12),"""")"
"C:\Users\scott\OneDrive - NorthMarq Capital, LLC\Team Briggs - Documents\_WORKFLOW\BOV Master Sheet - Briggs.xlsx",Rent Schedule,H42,,"=IFERROR(IF(OR(F42="""",E12="""",E12=0),"""",F42/E12),"""")"
"C:\Users\scott\OneDrive - NorthMarq Capital, LLC\Team Briggs - Documents\_WORKFLOW\BOV Master Sheet - Briggs.xlsx",Rent Schedule,B43,,28
"C:\Users\scott\OneDrive - NorthMarq Capital, LLC\Team Briggs - Documents\_WORKFLOW\BOV Master Sheet - Briggs.xlsx",Rent Schedule,G43,,"=IFERROR(IF(F43="""","""",F43/12),"""")"
"C:\Users\scott\OneDrive - NorthMarq Capital, LLC\Team Briggs - Documents\_WORKFLOW\BOV Master Sheet - Briggs.xlsx",Rent Schedule,H43,,"=IFERROR(IF(OR(F43="""",E12="""",E12=0),"""",F43/E12),"""")"
"C:\Users\scott\OneDrive - NorthMarq Capital, LLC\Team Briggs - Documents\_WORKFLOW\BOV Master Sheet - Briggs.xlsx",Rent Schedule,B44,,29
"C:\Users\scott\OneDrive - NorthMarq Capital, LLC\Team Briggs - Documents\_WORKFLOW\BOV Master Sheet - Briggs.xlsx",Rent Schedule,G44,,"=IFERROR(IF(F44="""","""",F44/12),"""")"
"C:\Users\scott\OneDrive - NorthMarq Capital, LLC\Team Briggs - Documents\_WORKFLOW\BOV Master Sheet - Briggs.xlsx",Rent Schedule,H44,,"=IFERROR(IF(OR(F44="""",E12="""",E12=0),"""",F44/E12),"""")"
"C:\Users\scott\OneDrive - NorthMarq Capital, LLC\Team Briggs - Documents\_WORKFLOW\BOV Master Sheet - Briggs.xlsx",Rent Schedule,B45,,30
"C:\Users\scott\OneDrive - NorthMarq Capital, LLC\Team Briggs - Documents\_WORKFLOW\BOV Master Sheet - Briggs.xlsx",Rent Schedule,G45,,"=IFERROR(IF(F45="""","""",F45/12),"""")"
"C:\Users\scott\OneDrive - NorthMarq Capital, LLC\Team Briggs - Documents\_WORKFLOW\BOV Master Sheet - Briggs.xlsx",Rent Schedule,H45,,"=IFERROR(IF(OR(F45="""",E12="""",E12=0),"""",F45/E12),"""")"
"C:\Users\scott\OneDrive - NorthMarq Capital, LLC\Team Briggs - Documents\_WORKFLOW\BOV Master Sheet - Briggs.xlsx",Rent Schedule,B47,,TOTALS / AVERAGES
"C:\Users\scott\OneDrive - NorthMarq Capital, LLC\Team Briggs - Documents\_WORKFLOW\BOV Master Sheet - Briggs.xlsx",Rent Schedule,F47,,"=IFERROR(SUMIF(F16:F45,""<>"",F16:F45),"""")"
"C:\Users\scott\OneDrive - NorthMarq Capital, LLC\Team Briggs - Documents\_WORKFLOW\BOV Master Sheet - Briggs.xlsx",Rent Schedule,B49,,"▪  LEASE PERIOD column:  Initial Term · Extension Term · Option 1, Option 2, etc."
"C:\Users\scott\OneDrive - NorthMarq Capital, LLC\Team Briggs - Documents\_WORKFLOW\BOV Master Sheet - Briggs.xlsx",Rent Schedule,B50,,"▪  For rent tied to FMV, CPI, or other variable methods, leave Annual Rent blank and describe in Notes column."
"C:\Users\scott\OneDrive - NorthMarq Capital, LLC\Team Briggs - Documents\_WORKFLOW\BOV Master Sheet - Briggs.xlsx",Rent Schedule,B51,,▪  Current lease year row auto-highlights in blue based on today's date (Start Date ≤ Today ≤ End Date).
"C:\Users\scott\OneDrive - NorthMarq Capital, LLC\Team Briggs - Documents\_WORKFLOW\BOV Master Sheet - Briggs.xlsx",Rent Schedule,B52,,▪  Building SF (row 12) is used for Rent/SF calculations — update when SF is confirmed.
"C:\Users\scott\OneDrive - NorthMarq Capital, LLC\Team Briggs - Documents\_WORKFLOW\BOV Master Sheet - Briggs.xlsx",Sensitivity Analysis,*,<missing sheet>,<added sheet>
